"model","prompt","prompt_id","runtime","output"
"gemini-3-pro","
Write all of the attributes of the object ""desk"" that you can think of. Write the attributes or characteristics you think are characteristic of the object ""desk"".
","0","23.49806809425354","Here is a comprehensive list of attributes and characteristics associated with a **desk**, categorized by their nature (physical, functional, material, and contextual).

### 1. Structural & Physical Attributes (The Anatomy)
These are the physical parts that make up the object.
*   **Flat Surface / Desktop:** A broad, horizontal, level plane used for working.
*   **Elevation:** Raised off the ground (usually 28–30 inches for sitting desks) to allow a chair to fit underneath.
*   **Legs/Supports:** Typically has four legs, a pedestal base, trestles, or cantilevered brackets to hold up the surface.
*   **Kneehole / Leg Clearance:** An empty space beneath the center of the desk specifically designed to accommodate a human’s legs while sitting.
*   **Storage / Organization:** Often contains drawers (file drawers, pencil drawers), shelves, or cubbies.
*   **Modesty Panel:** A board at the front of the desk (opposite the sitter) to shield the user's legs from view.
*   **Back/Front Orientation:** Unlike a dining table, a desk usually has a distinct ""front"" (where the user sits) and ""back"" (facing the room or wall).
*   **Cable Management:** Grommets (holes), trays, or pass-throughs for computer cords and wires.
*   **Keyboard Tray:** A pull-out sub-surface for typing (common in computer desks).
*   **Hutch:** An optional shelving unit that sits on top of the desk surface for vertical storage.

### 2. Functional Attributes (The Purpose)
These describe what the desk does or is used for.
*   **Workstation:** Serves as the primary location for professional or academic tasks.
*   **Weight Bearing:** Designed to support heavy items like monitors, computers, books, and printers.
*   **Writing Surface:** Provides a hard, smooth backing for handwriting.
*   **Organization:** acts as a hub for sorting documents, stationery, and office supplies.
*   **Ergonomic Support:** Designed to facilitate comfortable posture for long periods of sitting or standing.
*   **Personal Territory:** Often acts as a defined personal workspace within a larger shared environment (like an open office).

### 3. Material & Sensory Attributes (Look and Feel)
These describe the composition and tactile nature of the desk.
*   **Rigid/Hard:** The surface must be unyielding to support writing and equipment.
*   **Smooth:** The top texture is generally polished or finished to prevent snagging paper or scratching skin.
*   **Stable/Sturdy:** Must not wobble while typing or writing.
*   **Materials:** Common compositions include:
    *   **Wood:** Solid oak, mahogany, pine, or veneers.
    *   **Composite:** MDF, particle board, laminate.
    *   **Metal:** Steel or aluminum frames.
    *   **Glass:** Tempered glass tops.
*   **Temperature:** Often feels cool to the touch (especially glass or laminate) until warmed by body heat.

### 4. Categorical Types (Variations)
Attributes that define specific styles of desks.
*   **Adjustability:** (Standing desks) The ability to change height mechanically or electronically.
*   **Shape:** Rectangular, L-shaped (corner), U-shaped, or Kidney-shaped.
*   **Style:**
    *   *Executive:* Large, heavy, usually wood, double pedestal.
    *   *Minimalist/Writing:* Simple table-style, few drawers.
    *   *Secretary/Roll-top:* Features a cover to hide work when finished.
    *   *Cubicle:* Attached to partition walls.

### 5. Contextual Associations
Items or concepts almost always found with or on a desk.
*   **Accompaniment:** Almost always paired with a **chair**.
*   **Lighting:** Often associated with a desk lamp.
*   **Technology:** Computers, monitors, keyboards, mice.
*   **Stationery:** Pens, paper, staplers, paperclips.
*   **Environment:** Found in offices, studies, libraries, dorm rooms, and schools.

### Summary of Key ""Characteristic"" Traits
If you had to define a desk by its most **defining** characteristics, they are:
1.  **A flat working surface.**
2.  **Space for knees underneath.**
3.  **Specific utility for reading, writing, or computing.**
4.  **Ideally includes storage (drawers).**"
"gemini-3-pro","
Write all of the attributes of the object ""desk"" that you can think of. Write the attributes or characteristics you think are characteristic of the object ""desk"".
","0","22.435516357421875","Here is a comprehensive list of the attributes and characteristics associated with the object ""desk,"" categorized by their nature.

### 1. Physical Structure & Form
These are the tangible parts and shape of the object.
*   **Flat Surface (Desktop):** The primary horizontal plane used for working; it must be hard and smooth.
*   **Elevation:** Raised off the ground, typically to waist height when seated (approx. 28–30 inches) or chest height for standing desks.
*   **Leg Clearance (Knee Hole):** An open space underneath the center of the surface to accommodate the user's legs and a chair.
*   **Supports:** Legs (typically four), T-legs, trestles, or solid pedestal bases.
*   **Orientation:** Unlike a dining table, a desk usually has a defined ""front"" (where the user sits) and ""back"" (facing the room or wall).
*   **Sturdiness/Stability:** Designed to bear the weight of equipment (computers, books) without wobbling.
*   **Rigidity:** Hard structure; not pliable.

### 2. Functional Components (Storage & Utility)
Features often added to enhance the desk's utility.
*   **Drawers:** Sliding compartments for storing stationery, files, and personal items.
*   **Cabinetry:** Larger storage areas with doors, sometimes lockable.
*   **Keyboard Tray:** A sliding platform underneath the main surface for input devices.
*   **Cable Management:** Grommets (holes), channels, or clips to organize electrical cords.
*   **Hutch:** A shelving unit placed on top of the back of the desk for vertical storage.
*   **Modesty Panel:** A board covering the front of the desk (opposite the user) to shield the user’s legs from view in an open office.
*   **Adjustability:** Mechanisms (cranks, motors, pneumatic lifts) to change the height.

### 3. Material & Texture
What desks are typically composed of.
*   **Wood:** Solid timber (oak, mahogany), plywood, MDF, or particleboard.
*   **Metal:** Steel or aluminum frames/legs.
*   **Laminate/Veneer:** A synthetic or thin wood coating for durability and aesthetics.
*   **Glass:** Tempered glass tops for a modern look.
*   **Plastic:** Usually found in student or portable lap desks.
*   **Texture:** Generally smooth and hard (to facilitate writing), though some may have a leather writing inlay.

### 4. Purpose & Usage
The abstract characteristics defined by how the object is used.
*   **Workstation:** The primary locus for administrative, academic, or professional labor.
*   **Organization:** A tool for compartmentalizing tasks and physical items.
*   **Stationary:** While some have wheels (casters), desks are generally treated as semi-permanent furniture.
*   **Personal Territory:** A desk is often viewed as a private, individual domain, unlike a communal table.

### 5. Types & Variations
Specific styles that are characteristic of the ""desk"" family.
*   **Writing Desk:** Minimalist, thin legs, few drawers.
*   **Executive Desk:** Large, heavy, double-pedestal, enclosed front, often ornate.
*   **Computer Desk:** Utilitarian, focused on hardware placement (tower stand, monitor shelf).
*   **Standing/Sit-Stand Desk:** Adjustable height for ergonomics.
*   **L-Shaped/Corner Desk:** Designed to maximize workspace by utilizing corners.
*   **Secretary Desk:** Features a hinged surface that folds up to hide the work area.
*   **Roll-top Desk:** Vintage style with a slatted shutter that rolls down to cover the desktop.

### 6. Associations
Things that are almost always implied by the presence of a desk.
*   **Chair:** A desk is functionally incomplete without a seat (unless it is a standing desk).
*   **Lighting:** Often paired with a task lamp.
*   **Productivity:** The symbolic association of the object (work, study, serious intent)."
"gemini-3-pro","
Write all of the attributes of the object ""desk"" that you can think of. Write the attributes or characteristics you think are characteristic of the object ""desk"".
","0","20.215854167938232","Here is a comprehensive list of attributes and characteristics associated with the object **""desk,""** categorized by how we perceive, use, and define it.

### 1. Physical Structure & Anatomy
These are the physical components that make up the object.
*   **Horizontal Work Surface:** The primary defining feature; a flat, level top designed for working.
*   **Legs/Support:** Usually supported by four legs, two panel legs, a pedestal base, or trestles to elevate the surface.
*   **Knee Space (Kneehole):** A crucial empty space beneath the center of the desk to accommodate a chair and the user’s legs (distinguishing it from a dresser or sideboard).
*   **Storage Components:** Often includes drawers (stacked vertically or a shallow center drawer), cabinets, or shelving.
*   **Modesty Panel:** A board covering the front of the desk (opposite the user) to shield legs/cables from view in an office setting.
*   **Hardware:** Handles, knobs, or pulls for drawers; hinges for cabinets.
*   **Cable Management:** Grommets (holes) or trays to route electrical cords for computers and lamps.

### 2. Functional Purpose (Affordances)
What the object is designed to do or allow the user to do.
*   **Support:** Physically holds up equipment (monitors, laptops), documents, and accessories.
*   **Organization:** Provides a designated place to sort and store work-related items.
*   **Ergonomics:** Designed at a specific height (usually 28–30 inches) suitable for writing or typing while seated.
*   **Stationary Work:** Encourages staying in one place to focus on intellectual or manual tasks.
*   **Zone Definition:** Delineates a ""workspace"" distinct from living or sleeping areas.

### 3. Material & Sensory Qualities
What the object feels like and is made of.
*   **Hardness/Rigidity:** The surface must be hard enough to write on without the paper puncturing.
*   **Smoothness:** The top is usually sanded, polished, or coated to ensure a flat writing plane.
*   **Weight:** Generally heavy and substantial to prevent wobbling while working.
*   **Materials:**
    *   **Wood:** (Solid oak, pine, mahogany, or veneers/particle board).
    *   **Metal:** (Steel frames, industrial styles).
    *   **Glass:** (Tempered glass tops).
    *   **Laminate/Composite:** (Common in modern office furniture).

### 4. Forms and Variations
The different shapes and specific types of desks.
*   **Rectangular:** The most common standard shape.
*   **L-Shaped:** A desk with a return to provide more surface area, fitting into corners.
*   **Standing/Adjustable:** Mechanized or manual lift capabilities to change the height.
*   **Roll-top:** A vintage style with a slatted flexible cover that pulls down to hide the work surface.
*   **Executive:** Large, heavy, double-pedestal desks meant to command a room.
*   **Secretary:** A tall, hinged desk where the surface folds down.
*   **Carrel:** A small desk with high sides for privacy (common in libraries).

### 5. Context & Associations
Where the object is found and what is usually paired with it.
*   **Locations:** Offices, bedrooms, libraries, classrooms, reception areas, dorm rooms.
*   **Associated Objects:**
    *   **The Chair:** Almost inseparable from the concept of a desk.
    *   **Technology:** Computers, keyboards, monitors, printers.
    *   **Stationery:** Pens, paper, staplers, organizers.
    *   **Lighting:** Desk lamps.
*   **Symbolism:** Represents work, education, bureaucracy, authority, creativity, or administration.

### 6. Defining Characteristics (The ""Desk-ness"")
If you had to describe it to an alien, these are the core traits:
*   **Elevated:** Not on the floor.
*   **Flat:** Not slanted (usually, though drafting tables are slanted desks).
*   **Unilateral:** Unlike a dining table, a desk is usually designed for one person to sit on one specific side (the ""user"" side)."
"gemini-3-pro","
Write all of the attributes of the object ""desk"" that you can think of. Write the attributes or characteristics you think are characteristic of the object ""desk"".
","0","22.15212845802307","Here is a comprehensive list of attributes and characteristics associated with the object **""desk,""** categorized by structure, function, material, and context.

### 1. Physical Structure & Form
*   **Planar Surface:** A flat, horizontal top surface (the desktop) used for working.
*   **Support System:** Typically has legs (usually four), a pedestal base, or trestles to elevate the surface to a usable height.
*   **Knee Space:** A defining characteristic that distinguishes a desk from a chest of drawers; there is an open cavity or recess beneath the center of the surface to accommodate a user’s legs and a chair.
*   **Height:** Generally waist-high when seated (approx. 28–30 inches), or elbow-height for standing desks.
*   **Geometry:** Most commonly rectangular, but can be L-shaped, U-shaped, kidney-shaped, or corner-fitted.
*   **Back/Front Orientation:** Unlike a dining table, a desk usually has a defined ""front"" (where the user sits) and ""back"" (facing the room or wall).
*   **Modesty Panel:** A board bridging the front of the desk (hiding the user's legs from view from the other side).

### 2. Storage & Components
*   **Drawers:** Box-like compartments for storage (file drawers, pencil drawers, utility drawers).
*   **Hutch/Shelving:** Vertical storage units attached to the top rear of the desk.
*   **Keyboard Tray:** A pull-out shelf specifically for computer peripherals.
*   **Cable Management:** Grommets (holes), channels, or clips designed to route electrical cords and wires.
*   **Hardware:** Handles, knobs, or pulls for opening drawers.
*   **Locks:** Security mechanisms on drawers for sensitive documents.

### 3. Materials & Texture
*   **Wood:** The most traditional material (oak, mahogany, pine, cherry) or engineered wood (MDF, particle board).
*   **Metal:** Steel or aluminum (common in industrial or modern office desks).
*   **Glass:** Tempered glass tops for a modern aesthetic.
*   **Laminate/Veneer:** Protective coatings to prevent scratches and water rings.
*   **Hardness:** The surface must be rigid and hard enough to support writing without puncturing paper.
*   **Smoothness:** The top surface is characteristically smooth to facilitate handwriting and mouse movement.

### 4. Function & Utility
*   **Workstation:** The primary locus for intellectual labor, administrative tasks, or academic study.
*   **Organization:** Designed to sort, store, and arrange tools (papers, staplers, electronics).
*   **Support:** Bears the weight of equipment (computers, monitors, printers, books, lamps).
*   **Personal Territory:** Often acts as a defined personal zone in an open office or classroom environment.

### 5. Types & Variations
*   **Writing Desk:** Minimalist, often just legs and a surface (sometimes small drawers).
*   **Computer Desk:** Optimized for technology (tower storage, keyboard tray).
*   **Executive Desk:** Large, heavy, usually double-pedestal with significant storage; implies status.
*   **Standing/Sit-Stand Desk:** Adjustable height mechanisms (motorized or crank) for ergonomics.
*   **Secretary Desk:** Contains a hinged surface that folds down for writing and closes to hide clutter.
*   **Roll-top Desk:** Features a flexible shutter that slides down to cover the work surface.
*   **Cubicle Desk:** A modular surface attached to partition walls.

### 6. Context & Associations (Where and How it is found)
*   **Location:** Offices, bedrooms, libraries, schools, receptions, studies.
*   **Associated Objects:** Chairs (swivel/ergonomic), task lamps, computers, mousepads, pen cups, framed photos, wastebaskets.
*   **Atmosphere:** Associated with focus, productivity, bureaucracy, learning, creativity, or clutter.

### 7. The ""Essence"" of a Desk (Distinction from a Table)
*   **Unilateral Use:** While tables are often for communal use (dining, meeting), a desk is characteristically designed for a **single user**.
*   **Permanence:** Objects on a desk (monitors, organizers) tend to stay there permanently, whereas tables are often cleared after use."
"gemini-3-pro","
Write all of the attributes of the object ""desk"" that you can think of. Write the attributes or characteristics you think are characteristic of the object ""desk"".
","0","22.797000885009766","Here is a comprehensive breakdown of the attributes and characteristics of a **desk**, categorized by their nature (physical, functional, material, and contextual).

### 1. Physical Structure & Parts
These are the tangible components that make up the object.
*   **Planar Surface:** Has a flat, horizontal top (desktop) used as the primary workspace.
*   **Elevation/Support:** Elevated by legs (usually 2, 4, or a trestle frame) or pedestals (solid box-like supports).
*   **Knee Space:** Distinctly features an open area underneath the center of the surface to accommodate human legs and a chair.
*   **Storage Components:** Often includes drawers (file drawers, pencil drawers), cabinets, or cubbies.
*   **Modesty Panel:** May have a vertical board covering the front of the desk (facing away from the user) to hide legs/cables.
*   **Shape:** Typically rectangular, but can be L-shaped, U-shaped, kidney-shaped, or corner-fitted.
*   **Cable Management:** Modern desks often feature grommets (holes), trays, or clips to organize electrical cords.
*   **Keyboard Tray:** Some feature a pull-out sliding shelf for a computer keyboard.
*   **Hutch:** May have an upper shelving unit sitting on top of the surface.

### 2. Functional & Utilitarian Characteristics
What the object does and how it is used.
*   **Stationary:** Generally designed to remain in one place (though some have casters/wheels).
*   **Weight-Bearing:** Designed to support equipment like computers, monitors, books, and lamps.
*   **Ergonomic:** Designed at a specific height (usually 28–30 inches) to facilitate comfortable writing or typing while seated.
*   **Unilateral Orientation:** Unlike a dining table (which is omnidirectional), a desk is usually designed to be used from **one side** only.
*   **Adjustability:** Some modern desks are ""sit-stand,"" featuring motors or cranks to change the height.
*   **Organizational:** Facilitates the sorting and storing of documents and supplies.

### 3. Material & Sensory Attributes
What the object is made of and how it feels/looks.
*   **Rigidity:** Hard, stable, and non-pliable surface.
*   **Materials:** Commonly made of wood (oak, pine, cherry), composite (MDF, particleboard), metal (steel, aluminum), glass (tempered), or laminate.
*   **Texture:** Surfaces are usually smooth (polished, varnished, or laminated) to allow for writing without obstruction.
*   **Temperature:** Can feel cool to the touch (metal/glass) or neutral/warm (wood).
*   **Acoustics:** Hard surfaces tend to reflect sound (clicking of keys, tapping of pens).

### 4. Classifications & Styles
Specific types of desks that imply different characteristics.
*   **Executive Desk:** Large, heavy, wood, double pedestal, signifies authority.
*   **Writing Desk:** Minimalist, slender legs, little to no storage, smaller surface area.
*   **Computer Desk:** Utilitarian, features designated spots for CPU towers and keyboard trays.
*   **Secretary Desk:** Hinged desktop surface, many small cubbies, traditional aesthetic.
*   **Roll-top Desk:** Features a flexible shutter that rolls down to cover the workspace and secure contents.
*   **Drafting Table:** Features a surface that can tilt at an angle.
*   **Standing Desk:** Higher surface or adjustable mechanism.

### 5. Contextual & Associative Attributes
Where the object is found and what it represents.
*   **Location:** Found in offices, bedrooms, studies, libraries, classrooms, and reception areas.
*   **Symbolism:** Represents work, productivity, study, bureaucracy, creativity, or administration.
*   **Personal Territory:** Often viewed as a private or semi-private domain (e.g., ""sitting at *my* desk"").
*   **State:** Can be described as cluttered (covered in papers/knick-knacks) or minimalist/clean.

### The Defining Characteristic (The ""Desk-ness"")
If you had to pick the attributes that separate a desk from a generic table, they are:
1.  **Unilateral orientation** (there is a clear ""front"" and ""back"").
2.  **Storage integration** (drawers/shelves).
3.  **Specific intent for solitary work** (writing/computing)."
"gemini-3-pro","
Write all of the attributes of the object ""desk"" that you can think of. Write the attributes or characteristics you think are characteristic of the object ""desk"".
Provide your answer in plain text as a comma-separated list of items.
","1","11.697727680206299","flat surface, horizontal top, legs, drawers, storage, wood, metal, glass, laminate, particle board, sturdy, rigid, heavy, stationary, furniture, workspace, workstation, office, classroom, study, bedroom, writing surface, computer support, ergonomic, knee space, handles, knobs, hardware, rectangular, L-shaped, U-shaped, corner unit, standing, adjustable height, sit-stand, cubicle, executive, secretary, roll-top, hutch, shelves, keyboard tray, cable management, grommets, casters, wheels, modesty panel, utilitarian, decorative, antique, modern, industrial, commercial, residential, platform, tabletop, base, frame, lockable, organization, filing, smooth, hard, supporting, waist-high"
"gemini-3-pro","
Write all of the attributes of the object ""desk"" that you can think of. Write the attributes or characteristics you think are characteristic of the object ""desk"".
Provide your answer in plain text as a comma-separated list of items.
","1","13.380774021148682","flat surface, tabletop, horizontal plane, legs, base, frame, support structure, drawers, handles, knobs, storage compartments, wood, metal, glass, plastic, laminate, particle board, veneer, rectangular, L-shaped, U-shaped, corner shape, sturdy, rigid, heavy, stationary, furniture, office equipment, workspace, workstation, writing surface, computer platform, keyboard tray, cable management, grommets, modesty panel, hutch, shelving, attached cabinet, pedestal, casters, wheels, adjustable height, sit-stand mechanism, ergonomic, knee space, chair clearance, executive style, student style, roll-top, secretary style, functional, decorative, indoor, waist-high, utilitarian, hard surface"
"gemini-3-pro","
Write all of the attributes of the object ""desk"" that you can think of. Write the attributes or characteristics you think are characteristic of the object ""desk"".
Provide your answer in plain text as a comma-separated list of items.
","1","14.341337442398071","flat surface, tabletop, horizontal, legs, base, support, drawers, handles, knobs, storage, shelving, compartments, wood, metal, glass, plastic, laminate, veneer, sturdy, rigid, hard, smooth, rectangular, L-shaped, U-shaped, corner, adjustable height, standing, sit-stand, ergonomic, heavy, furniture, interior design, workspace, workstation, writing area, computer station, keyboard tray, cable management, grommets, modesty panel, hutch, knee space, executive, secretary, roll-top, school, cubicle, office, study, academic, professional, utilitarian, stationary, mobile, caster wheels, lockable"
"gemini-3-pro","
Write all of the attributes of the object ""desk"" that you can think of. Write the attributes or characteristics you think are characteristic of the object ""desk"".
Provide your answer in plain text as a comma-separated list of items.
","1","12.52478551864624","flat surface, horizontal top, legs, base, frame, drawers, handles, knobs, storage compartments, sturdy, hard, wooden, metal, glass, plastic, heavy, rectangular, L-shaped, U-shaped, corner design, ergonomic, adjustable height, standing, sitting, furniture, workspace, writing surface, computer station, keyboard tray, cable management holes, grommets, modesty panel, knee space, smooth, rigid, stable, waist-high, hutch, shelves, veneer, laminate, particle board, solid wood, steel, executive, secretary, roll-top, drafting, reception, classroom, office, library, study, durable, level, supporting, functional, organizational, locking mechanism, casters, wheels."
"gemini-3-pro","
Write all of the attributes of the object ""desk"" that you can think of. Write the attributes or characteristics you think are characteristic of the object ""desk"".
Provide your answer in plain text as a comma-separated list of items.
","1","13.05229115486145","flat surface, horizontal, legs, sturdy, rigid, furniture, workspace, drawers, storage, wood, metal, glass, plastic, laminate, particle board, heavy, rectangular, L-shaped, U-shaped, corner, ergonomic, adjustable height, standing, sit-stand, keyboard tray, grommets, cable management, hutch, shelves, cabinet, modesty panel, lockable, knobs, handles, casters, wheels, desktop, workstation, writing area, computer station, gaming setup, executive, student, secretary, roll-top, floating, wall-mounted, mid-century, modern, industrial, rustic, antique, traditional, polished, matte, textured, knee space, monitor riser, utilitarian, indoor, stationary, supporting, solid"
"gemini-3-pro","
This is a very simple experiment to find out the characteristics and attributes common to and characteristic of different kinds of ordinary everyday objects.
Write all of the attributes of the object ""desk"" that you can think of. Write the attributes or characteristics you think are characteristic of the object ""desk"".
Provide your answer in plain text as a comma-separated list of items.
","2","9.047964572906494","furniture, flat surface, legs, horizontal top, drawers, knee space, storage, wood, metal, glass, laminate, rectangular, L-shaped, corner, standing, sturdy, heavy, solid, waist-high, workspace, writing, typing, computing, studying, reading, office, classroom, bedroom, home office, library, stationary, smooth, hard, organization, compartments, shelves, keyboard tray, modesty panel, cable management, supports weight, accompanies a chair, ergonomic"
"gemini-3-pro","
This is a very simple experiment to find out the characteristics and attributes common to and characteristic of different kinds of ordinary everyday objects.
Write all of the attributes of the object ""desk"" that you can think of. Write the attributes or characteristics you think are characteristic of the object ""desk"".
Provide your answer in plain text as a comma-separated list of items.
","2","11.002907514572144","flat surface, horizontal top, legs, support structure, knee space, drawers, storage compartments, handles, knobs, wooden, metal, plastic, glass, laminate, rectangular, L-shaped, corner-shaped, hard, smooth, rigid, sturdy, heavy, furniture, office equipment, man-made, manufactured, shelves, hutch, keyboard tray, grommets, cable management, height-adjustable, standing, sitting, writing, typing, studying, working, gaming, computer support, modesty panel, casters, wheels, stable, waist-height, ergonomic, antique, modern, utility, indoor, brown, black, white, polished, textured, file storage, workspace, classroom, library, study, cubicle"
"gemini-3-pro","
This is a very simple experiment to find out the characteristics and attributes common to and characteristic of different kinds of ordinary everyday objects.
Write all of the attributes of the object ""desk"" that you can think of. Write the attributes or characteristics you think are characteristic of the object ""desk"".
Provide your answer in plain text as a comma-separated list of items.
","2","14.159121751785278","furniture, flat surface, horizontal top, legs, supports, hard, solid, rigid, wooden, metal, glass, laminate, plastic, sturdy, stable, heavy, smooth, rectangular, L-shaped, corner-shaped, standing, adjustable height, waist-height, knee space, drawers, handles, locks, storage, shelves, compartments, pigeonholes, keyboard tray, cable grommets, modesty panel, writing surface, workspace, computer station, used for working, used for studying, used for writing, used for reading, used for typing, supports a computer, supports lamps, supports books, supports paper, found in offices, found in classrooms, found in libraries, found in bedrooms, found in studies"
"gemini-3-pro","
This is a very simple experiment to find out the characteristics and attributes common to and characteristic of different kinds of ordinary everyday objects.
Write all of the attributes of the object ""desk"" that you can think of. Write the attributes or characteristics you think are characteristic of the object ""desk"".
Provide your answer in plain text as a comma-separated list of items.
","2","11.158596754074097","furniture, flat surface, legs, drawers, storage, knee space, workspace, writing surface, heavy, sturdy, hard, smooth, rectangular, L-shaped, wood, metal, glass, plastic, laminate, office, school, classroom, study, bedroom, computer, keyboard tray, adjustable height, standing, sitting, stationary, horizontal, rigid, shelves, cabinets, hutch, grommets, cable management, tabletop, waist-high, supportive, organizational, functional, indoor, handles, knobs, roll-top, executive, secretary, student, platform, solid"
"gemini-3-pro","
This is a very simple experiment to find out the characteristics and attributes common to and characteristic of different kinds of ordinary everyday objects.
Write all of the attributes of the object ""desk"" that you can think of. Write the attributes or characteristics you think are characteristic of the object ""desk"".
Provide your answer in plain text as a comma-separated list of items.
","2","13.246063947677612","furniture, flat surface, horizontal top, legs, support structure, drawers, handles, knee space, storage compartments, wood, metal, glass, laminate, particle board, rectangular, L-shaped, corner, U-shaped, sturdy, heavy, hard, rigid, waist-high, adjustable height, standing, smooth, polished, workspace, writing surface, holds computer, holds monitor, holds lamp, office setting, classroom setting, home study, modesty panel, keyboard tray, cable grommets, stationary, indoor, utilitarian, functional, geometric."
"gemini-3-pro","
You are a participant in an experiment.
This is a very simple experiment to find out the characteristics and attributes common to and characteristic of different kinds of ordinary everyday objects.
Write all of the attributes of the object ""desk"" that you can think of. Write the attributes or characteristics you think are characteristic of the object ""desk"".
Provide your answer in plain text as a comma-separated list of items.
","3","9.342227220535278","flat surface, furniture, legs, drawers, wood, writing, working, study, heavy, rectangular, office, computer, sturdy, smooth, hard, storage, four legs, classroom, workspace, sitting, metal, waist-high, desktop, shelf, cabinet, ergonomic, glass, laminate, brown, black, white, typing, homework, reading, lamp, monitor, keyboard, mouse, organized, cluttered, large, solid, stationary, indoor"
"gemini-3-pro","
You are a participant in an experiment.
This is a very simple experiment to find out the characteristics and attributes common to and characteristic of different kinds of ordinary everyday objects.
Write all of the attributes of the object ""desk"" that you can think of. Write the attributes or characteristics you think are characteristic of the object ""desk"".
Provide your answer in plain text as a comma-separated list of items.
","3","10.693426609039307","flat surface, legs, wood, drawers, furniture, writing, working, rectangular, heavy, sturdy, hard, office, school, computer, storage, knee space, smooth, horizontal, studying, metal"
"gemini-3-pro","
You are a participant in an experiment.
This is a very simple experiment to find out the characteristics and attributes common to and characteristic of different kinds of ordinary everyday objects.
Write all of the attributes of the object ""desk"" that you can think of. Write the attributes or characteristics you think are characteristic of the object ""desk"".
Provide your answer in plain text as a comma-separated list of items.
","3","8.123688697814941","flat surface, legs, drawers, furniture, wood, metal, workspace, writing, studying, computer, office, sturdy, hard, rectangular, heavy, storage, knee space, horizontal, smooth top, table-like, classroom, organized, shelves, handles, cabinet"
"gemini-3-pro","
You are a participant in an experiment.
This is a very simple experiment to find out the characteristics and attributes common to and characteristic of different kinds of ordinary everyday objects.
Write all of the attributes of the object ""desk"" that you can think of. Write the attributes or characteristics you think are characteristic of the object ""desk"".
Provide your answer in plain text as a comma-separated list of items.
","3","8.959710597991943","furniture, flat surface, legs, drawers, wood, metal, heavy, sturdy, rectangular, hard, smooth, used for writing, used for working, used for studying, holds a computer, found in an office, found in a school, found in a bedroom, workspace, knee space, storage, table-like, four-legged, inanimate, solid, shelves, handles, knobs"
"gemini-3-pro","
You are a participant in an experiment.
This is a very simple experiment to find out the characteristics and attributes common to and characteristic of different kinds of ordinary everyday objects.
Write all of the attributes of the object ""desk"" that you can think of. Write the attributes or characteristics you think are characteristic of the object ""desk"".
Provide your answer in plain text as a comma-separated list of items.
","3","9.557093858718872","furniture, flat surface, legs, drawers, wood, hard, writing, working, studying, office, school, heavy, rectangular, storage, sturdy, smooth, metal, handles, shelves, workspace, computer, holds objects, brown, classroom, solid, stationary, horizontal surface, knee space, home, interior, useful, manufactured"
"gemini-3-pro","
You are a participant in an experiment.
This is a very simple experiment to find out the characteristics and attributes common to and characteristic of different kinds of ordinary everyday objects.
Write all of the attributes of the object ""desk"" that you can think of. Write the attributes or characteristics you think are characteristic of the object ""desk"".
Do not add any further details, only write the items that answer the instruction.
Provide your answer in plain text as a comma-separated list of items.
","4","9.959768772125244","furniture, flat surface, legs, drawers, wood, metal, writing, working, studying, office, school, classroom, computer, heavy, rectangular, hard, sturdy, storage, chair, handles, smooth, knee space, horizontal, workspace, polished, varnish, four legs, solid, stationery, lamp, books, homework"
"gemini-3-pro","
You are a participant in an experiment.
This is a very simple experiment to find out the characteristics and attributes common to and characteristic of different kinds of ordinary everyday objects.
Write all of the attributes of the object ""desk"" that you can think of. Write the attributes or characteristics you think are characteristic of the object ""desk"".
Do not add any further details, only write the items that answer the instruction.
Provide your answer in plain text as a comma-separated list of items.
","4","8.991340637207031","furniture, flat surface, legs, four legs, drawers, wood, metal, plastic, writing, working, studying, computer, office, school, classroom, heavy, hard, sturdy, rectangular, storage, handles, shelves, knee space, tabletop, compartments, inanimate, interior, horizontal"
"gemini-3-pro","
You are a participant in an experiment.
This is a very simple experiment to find out the characteristics and attributes common to and characteristic of different kinds of ordinary everyday objects.
Write all of the attributes of the object ""desk"" that you can think of. Write the attributes or characteristics you think are characteristic of the object ""desk"".
Do not add any further details, only write the items that answer the instruction.
Provide your answer in plain text as a comma-separated list of items.
","4","9.775742769241333","furniture, flat surface, legs, drawers, wood, rectangular, hard, sturdy, heavy, used for writing, used for working, used for studying, office, school, storage, knee space, holds computer, holds lamp"
"gemini-3-pro","
You are a participant in an experiment.
This is a very simple experiment to find out the characteristics and attributes common to and characteristic of different kinds of ordinary everyday objects.
Write all of the attributes of the object ""desk"" that you can think of. Write the attributes or characteristics you think are characteristic of the object ""desk"".
Do not add any further details, only write the items that answer the instruction.
Provide your answer in plain text as a comma-separated list of items.
","4","7.3983166217803955","flat surface, legs, drawers, wood, metal, furniture, heavy, rectangular, writing, working, studying, storage, hard, smooth, office, school, knee space, sturdy, table-like, shelves, handles, computer, lamp"
"gemini-3-pro","
You are a participant in an experiment.
This is a very simple experiment to find out the characteristics and attributes common to and characteristic of different kinds of ordinary everyday objects.
Write all of the attributes of the object ""desk"" that you can think of. Write the attributes or characteristics you think are characteristic of the object ""desk"".
Do not add any further details, only write the items that answer the instruction.
Provide your answer in plain text as a comma-separated list of items.
","4","15.004008769989014","furniture, flat surface, legs, drawers, wood, metal, hard, smooth, rectangular, sturdy, heavy, workspace, writing, working, studying, office, school, classroom, bedroom, storage, holds computer, holds books, holds lamp, knee space, accompanied by chair, tabletop, stationary"
"gemini-3-pro","
Write all of the attributes of the object ""desk"" that you can think of. Write the attributes or characteristics you think are characteristic of the object ""desk"".
Do not add any further details, only write the items that answer the instruction.
Provide your answer in plain text as a comma-separated list of items.
","5","9.842641115188599","flat surface, legs, drawers, sturdy, wooden, metal, glass, hard, rectangular, L-shaped, U-shaped, corner, standing, adjustable height, ergonomic, workspace, writing area, storage, handles, knobs, shelves, keyboard tray, grommet, modesty panel, casters, heavy, rigid, horizontal, furniture, laminate, veneer, smooth, stable, knee space, back panel, frame, hutch, executive, student, computer support, polished, matte, stationary, mobile, desktop, cable management, file cabinet, lockable, assembly required"
"gemini-3-pro","
Write all of the attributes of the object ""desk"" that you can think of. Write the attributes or characteristics you think are characteristic of the object ""desk"".
Do not add any further details, only write the items that answer the instruction.
Provide your answer in plain text as a comma-separated list of items.
","5","12.162676095962524","flat surface, legs, drawers, desktop, workspace, furniture, sturdy, stable, rigid, heavy, wood, metal, glass, plastic, rectangular, L-shaped, U-shaped, corner, standing, adjustable height, ergonomic, writing surface, computer station, storage, shelves, cabinets, keyboard tray, cable management, grommets, modesty panel, hutch, handles, knobs, locks, casters, smooth, hard, executive, secretary, roll-top, drafting, reception, knee space, laminate, veneer, plywood, particle board, solid wood, steel frame, utilitarian, office equipment, antique, modern, industrial, rustic, polished, matte, spacious, compact, riser, file storage"
"gemini-3-pro","
Write all of the attributes of the object ""desk"" that you can think of. Write the attributes or characteristics you think are characteristic of the object ""desk"".
Do not add any further details, only write the items that answer the instruction.
Provide your answer in plain text as a comma-separated list of items.
","5","11.715575933456421","flat surface, legs, drawers, wood, metal, glass, plastic, rectangular, L-shaped, corner, standing, adjustable height, sturdy, hard, heavy, furniture, writing area, workstation, computer support, storage, shelves, compartments, handles, knobs, keyboard tray, cable management grommets, modesty panel, knee space, desktop, laminate, polished, matte, ergonomic, utilitarian, decorative, office equipment, stationary, mobile, four-legged"
"gemini-3-pro","
Write all of the attributes of the object ""desk"" that you can think of. Write the attributes or characteristics you think are characteristic of the object ""desk"".
Do not add any further details, only write the items that answer the instruction.
Provide your answer in plain text as a comma-separated list of items.
","5","10.520364999771118","flat surface, legs, tabletop, drawers, frame, wood, metal, glass, plastic, laminate, rectangular, L-shaped, U-shaped, corner, standing, adjustable height, heavy, sturdy, hard, furniture, office equipment, workspace, writing surface, computer station, keyboard tray, cable management, grommets, modesty panel, hutch, shelves, handles, knobs, storage, organization, executive, student, gaming, roll-top, secretary, ergonomic, four-legged, solid, stationary, manufactured, inanimate, horizontal, knee space, smooth, polished, functional"
"gemini-3-pro","
Write all of the attributes of the object ""desk"" that you can think of. Write the attributes or characteristics you think are characteristic of the object ""desk"".
Do not add any further details, only write the items that answer the instruction.
Provide your answer in plain text as a comma-separated list of items.
","5","9.70914077758789","flat surface, legs, drawers, desktop, knee space, wood, metal, glass, plastic, composite, sturdy, heavy, rectangular, L-shaped, U-shaped, corner, standing, sitting, height-adjustable, ergonomic, workstation, office furniture, writing surface, computer support, storage, shelves, hutch, keyboard tray, modesty panel, cable management grommets, handles, knobs, lockable, drawers, filing cabinet, finish, polished, matte, textured, functional, stationary, mobile, casters, risers, executive, student, reception, roll-top, secretary, drafting, vanity, gaming"
"gemini-3-pro","
Write all of the attributes of the object ""desk"" that you can think of. Write the attributes or characteristics you think are characteristic of the object ""desk"".
Do not add any further details, only write the items that answer the instruction.
Provide your answer in plain text as a comma-separated list of adjectives.
","6","15.913953065872192","wooden, metal, glass, plastic, hard, flat, smooth, level, rectangular, square, L-shaped, curved, corner, large, small, wide, narrow, heavy, light, sturdy, stable, solid, durable, rigid, wobbly, ergonomic, adjustable, standing, compact, spacious, functional, utilitarian, decorative, ornate, minimalist, modern, contemporary, antique, vintage, rustic, industrial, corporate, executive, scholastic, academic, brown, black, white, beige, mahogany, oak, pine, polished, varnished, painted, matte, scratched, worn, cluttered, messy, tidy, clean, organized, compartmentalized, shelved, mobile, stationary, expensive, cheap, necessary, useful"
"gemini-3-pro","
Write all of the attributes of the object ""desk"" that you can think of. Write the attributes or characteristics you think are characteristic of the object ""desk"".
Do not add any further details, only write the items that answer the instruction.
Provide your answer in plain text as a comma-separated list of adjectives.
","6","13.412853479385376","wooden, metal, glass, plastic, flat, horizontal, hard, solid, sturdy, heavy, rectangular, L-shaped, square, corner, smooth, polished, matte, textured, adjustable, ergonomic, standing, stationary, modern, antique, vintage, traditional, industrial, rustic, minimalist, contemporary, functional, utilitarian, decorative, spacious, compact, wide, narrow, low, tall, brown, black, white, beige, varnished, laminate, executive, scholastic, clerical, four-legged, rigid, stable, durable, organized, cluttered, essential, furnishing"
"gemini-3-pro","
Write all of the attributes of the object ""desk"" that you can think of. Write the attributes or characteristics you think are characteristic of the object ""desk"".
Do not add any further details, only write the items that answer the instruction.
Provide your answer in plain text as a comma-separated list of adjectives.
","6","17.59891438484192","wooden, metal, glass, plastic, flat, hard, smooth, solid, sturdy, heavy, rigid, durable, stable, rectangular, square, L-shaped, curved, corner, wide, broad, narrow, compact, spacious, large, small, adjustable, standing, stationary, mobile, ergonomic, functional, utilitarian, organizational, modern, antique, vintage, rustic, industrial, traditional, sleek, minimalist, ornate, plain, polished, varnished, painted, brown, black, white, tan, beige, level, horizontal, useful, essential, domestic, professional, academic, clean, cluttered, messy, tidy"
"gemini-3-pro","
Write all of the attributes of the object ""desk"" that you can think of. Write the attributes or characteristics you think are characteristic of the object ""desk"".
Do not add any further details, only write the items that answer the instruction.
Provide your answer in plain text as a comma-separated list of adjectives.
","6","17.983328104019165","wooden, metallic, glass, plastic, synthetic, flat, smooth, hard, solid, sturdy, stable, rigid, heavy, lightweight, bulky, rectangular, square, L-shaped, U-shaped, curved, circular, oval, corner, large, small, compact, wide, narrow, spacious, cramped, tall, short, low, adjustable, ergonomic, standing, portable, stationary, fixed, mobile, polished, varnished, lacquered, painted, matte, glossy, textured, grainy, modern, antique, vintage, retro, rustic, traditional, contemporary, industrial, minimalist, ornate, decorative, plain, utilitarian, functional, essential, expensive, cheap, affordable, brown, black, white, gray, beige, tan, mahogany, oak, pine, cherry, steel, chrome, leather-topped, scratched, worn, battered, pristine, new, old, dusty, messy, cluttered, tidy, organized, clean, dirty, executive, secretarial, clerical, academic, professional, domestic, interior, four-legged, flat-topped, drawer-filled, shelved, modular"
"gemini-3-pro","
Write all of the attributes of the object ""desk"" that you can think of. Write the attributes or characteristics you think are characteristic of the object ""desk"".
Do not add any further details, only write the items that answer the instruction.
Provide your answer in plain text as a comma-separated list of adjectives.
","6","11.29522967338562","wooden, flat, rectangular, sturdy, hard, smooth, solid, stationary, functional, utilitarian, heavy, rigid, ergonomic, adjustable, spacious, compact, polished, matte, L-shaped, executive, academic, professional, antique, modern, minimalistic, legged, level, elevated, supporting, metallic, glass, synthetic, modular"
