A,B,C,D,E,F,G,H,I,J,K,L,M,N,O,P,Q,R,S,T,U,V,W,Y,Z
acorn squash,baby corn,cabbage,daikon,earthnut,fat hen,gai lan,habanero,ice plant,jackfruit,kabocha,lacinato kale,mache,name,oak leaf lettuce,paddy pan squash,quinoa,radicchio,safflower,tamarind,ulluco,vidalia onion,wakame,yacon,zucchini
adzuki bean,bamboo shoot,cabbage leaf,dandelion green,edamame,fava bean,galangal,heart of palm,iceberg,jalapeno,kale,lamb's quarter,maitake,napa,oca,paprika,,radish,sage,taro,,,walking stick kale,yam,
agar,banana pepper,cactus pad,delicata squash,eggplant,fennel,garden cre,hemp,iceberg lettuce,jalapeÃÂÃÂÃÂÃÂ£ÃÂÃÂÃÂÃÂ±o,kelp,land cress,maitake mushroom,napa cabbage,okra,parsley,,radish sprout,salsify,tarragon,,,walla walla onion,yam bean,
agave,basil,calabash,dill,elephant garlic,fenugreek,garden pea,hijiki,irish mo,jalapeÃÂÃÂÃÂÃÂ±o,kidney bean,leaf lettuce,malabar spinach,navy bean,olive,parsnip,,radishe,saltwort,tatsoi,,,wasabi,yardlong bean,
agretti,batavia lettuce,cannellini bean,dock,endive,fern,garlic,holy trinity,,japanese cucumber,kimchi,leaf vegetable,malanga,nettle,onion,pattypan squash,,ramp,samphire,tepary bean,,,water chestnut,yellow onion,
ahipa,bay leaf,canola,dragonfruit,enoki mushroom,fiddlehead fern,garlic chive,hominy,,japanese eggplant,kiwano,leek,marjoram,new potato,orach,pea,,rampion,sauerkraut,thyme,,,water spinach,yellow squash,
alfalfa sprout,bean,caper,drumstick,escarole,fingerling potato,garlic scape,horned melon,,japanese mountain yam,kohlrabi,lema,marrow,new zealand spinach,oregano,pea shoot,,rapeseed,savory cabbage,tiger nut,,,watercre,yu choy,
aloe vera,bean sprout,caraway,dulse,,flageolet bean,gem lettuce,horseradish,,japanese pumpkin,kohlrabi leaf,lemongras,mashua,nopale,ornamental kale,peanut,,rapini,scallion,tigernut,,,watercres,yucca,
amaranth,beet green,cardoon,durian,,flat cabbage,gem squash,hubbard squash,,japanese radish,komatsuna,lemongrass,mauka,nori,oyster mushroom,pearl onion,,ratatouille,scorzonera,tomatillo,,,watercress,yukon gold potato,
anaheim pepper,beetroot,carrageenan,,,flax,gherkin,hyacinth bean,,japanese sweet potato,kombu,lentil,mesclun,,,pepino melon,,red cabbage,sea asparagu,tomato,,,watermelon radish,,
ancho pepper,bell pepper,carrot,,,flower vegetable,ginger,,,japanese turnip,,lettuce,mexican sour gherkin,,,pepper,,red leaf lettuce,sea bean,treviso,,,wax bean,,
angelica,bermuda onion,carrot top,,,frisee,glasswort,,,jerusalem artichoke,,lima bean,microgreen,,,pickle,,red onion,sea beet,truffle,,,wax gourd,,
anise,bibb lettuce,cassava,,,fruit vegetable,golden beet,,,jicama,,looseleaf lettuce,mint,,,pigeon pea,,red potato,sea kale,tuber,,,white asparagu,,
arame,bitter melon,cattail,,,,good king henry,,,,,lotus root,mirepoix,,,pignut,,red russian kale,sea lettuce,turmeric,,,white cabbage,,
arracacha,black bean,cauliflower,,,,goosefoot,,,,,lovage,mizuna,,,pimiento,,reed mace,sea purslane,turn,,,white onion,,
arrowhead,black garlic,cauliflower sprout,,,,gourd,,,,,luffa,morel,,,pinto bean,,rhizome,sea vegetable,turnip,,,wing bean,,
arrowleaf elephant ear,black-eyed pea,cayenne pepper,,,,great northern bean,,,,,lupin bean,mung bean,,,plantain,,rhubarb,seaweed,turnip green,,,winged bean,,
arrowroot,bok choy,celeriac,,,,green,,,,,,mung bean sprout,,,poblano,,ridge gourd,seed vegetable,,,,winter melon,,
artichoke,boniato,celery,,,,green bean,,,,,,mushroom,,,pod vegetable,,rock samphire,serrano pepper,,,,winter squash,,
artichoke heart,borlotti bean,celery leaf,,,,green leaf lettuce,,,,,,mustard green,,,point cabbage,,romaine lettuce,sesame,,,,wood ear fungu,,
arugula,boston lettuce,celery root,,,,green mango,,,,,,,,,pointed cabbage,,romanesco,shallot,,,,,,
ash gourd,bottle gourd,celery seed,,,,green onion,,,,,,,,,popcorn,,romanesco broccoli,shallot.yam,,,,,,
asparagus,bouquet garni,chanterelle,,,,green papaya,,,,,,,,,poppy,,root vegetable,shiitake mushroom,,,,,,
aubergine,breadfruit,chard,,,,groundnut,,,,,,,,,porcini,,rosemary,shishito,,,,,,
avocado,broad bean,chayote,,,,,,,,,,,,,portobello mushroom,,runner bean,shiso,,,,,,
,broccoli,chervil,,,,,,,,,,,,,pot herb,,russet potato,siberian kale,,,,,,
,broccoli rabe,chia,,,,,,,,,,,,,potato,,rutabaga,skirret,,,,,,
,broccoli sprout,chickpea,,,,,,,,,,,,,prickly pear,,,snake gourd,,,,,,
,broccolini,chicory,,,,,,,,,,,,,pumpkin,,,snap pea,,,,,,
,brussels sprout,chili,,,,,,,,,,,,,purple asparagu,,,snow pea,,,,,,
,brussels sprouts,chili pepper,,,,,,,,,,,,,purple potato,,,sofrito,,,,,,
,buckwheat,chinese artichoke,,,,,,,,,,,,,purple sprouting broccoli,,,sorrel,,,,,,
,bulb,chinese broccoli,,,,,,,,,,,,,purslane,,,soybean,,,,,,
,bulrush,chinese cabbage,,,,,,,,,,,,,,,,spaghetti squash,,,,,,
,burdock,chinese celery,,,,,,,,,,,,,,,,spanish onion,,,,,,
,burdock root,chinese chive,,,,,,,,,,,,,,,,spinach,,,,,,
,buttercup squash,chinese eggplant,,,,,,,,,,,,,,,,spirulina,,,,,,
,butterhead,chinese long bean,,,,,,,,,,,,,,,,split pea,,,,,,
,butterhead lettuce,chinese mustard,,,,,,,,,,,,,,,,spring mix,,,,,,
,butternut squash,chinese okra,,,,,,,,,,,,,,,,spring onion,,,,,,
,button mushroom,chinese spinach,,,,,,,,,,,,,,,,sprout,,,,,,
,,chinese water chestnut,,,,,,,,,,,,,,,,squash,,,,,,
,,chinese yam,,,,,,,,,,,,,,,,squash blossom,,,,,,
,,chive,,,,,,,,,,,,,,,,stem vegetable,,,,,,
,,chlorella,,,,,,,,,,,,,,,,string bean,,,,,,
,,choy sum,,,,,,,,,,,,,,,,succotash,,,,,,
,,cilantro,,,,,,,,,,,,,,,,sugar snap pea,,,,,,
,,cipollini onion,,,,,,,,,,,,,,,,summer squash,,,,,,
,,clover sprout,,,,,,,,,,,,,,,,sun-dried tomato,,,,,,
,,coleslaw,,,,,,,,,,,,,,,,sunchoke,,,,,,
,,collard green,,,,,,,,,,,,,,,,sunflower,,,,,,
,,collard greens,,,,,,,,,,,,,,,,sunflower sprout,,,,,,
,,cone cabbage,,,,,,,,,,,,,,,,swamp cabbage,,,,,,
,,coriander,,,,,,,,,,,,,,,,swede,,,,,,
,,corm,,,,,,,,,,,,,,,,sweet,,,,,,
,,corn,,,,,,,,,,,,,,,,sweet cicely,,,,,,
,,corn salad,,,,,,,,,,,,,,,,sweet onion,,,,,,
,,cornichon,,,,,,,,,,,,,,,,sweet pepper,,,,,,
,,courgette,,,,,,,,,,,,,,,,sweet potato,,,,,,
,,cowpea,,,,,,,,,,,,,,,,sweetcorn,,,,,,
,,cranberry bean,,,,,,,,,,,,,,,,swiss chard,,,,,,
,,cremini,,,,,,,,,,,,,,,,,,,,,,
,,cremini mushroom,,,,,,,,,,,,,,,,,,,,,,
,,crosne,,,,,,,,,,,,,,,,,,,,,,
,,cucamelon,,,,,,,,,,,,,,,,,,,,,,
,,cucumber,,,,,,,,,,,,,,,,,,,,,,
,,cucuzza,,,,,,,,,,,,,,,,,,,,,,
,,cumin,,,,,,,,,,,,,,,,,,,,,,
,,curly kale,,,,,,,,,,,,,,,,,,,,,,
