4,A,B,C,D,E,F,G,H,I,J,K,L,M,N,O,P,Q,R,S,T,U,V,W,X,Y,Z
401(k),a-line skirt,babouche,cable,d-ring,e-commerce,fable,g-string,habiliment,ice,jabot,kaftan,lab coat,mabe pearl,nail,o-ring,pace,qipao,rack,sabaton,t-shirt,ugg,v-neck,wadding,xenacoelomorph,yarmulke,zabofloxacin
,abalone,baby,caftan,dalbavancin,ear cuff,fabric,gabardine,habit,ice skate,jack-of-all-trade,kameez,label,macadamia oil,nail art,oath,pacemaker,qiviut,radiata,sachet,tab,ultrasonic,vacation,wader,xicolli,yarn,zealot
,abaya,baby clothe,cagoule,dalmatic,ear defender,fabric belt,gadget,habitat,icelandic,jacket,kangaroo,labeled,machine,nail buffer,obeyed,pack,quadragenary,radiation,sacred,tabard,ultrasuede,vacation wear,wagered,,year,zebra
,ability,babydoll,calamity,damage,ear muff,fabric marker,gain,hack,ichthyosporean,jacquard,kangaroo pocket,labeling,machine learning,nail clipper,obeying,package,qualification,radiation suit,saddle shoe,tabi,umbrella,vague,waist,,yielding,zeptosecond
,abrasion,bacitracin,calcarea,damaged,ear plug,fabric softener,gaining,hacking,icon,jade,karategi,labor,machine wash,nail file,obi,packed,quality checking,radical,safety,tablecloth,umbrella stand,valenki,waist pack,,ylang-ylang oil,zinc
,absolutist,back,calcaronea,damask,ear protection,fabric swatch,gaiter,hadromerida,id,jammer,karma,laborer,machine-wash,nail glue,objective,packing,quantifiable,radio,safety gear,tablet,unaccountable,valet,waistband,,yoctosecond,zip tie
,abstract,back brace,calcinea,dampnes,earbud,face covering,galaxy,haggling,id badge,jargon,keffiyeh,labradorite,macrame,nail polish,obligation,packing cube,quantitie,radiological,safety glasse,tackle box,unbalanced,valet stand,waistcoat,,yoga pant,zip-front
,absurdist,backpack,calcite,dance,earmuff,face mask,galloon,hail,idea,jasmine oil,kente cloth,lace,made,nail polish remover,obligatorily,packing peanut,quantity,rag,safety helmet,tactical clothing,unbalancing,validation,waistline,,yoke,zip-up
,abundance,backup,calculated,dance belt,earning,face shield,galoshe,hair,idealist,jasper,keratosa,lace trim,made-to-measure,nail tip,obliteration,pact,quarter,rage,safety pin,taekwondo dobok,uncertain,valley,wait,,youth,zipped
,abusing,backward,calfskin,dance short,earphone,facial recognition,gambeson,hair clip,identified,jazz shoe,keshi pearl,lace-making,madra,name,observed,pad,quaternary,raglan sleeve,safety vest,taffeta,uncertainly,valuation,waiter jacket,,yukata,zipper
,academic gown,bacteria,caliper,dancer,earpiece,facing,gambled,hair color,identifying,jean,kevlar,lace-up,maestro,name tag,observing,padded,quaternium-100,raiment,safflower oil,tag,unclassified,value,waiter uniform,,,zipper fly
,acceleration,badge,calm,dancewear,earplug,fad,gambling,hair mask,identity,jegging,kevlar vest,laced,magazine,named,obsession,padding,quaternium-15,rain,said,tagelmust,unconsciou,valuing,walker,,,zipper pull
,accent,baeri,calmly,danger,earring,fade,garb,hair net,idol,jellabiya,key,ladder,magnetic,naming,obsidian,paddle,quaternium-18,rain jacket,sailcloth,tagged,uncountable,vambrace,walking stick,,,zippered
,accent piece,baeriida,camel hair,dangle,earth,faded,gardening apron,hair tie,ignition,jelly shoe,keyboard,lambskin,magnetic clasp,nanopunk,obstacle,padparadscha,quaternium-26,rain pant,sailor collar,tagging,undead,vamp,wallet,,,zircon
,acceptance,bag,cameo,daptomycin,earth tone,fail,gardening glove,hairband,ignored,jellyfish,keychain,lamp,magnetism,nanosecond,obstruction,pageboy suit,quaternium-52,rainboot,saint,tagline,undependable,vampire,walnut oil,,,zombie
,acceptance letter,baggy,camera,dared,east,failing,garland,hairdressing cape,ignoring,jeogori,keyhole neck,land,magnetite,napkin,obviou,pagri,quaternium-70,raincoat,sale,tagua nut,underlining,vancomycin,wandering,,,zone
,accepting,bait,camisole,dark spot corrector,echinoderm,faille,garment,hairnet,ikat,jeopardy,khaki,lane,magua,napping,occasionally,painted,quaternium-72,raising,saltwater pearl,tahitian pearl,underpant,vanity,want,,,zoot suit
,access control,baji,camouflage,darning,eclectic,failure,garment bag,hairpiece,ill,jerkin,khimar,language,mail carrier,narrated,occupational,painter,quaternium-80,ramie,salwar,tail,undershirt,variable,war bonnet,,,zori
,accessorie,baking soda,camouflage clothing,dart,economic,fair trade,garment rack,hairpin,illegal,jersey,kickboard,lanolin,mailbox,narration,oceanpunk,painter's coverall,quaternium-81,rammed earth,salwar kameez,tailcoat,understanding,variety,waraji,,,zucchetto
,accessorize,balaclava,camp,dashiki,ecosystem,fairy tale,garment steamer,hakama,illnes,jet,killed,lantern sleeve,maintaining,narrow,octogenary,painting,quaternium-82,ramp,sample,tailor,underwater housing,varsity jacket,wardrobe,,,
,accessorizing,balance,cancellation,dastar,edge,faith,garnet,hakama himo,imagining,jet bead,kilt,lanyard,maintenance,nation,octonary,paisley,quaternium-83,ranchpunk,sample size,tailor shop,underwear,vector,wardrobe box,,,
,accidentally,balanced,candelilla wax,data,edgy,faithful,garter,halichondrida,imitation,jewel,kimono,lapel,majority,national,odor-control treatment,pajama,quaternium-84,randomly,sandal,tailor's chalk,unemployment benefit,vegan leather,wardrobe consultant,,,
,accompanied,balancing,cane,dating,edict,faithfulnes,garter belt,halisarcida,imitation pearl,jewel tone,kimono robe,lapel mic,makeup,national costume,odor-resistant,pajama bottom,quaternium-85,range,sandalwood oil,tailor's dummy,unfaithful,vegetable ivory,wardrobe staple,,,
,accomplishing,ball gown,canola oil,daub,edition,fake,gas mask,halite,immeasurable,jeweler,kimono sleeve,lapel pin,makeup remover,nationalist,off-the-rack,pajama set,quaternium-86,rank,sandstone,tailor's ham,uniform,vehicle,warm,,,
,accomplishment,ballet flat,canva,dawn,editorial,fall,gasoline,halter,immersive,jewelry,kindly,lapis lazuli,malachite,natural fiber,off-the-shoulder,pajama top,quaternium-87,rank insignia,sapphire,tailored,uniform dressing,veil,warm-up suit,,,
,account,ballet shoe,canyon,day,educated,fall wear,gather,halter neck,immigrant,jewelry box,kingdom,laptop,male,natural ga,offense,palace,quaternium-88,ransomware,sarafan,tailoring,uniform pant,velcro,warmth,,,
,accountable,ballet slipper,cap,daydreaming,educational,false,gathered,halter top,immortal,jika-tabi,kippah,large,mall,natural pearl,offer,palazzo pant,quaternium-89,rarely,saran,takeover,uniform shirt,velcroed,warranty,,,
,accounting,ballgown,cap and gown,daypack,eel,false eyelashe,gathering,hamlet,immune,jilbab,kit,lascufloxacin,malware,naturalization,officer,palette,quaternium-90,rash guard,sarape,taking,unintentionally,velocity,warring,,,
,accuracy,balloon,cap sleeve,dead,effect,false nail,gaucho,hammer,immunity,jinbei,kitten heel,lasting,man,nature,officially,palla,quaternium-91,rash vest,sardonyx,taking in,union suit,velour,wash,,,
,accurate,balm,capability,deadstock fabric,ego,fame,gaucho pant,hamper,impact,jingle,knapsack,latex,managed,navel ring,offline,panama,quaternium-92,rashguard,sarecycline,talcum powder,unisex,velvet,washable,,,
,accusation,bamboo,capacitie,dealer,elastane,familial,gauge,hanbok,impacted,job offer,knee,laughing,manager,nebulizer,often,panama hat,quaternium-93,raspberry seed oil,saree,talent,unitard,velveteen,washed,,,
,accused,band,capacity,dealing,elastic,family,gauntlet,hand mask,impeachment,jockstrap,knee brace,launch,managing,necessarily,oil,pandemic,quaternium-94,rasta cap,sari,tall,unitary,vengeance,washer,,,
,acetate,bandage,cape,debate,elastic waist,fan,gauze,hand warmer,impediment,jodhpur,knee high,launching,mandarin,necessity,oilskin,panel,quaternium-95,rate,sarong,tall clothing,united,vent,washing,,,
,achievement,bandana,cape sleeve,debated,elbow,fanatic,gay,hand wash,imperceptible,jogger,knee pad,laundry,mandarin collar,neck,ointment,pannier,quaternium-96,rating,sarouel,tallit,uniting,ventilator,washing instruction,,,
,achieving,bandeau,capelet,debating,elbow pad,fancy,gear,hand-me-down,imperialist,johnny coat,knee sock,laundry bag,mandate,neck brace,olefin,pansexual,quaternium-97,rational,sash,tamanu oil,universalist,verdict,washing machine,,,
,achkan,bang,capital,debit,elder,fancy dres,gel,hand-wash,implant,joining,knee-high,laundry basket,mandatorily,neck gaiter,olive oil,pant,quaternium-98,rattan,sashe,tangible,universe,verification,wasted,,,
,acid,bangle,capitalist,debut,elected,fanny pack,gele,handbag,implementing,jojoba oil,knee-high boot,laundry detergent,mania,neck pillow,olivine,pantaloon,quaternium-99,ravine,satchel,tangzhuang,unlawful,verongida,wasting,,,
,acknowledging,banned,capri,decay,electric,fantasizing,gemstone,handbook,importance,jojoba wax,knee-length,lauryl methicone copolyol,maniple,neckerchief,omadacycline,pantheist,quechquemitl,rayon,satellite,tank,unlimited,verongimorpha,watch,,,
,acknowledgment,banner,capri pant,decaying,electricity,fantasy,gender,handkerchief,importing,jorongo,kneepad,lava-lava,mannequin,necklace,ombre,pantheon,queer,razor,satin,tankini,unlined,versatility,watch band,,,
,acne treatment,baobab oil,capsasporid,deceleration,electromagnetic,farmer's overall,gender-neutral,handle,impossibly,journey,knicker,lavalava,manner,neckline,omission,pantie,quick-dry,reacting,saturation,tanktop,unnoticeable,verse,watch box,,,
,acorafloxacin,bar,capsule,decentralized,elegant,farmpunk,general,handmade,impressed,journeying,knife,lavender oil,manor,necktie,omni-heat,pantone,quietly,reaction,saved,tanning,unofficially,version,watch chain,,,
,acoustic,barber's cape,capsule wardrobe,decided,elementary,farrier's apron,generalist,hanfu,impression,judge,knit,law,mansion,need,omni-shade,pantsuit,quilt,reactive,saving,tanzanite,unpacked,veshti,watch pocket,,,
,acquired,bargain,caption,deciding,elephant,farthingale,generator,hang,imprint,judge robe,knitting,lawful,manta,needle,omni-wick,pantyhose,quilted,read,savior,tap shoe,unpacking,vessel,watch strap,,,
,acquiring,bargaining,car,decision,elimination,fascinator,genetic,hang tag,imprisoned,judge's robe,knitting needle,lawn,mantilla,neem,omni-wind,paper,quilted jacket,reader,savoring,tape,unpredictably,vest,watched,,,
,acquisition,bark cloth,carabiner,declaration,ellipse,fashion,genius,hanger,improbably,judged,knob,lawsuit,mantle,negligee,omnisexual,paper bag,quilting,reading,saw,tape dispenser,unquantifiable,vestment,watching,,,
,acquittal,baroque pearl,caraway oil,decline,elocution,fashion editor,gently,hanging,in-line skate,judging,knot,lawyer,mantlet,negotiating,on sale,paper clip,quilting cotton,reading glasse,scale,tape measure,unreasonable,vetiver oil,water,,,
,acquitted,barrette,carbon fiber,declining,embellish,fashion show,genuine,haori,in-store,judgment,knowledge,layer,manual,negotiation,one size,parable,quinary,ready-to-wear,scallop,tapered,unreliable,vial,water bottle,,,
,acrylic,barrier,carbon monoxide detector,decluttering,emblem,fashion sketch,geometric,happi,inadvertently,judicial robe,kokoshnik,layering,manufacturing,neighborhood,one-piece,parachute,quinquagenary,real,scalpel,tapestry,unstable,vibration,water shoe,,,
,acting,bartered,card,decoded,embracing,fashionista,georgette,hapsidophora,inaudible,judogi,krill oil,layering piece,map,nemonoxacin,one-piece swimsuit,paraffin wax,quiz,real estate,scandal,taqiyah,unsteady,vice,water-resistant,,,
,action,bartering,cardamom oil,decomposing,embroider,fast fashion,geranium oil,haptic suit,incarceration,juliet sleeve,kufi,lead,marble,neomycin,one-shoulder,paragraph,quote,real property,scanner,target,unstructured,vice president,watercolor,,,
,action camera,base,cardboard,decompressed,embroidered,fate,germ,hard hat,incentive,jumper,kukui nut oil,leader,marbled,neon clothing,onesie,parallel,,realist,scarf,targeting,untrustworthy,vicenary,watermelon seed oil,,,
,active,base coat,cardigan,deconstructed,embroiderer,fatigue,gesture,hardnes,incline,jumpsuit,kunzite,leading,marcasite,neoprene,online,paranormal,,reality,scarf hanger,tariff,unused,victory,waterproof,,,
,activewear,base layer,cardigan coat,deconstructionist,embroidery,fault,gesture control,hardship,including,junglepunk,kurta,learned,marjoram oil,net,onyx,parasite,,realm,scarification,tartan,unwillingly,vicuna,waterproof jacket,,,
,activist,baseball cap,cardigan sweater,decrease,embroidery machine,faux fur,geta,harem pant,inclusion,juniper berry oil,kyanite,learning,mark,netting,op-ed,parasol,,reason,scene,tassel,up,vicuÃÂÃÂÃÂÃÂ£ÃÂÃÂÃÂÃÂ±a,waterproofing,,,
,actor,baseball cleat,cardinal,decreased,emerald,fax,getup,harmed,incorrectly,jury,,lease,marker,networked,opal,parazoa,,reasonable,scheme,tasseled,upcycled,video,waterproofing spray,,,
,actres,baseball jersey,care,decree,emergency,feather,ghillie,harmonized,increase,justacorp,,leased,market,neutral,open-front,parcel,,reasoning,schemed,tasting,upcycled fabric,view,wattle,,,
,actual,basic,care label,decrypted,emergency blanket,feather cloak,ghillie suit,harmonizing,increased,justice,,leasing,marketed,never,opening,pardon,,rebate,scheming,tatting,upcycling,viewer,wave,,,
,actually,basil oil,carefully,decryption,emotion,feather headdres,ghost,harmony,indefinite,jute,,leather,marketing,new,openly,pareo,,rebel,school,tattoo,update,vigor,wax,,,
,adaptability,basket,cargo,dedication,emotional,feathered,gift wrap,harnes,indentation,juvenile,,leather jacket,martial arts gi,newsboy cap,ophthalmoscope,parka,,rebozo,science,tattoo artist's apron,updo,villa,way,,,
,adapter,basketball jersey,cargo pant,deduction,empathizing,federalist,gifted,harshly,independence,,,leather strap,martyr,newsletter,opinion,parkway,,recalled,science fiction,taught,upgrade,village,weak,,,
,adapting,basketball shoe,cargo pocket,deep,empire,fedora,gifting,harshnes,index,,,leatherworker,marula oil,newspaper,opisthokont,parole,,recalling,scissor,tax,upper hand,villain,weaknes,,,
,adaptive,basque,cargo short,deep conditioner,employee,fee,gigantic,hat,indicated,,,leave,marxist,nickel,opposed,parsley oil,,receipt,scoop neck,taxe,urban,vinal,wealth,,,
,adaptive clothing,batch,caring,deerskin,empowering,feedback,gilet,hat stand,indicator,,,leave-in conditioner,mary jane,nickname,oppressed,part,,receiver,scooter,tea tree oil,urchin,vindicated,wear,,,
,added,batche,carnauba wax,deerstalker,emu oil,feeding tube,gimbal,hatband,indictment,,,led,mas,night,optimist,participant,,receiving,scope,teaching,urge,vinegar,wearable tech,,,
,addendum,bathingsuit,carnelian,defeat,emulsion,feeling,gimp mask,hatefully,indifferently,,,led dres,mascara,nightgown,option,participating,,receptacle,score,team,used,vintage,wearing,,,
,addiction,bathrobe,carpenter's apron,defect,enabling,felt,ginger oil,hating,indignation,,,lederhosen,mask,nightie,optionally,particle,,recognition,scorn,tear,user,vintage clothing,weather,,,
,address label,batik,carrier,defendant,enclosure,felting,gingham,hatred,indigo,,,leech,mass market,nightshirt,orange oil,particularist,,recognized,screenwriter,technique,username,vintage store,weathered,,,
,adhesive,batiste,carry-on,defended,encoded,female,girdle,hauberk,individual,,,lefamulin,masse,nihilist,oratory,parting,,recognizing,screw,technology,ushanka,vinyl,weave,,,
,adhesive tape,batterie,cartilage earring,defending,encouraged,feminist,giving,haute couture,individualist,,,left,massive,nipple ring,order,partlet,,recommendation,screwdriver,teddy,using,vinyon,weaver,,,
,adjustable,battery,carved,defense,encrypted,femtosecond,gladiator,hazard,industrial,,,leg opening,master,niqab,orderly,partner,,recommending,scrub,tedizolid,utilitarian,violation,weaving,,,
,administered,battery charger,case,defibrillator,encryption,fencing uniform,gladiator sandal,hazelnut oil,industry,,,leg warmer,master of none,no-show sock,ordinal,partnered,,reconstructed,scrunchie,teen,utilitie,violence,wedding,,,
,admiration,batting,cash,definite,encyclopedia,fennel oil,glas,hazmat suit,inertia,,,leg-of-mutton sleeve,match,noise,oregano oil,partnering,,record,sculpted,teenager,utility belt,virgin,wedding dres,,,
,admiring,batting helmet,cashmere,degree,end,festival,glass bead,head tie,infant,,,legal,matching,noise maker,organ,partnership,,recovered,sculptor,teeth,utopia,virtual,wedding dress,,,
,adobe,battle dress uniform,cassia,deist,endangering,festive,glasse,headband,infant onesie,,,legal age,material,nomex,organic,party,,recovery,sculpture,tefillin,uv-protective,virtual reality,wedding ring,,,
,adulation,batwing sleeve,cassock,deity,ending,fez,glasses case,headdres,infected,,,legend,maternity,nominally,organic cotton,party hat,,recreational,sea buckthorn oil,teflon,uv-protective treatment,virtually,wedge,,,
,adult,bauxite,cast,delafloxacin,endles,fiber,glitter,headgear,infectiou,,,legendary,maternity wear,nonagenary,organism,pas,,rectangle,seal,tektite,,virtue,weed,,,
,advanced,bayberry wax,cast cover,delay,endnote,fiber optic,globalist,headlamp,infinite,,,leggings,matrix opal,nonary,organized,pashmina,,recycled,seam,telavancin,,virtuoso,week,,,
,advantage,bazaar,castle,delegating,endorsement,fichu,globalization,headphone,infinity,,,legitimate,maxi,nonbinary,organizer,passion,,recycled polyester,seam ripper,telescope,,virus,weight,,,
,adventure,beach,castor oil,deletion,endurance,fiction,glory,headscarf,infinity scarf,,,legwarmer,maxi dres,nonfiction,organizing,passionately,,recycling,seamstres,telescopic handle,,visa,welcoming,,,
,adventuring,beach bag,casual,deliberately,enduring,fictional,glossary,headset,inflatable ring,,,lehenga,maxi skirt,north,organza,passive,,red beryl,seamstress,television,,viscose,welding apron,,,
,adversity,beach ball,casual wear,delicate,energy,fidelity,glove,healing,inflatable vest,,,lei,maxidress,northeast,orientation,passport,,redingote,season,telling,,visible,welding helmet,,,
,advertised,beach cover-up,casualwear,delivery truck,engagement ring,field,glove holder,health,influence,,,leisure,maximalist,northwest,original,password,,reduced,seasonal,temperament,,vision insurance,wellie,,,
,advertising,beach dres,cat's eye,demand,engaging,fighting,glow-in-the-dark,health insurance,influenced,,,leisure suit,maxiskirt,nose clip,oritavancin,past,,reduction,seasonles,temperature,,visor,wellington,,,
,advice,beachwear,catalog,demisexual,engineering,figure,glucose monitor,healthy,influencer,,,lemon oil,maxtlatl,nose ring,orthopedic,paste,,reel,seaweed,tempo,,vitality,wellington boot,,,
,advocate,bead,cataloging,democratic,enhancing,figure skate,glue,heap,influencing,,,lencettida,mean,notch,orthopedic shoe,pastel,,reetha,second,temporary,,vlog,wellnes,,,
,advocated,beaded,catalyst,demon,enjoying,filament,goal,heard,informal,,,lending,meaning,notch lapel,orthotic,pastime,,reference,second-hand,tencel,,vlogging,welt,,,
,affected,beading,catastrophe,demonstrated,enlargement,filasterean,goatee,hearing,informally,,,length,measurable,notebook,oscarella,patch,,reflecting,second-hand clothing,tender,,vocabulary,welt pocket,,,
,affiliate,beanie,catching,demonstrator,enlightenment,file,goatskin,hearing aid,informant,,,leniency,measure,notice,ostrich,patch pocket,,reflective,secondary,tennis shoe,,vocational,werewolf,,,
,affirmation,beard,catchphrase,demospongiae,enmity,filling,god,hearing protection,informative,,,lens cleaner,measurement,noticeable,otoscope,patche,,reflective clothing,secondhand,tennis skirt,,vogue,west,,,
,affordable,beard net,categorized,denary,enormou,film,goddes,heat,infrasonic,,,lent,measuring tape,noticed,ottoman,patched,,reflective tape,secondhand clothing,term,,voice recognition,wet suit,,,
,affront,bearing,categorizing,dendroceratida,ensemble,filozoa,godet,heated jacket,infrequently,,,leopard,mechanic's overall,noticing,outbreak,patching,,reflective vest,secrecy,termination,,voiceover,wetnes,,,
,aficionado,beat,category,denim,enslaved,fin,goethite,heavy-duty,infringement,,,leotard,medal,notion,outcome,patchouli oil,,reflex,secret,termination letter,,voile,wetsuit,,,
,afro,becoming,catheter,denim jacket,entertaining,finafloxacin,goggle,hedonist,inhaler,,,lesbian,meddling,novice,outdoor,patchwork,,reflex hammer,secretly,terminology,,volume,wheel,,,
,after-sun lotion,bedazzled,cause,denim skirt,entertainment,finale,gold,heel,inherited,,,lesson,media,nubuck,outer,patent,,refreshing,section,territory,,voluntarily,wheelchair,,,
,afternoon,beehive,cavalry twill,densitie,enthusiast,financing,golf shirt,heel grip,inheriting,,,letterhead,mediating,nuclear,outer layer,patent leather,,refugee,secular,terrorist,,volunteer,whipcord,,,
,aftershave,beeswax,cavitie,density,enthusiastically,finding,golf shoe,hegemony,initiating,,,letting go,mediation,nucleariid,outerwear,path,,refund,securing,terry cloth,,voted,whistle,,,
,afterword,beginner,cco,dental insurance,entrepreneur,fine,good,height,injunction,,,letting out,medicaid,number,outfit,pathogen,,regalia,security,terrycloth,,vow,whistleblower,,,
,agal,beginning,ceasing,deodorant,enunciation,fingerless glove,gore,heirloom,injured,,,leuconida,medical alert bracelet,nurse uniform,outlet,patient gown,,regenerating,security pocket,tertiary,,voyage,white tie,,,
,agate,behenoxy dimethicone,cedar,deodorizer,envelope,fingerprint,gore-tex,helicopter,inline skate,,,level,medical boot,nursing,outline,patient robe,,region,security tag,test,,vr headset,whitehead extractor,,,
,agbada,behentrimonium chloride,cedar block,department store,environment,finish,gorge,heliodor,inner,,,lever,medical scrub,nursing wear,outpost,patka,,regional,seed,tested,,vulnerability,whitening,,,
,agelasida,being,cedarwood oil,dependable,epaulet,finishing,gorget,heliotrope,inner pocket,,,leverage,medicare,nut,outseam,patriot,,registration,seed pearl,testimony,,vulnerable,wholesale,,,
,agent,beizi,ceftaroline,dependence,epaulette,finite,goshenite,helmet,innovating,,,levonadifloxacin,medication,nutmeg oil,outsole,patron,,regression,seeing,testing,,,wholesaling,,,
,aggregate,belief,celebrating,deposit,epic,fir needle oil,gossip,help,innovation,,,levy,medieval,nylon,outsourcing,pattern,,regressive,seeking,tethyida,,,wicker,,,
,aggression,bell,celebration,deposited,epicurean,fire,goth,helped,innovator,,,liable,meditating,,oval,patterned,,regressively,seen,tetracladina,,,wide,,,
,agility,bell sleeve,celebrity,depressed,epidemic,fire extinguisher,governed,helping,inozoa,,,liberal,medium,,oven mitt,pauldron,,regularly,seersucker,tetractinellida,,,wide-leg,,,
,aglet,bellhop uniform,celibate,depression,epilogue,fire helmet,gown,hem,inseam,,,liberally,meeting,,overall,pause,,regulation,segment,tetracycline,,,width,,,
,agnostic,bellows pocket,cell,depth,epinephrine auto-injector,fire opal,gps shoe,hematite,insect,,,liberated,megalopoli,,overcoat,pausing,,rehabilitation,segregated,textile,,,wig,,,
,agreement,belly button ring,cell phone,derbie,epipen,fire starter,grade,hemline,insect repellent,,,libertarian,melody,,overflow,payment,,rejection,segway,texture,,,willingly,,,
,aid,belt,cement,derby,epipolasida,firefighter suit,gradient,hemming,insect-repellent treatment,,,liberty,melted,,overlocker,peace,,rejection letter,selected,thalamida,,,wimple,,,
,aided,belt bag,censorship,derived,episode,firefighter uniform,graduation,hemostat,insensible,,,license,member,,overseeing,peacemaking,,rejuvenating,selection,thank,,,win,,,
,aigrette,belt buckle,centenary,dermocystid,equinox,firewall,graduation gown,hemp,inset,,,licensing,membership,,oversized,peacoat,,relational,selenite,thanking,,,windbreaker,,,
,aiguillette,belt loop,centralized,described,equipment,firing,grammar,hemp seed oil,insight,,,lichen,meme,,overtly,peak,,relativist,self,thatch,,,windowpane,,,
,aim,belt rack,centrist,desert boot,eradication,firming,granite,henley,insignia,,,lid,memorializing,,overview,peak lapel,,relaxed,self-expression,thawb,,,windproof,,,
,aiming,belted,ceo,desertpunk,eraser,first aid kit,grantiida,henley shirt,insole,,,lie,memory card,,owned,peanut oil,,release,self-tanner,theater,,,wing,,,
,air,benchmark,ceractinomorpha,design,erasure,fish oil,grapefruit oil,henna,insourcing,,,life hack,memory foam,,owner,pearl,,releasing,selfie stick,theatrical costume,,,wingsuit,,,
,airplane,benefit,ceramic,designated,eravacycline,fishing vest,grapeseed oil,hereditary,inspected,,,life insurance,men,,oxford,peasant sleeve,,reliable,seller,theist,,,winning,,,
,akoya pearl,bengaline,ceramic bead,designed,eroded,fishing wader,graphic,heritage,inspecting,,,life jacket,men',,oxford cloth,pedal,,reliance,selling,theoretical,,,winter,,,
,alb,beret,ceremonial,designer,erosion,fishnet,gras,hero,inspired,,,life vest,mend,,oxygen tank,pedal pusher,,relief,semi-formal,therapeutic,,,winter wear,,,
,alcantara,bergamot oil,ceremonial dres,designing,errata,fissure,grasping,herringbone,inspiring,,,life-changing,mended,,oyster,peel,,religion,semi-formal wear,therapy,,,wire,,,
,alexandrite,bermuda,ceremony,desire,erroneously,fit,grass skirt,hessian,installation,,,lifting,mending,,ozokerite,peel-off mask,,religiou,seminar,thermal,,,wisdom,,,
,algae,berrie,ceresin,desktop,error,fitnes,gratitude,heteropiida,instinct,,,light,mental,,,peep-toe,,reluctantly,senary,thermal regulation treatment,,,withdrawal,,,
,algorithm,beryl,certainly,destabilizing,erythromycin,fitness tracker,gravity,heterosexual,instruction,,,light fixture,mentored,,,peg,,remembered,senior,thermal shirt,,,witnes,,,
,alia,bespoke,certificate,destination,espadrille,fitted,graysexual,hexactinellida,instrument,,,light-up,mentoring,,,peignoir,,remembering,sensation,thermal underwear,,,woman,,,
,alien,bet,cetrimonium chloride,destiny,essence,fitting,greave,hi-vis vest,insulated,,,lightweight,merchant,,,pelerine,,removable,sensible,thermolite,,,women,,,
,alive,betadine,cetyl dimethicone,destroyed,essential,fitting room,green card,hidden,insulating,,,liking,mercury,,,pelisse,,removal,sensing,thermometer,,,women',,,
,allegation,bhringraj,cfo,destruction,essentially,fix,grew,hidden pocket,insulation,,,limestone,mercy,,,pelt,,removing,sensory-friendly,thesauru,,,wood,,,
,allegiance,bias tape,chador,detachable,estate,fixed,grievance,hiding,insulator,,,limit,merged,,,pen,,renaissance,sensory-friendly clothing,thicknes,,,wood bead,,,
,allegory,bib,chaetetida,detachable collar,esteem,flag,grip,high,insulin pump,,,limited,merger,,,penalty,,renaissance person,sentence,thicknesse,,,wooden buckle,,,
,alley,bibliography,chain,detaching,estimate,flak jacket,gripping,high heel,insult,,,limonite,merging,,,pencil,,renewal,sentenced,thigh,,,wool,,,
,alliance,bicycle,chained,detangler,estimated,flame,grommet,high-visibility,insurgent,,,line,merino,,,pencil skirt,,renewing,sentencing,thigh high,,,word,,,
,alligator,bid,chainmail,detergent,eternal,flame-resistant,grosgrain,high-visibility clothing,insuring,,,line dry,merino wool,,,pendant,,renown,sentient,thigh-high,,,work,,,
,ally,big,chalk,deterioration,eternity,flame-retardant treatment,group,high-visibility vest,intaglio,,,lined,mesa,,,pennant,,rent,separated,thigh-high boot,,,work boot,,,
,almond oil,big and tall,chalk stripe,deterministically,ethic,flamenco shoe,growing,high-waisted,intangible,,,linen,mesh,,,pension,,rental,separating,thimble,,,work glove,,,
,aloe vera,bike helmet,challenge,deuterostome,ethical,flannel,growth,highlighter,integrated,,,linezolid,mesh bag,,,peplo,,rented,septenary,thinsulate,,,work shirt,,,
,alpaca,bikini,challenged,devastation,ethical fashion,flannel shirt,grudge,highway,integration,,,lingerie,mesomycetozoean,,,peplum,,renting,septuagenary,thobe,,,worker,,,
,alter,bikini brief,chamanto,developed,eucalyptus oil,flap,grunge,hijab,integrity,,,lining,mess dres,,,peppermint oil,,repair,septum ring,thong,,,workout clothe,,,
,alteration,bikini top,chambray,developer,eumetazoa,flap pocket,guarantee,hiking boot,intellectual property,,,link,mess jacket,,,perceiving,,repaired,sequin,thought,,,workshop,,,
,altered,bilaterian,chamomile oil,development,evaluated,flare,guayabera,hill,intelligence,,,linking,messenger bag,,,perceptible,,repairing,sequined,thoughtfully,,,workwear,,,
,altering,bill,championship ring,deviating,evaluating,flashlight,guidance,himation,intelligent,,,lint roller,messiah,,,perception,,replacement,sequinning,thread,,,world,,,
,alternate,bin,chance,device,evaluation,flat,guide,hindrance,intentionally,,,lip glos,metal,,,performance,,replacing,serape,threat,,,worm,,,
,alternative,binder,chandelier,devil,evaporated,flat cap,guide dog harnes,hinge,interactive,,,lip liner,metal bead,,,performer,,replica,serenity,three-quarter sleeve,,,worn,,,
,aluminum,binding,chandelier earring,devotee,evening,flattery,guided,hip,interest,,,lip mask,metal buckle,,,performing,,report,serge,thrift,,,worship,,,
,alway,binocular,changed,devotion,evening dre,flaw,guideline,hip boot,interestedly,,,lip ring,metaphor,,,perfume,,reporting,serger,thrift store,,,wrap,,,
,amateur,biodegradable,changing,dew,evening dres,flaxseed oil,gurney,hip pad,interfacing,,,lipstick,metaphysical,,,peridot,,representative,serie,thrifted,,,wrap dres,,,
,amber,biographical,changshan,dhoti,evening gown,flea market,guru,hip-hop,interference,,,liqui liqui,metaverse,,,peril,,repressed,serum,thriller,,,wrap skirt,,,
,amber bead,biohazard suit,chao,diadem,evening primrose oil,fleck,gusset,hipster,interlining,,,liquid,metazoa,,,period clothing,,republican,server,thriving,,,wrapper,,,
,ambiance,biological,chaotically,dial,event,fleece,gym,historian,intermediate,,,listener,meteor,,,period costume,,repurposing,service,throat,,,wrath,,,
,ambiguou,biome,chap,dialect,evidence,fleeting,gym bag,historical,intermittently,,,listening,meteorite,,,periodically,,reputation,service animal vest,throwing,,,wreath,,,
,ambulance,biometric,chapan,dialogue,evil,flexibility,gym wear,historical clothing,intern,,,lithistida,meter,,,permanent,,requirement,service uniform,thyme oil,,,wrench,,,
,amendment,biopunk,chapter,dialysis machine,evolutionary,flight attendant uniform,gypsum,historical costume,internationalist,,,lithonida,method,,,permissible,,rescue,serving,tiara,,,wrestling singlet,,,
,amethyst,bipap machine,character,diamond,evolved,flight jacket,,history,internet,,,litigating,methodically,,,permission,,rescued,sesame oil,ticket pocket,,,wrinkle,,,
,amice,biretta,character shoe,diaper,evolving,flight suit,,hitting,interpretation,,,litigation,metric,,,permissively,,research,set,tie,,,wrinkle-resistant treatment,,,
,amla,birthstone,charge,diction,exact,flint,,hoarding,interpreted,,,little black dres,metronidazole,,,permit,,researched,setback,tie bar,,,wrist,,,
,ammonia,bisexual,charger,dictionary,exam,flip belt,,hobby,interruption,,,livery,metropolitan,,,peroxide,,researching,setting,tie clip,,,wrist brace,,,
,amnesty,bishop sleeve,charity,dictyoceratida,examination gown,flip flop,,hobbyist,interview,,,living,microbe,,,perpetual,,resentment,settlement,tie rack,,,wristband,,,
,amodimethicone,bisht,charm,diesel,examined,flipper,,hobo bag,intimate,,,llama,microcrystalline wax,,,persevering,,resident,severance package,tie-dye,,,writer,,,
,amount,bitternes,charmeuse,dieselpunk,exception,floatie,,hockey helmet,introduction,,,loafer,microfiber,,,persisting,,resignation letter,severity,tie-front,,,writing,,,
,ampoule,black currant seed oil,charro suit,differentiated,exces,flood,,hockey jersey,intrusion,,,loan,microneedle patch,,,person,,resilience,sew,tied,,,written,,,
,ampule,black opal,chaste,difficulty,exchange,floor-length,,hockey skate,intuition,,,localist,microphone,,,persona,,resilient,sewing,tiger's eye,,,wrong,,,
,amusement,black pepper oil,chasuble,digit,exchanged,floral,,hoilungia,invasion,,,localization,microsecond,,,personal,,resin,sewing kit,tight,,,wrongly,,,
,analogou,black tie,chateau,digital,exchanging,flounce,,holder,invented,,,location,mid layer,,,personal property,,resistant,sewing machine,tilma,,,,,,
,analogy,blackhead remover,cheap,dignity,excitedly,flourishing,,holding on,inventing,,,lock,mid-rise,,,personal shopper,,resisted,sewing needle,timbre,,,,,,
,analysi,blacksmith's apron,check,dilettante,exclusion,flower,,hole,invention,,,locket,midi,,,personal style,,resisting,sex,time,,,,,,
,analytic,blame,checked bag,dill oil,executed,flower girl dres,,holiday,inventor,,,logic,midi dres,,,personality,,resolution,sexagenary,timeles,,,,,,
,analyzed,blamed,checkmate,dimension,executing,fluorescent,,hollow,inventorying,,,logical,midi skirt,,,personalized,,resolved,shade,timing,,,,,,
,analyzing,blaming,chef coat,dimethicone,executive,fluorescent clothing,,holozoa,invested,,,logo,midnight,,,perspective,,resort wear,shaft,tin,,,,,,
,anarchist,blanket,chef uniform,dimethiconol,exempt,fluorite,,holy,investing,,,loincloth,midsole,,,persuaded,,resource,shag,tint,,,,,,
,anatomical,blanket scarf,chef's coat,dinner jacket,exemption,fly,,homburg,investment,,,long,might,,,persuasion,,respect,shaming,tiny,,,,,,
,anchor,blaze orange,chef's jacket,diploma,exfoliant,fly fishing vest,,homework,investor,,,long john,mildew,,,pessimist,,respecting,shampoo,tip,,,,,,
,andalusite,blaze orange vest,chelsea boot,direction,exhibit,foam,,homosclerophorida,invisible,,,long sleeve,military helmet,,,peter pan collar,,respirator,shape,tippet,,,,,,
,anemone,blazer,chemical,directive,exhibited,fob,,honesty,invoice,,,long underwear,military uniform,,,petersham,,respondent,shaped,tissue,,,,,,
,angel,bleach,chemise,director,exhibiting,fob pocket,,honor,involuntarily,,,long-sleeve,millenary,,,petite,,responding,shapewear,titanite,,,,,,
,anger,bleaching,cheongsam,dirndl,exhibition,fog,,honoring,involving,,,long-sleeved,milliner,,,petite clothing,,responsibility,shaping,titanium,,,,,,
,angora,blemish control,cherishing,disability insurance,existentialist,foil,,hood,iodine,,,longithorax,millisecond,,,petroleum jelly,,responsible,shareholder,title,,,,,,
,angrily,blend,chert,disability-friendly,existing,fold,,hoodie,iolite,,,look,mind,,,petticoat,,responsive,sharing,toboggan,,,,,,
,animal print,blindfold,chest,disassembled,exonerated,folded,,hook,ira,,,lookbook,mindfully,,,pewter,,restoration,shark,toddler,,,,,,
,animosity,blister pearl,chest of drawer,disaster,exoskeleton,folder,,hook and eye,iron,,,loom,mineral,,,pharetronida,,restored,shark liver oil,toddler clothe,,,,,,
,ankle,block,chest wader,discarded,expanded,folding,,hook and loop,ironed,,,loop,mineral oil,,,phenyl trimethicone,,restoring,sharpener,toe,,,,,,
,ankle boot,block heel,chevron,discarding,expansion,folk costume,,hook-and-eye,ironing,,,loose,mini,,,phishing,,restricted,shaving cream,toe ring,,,,,,
,ankle sock,blockage,chia seed oil,disciple,expedition,folklore,,hooked,ironing board,,,lorgnette,mini dres,,,phone,,restrictively,shawl,toe warmer,,,,,,
,ankle-length,blog,chic,disconnected,expense,followed,,hooks and eye,irrational,,,los,mini skirt,,,phosphorescent,,result,shawl collar,tog,,,,,,
,anklet,blogging,chiffon,discord,expensive,follower,,hoop,irregular,,,losing,minimalism,,,photographer's vest,,resume,shawl collar sweater,toga,,,,,,
,annex,blood pressure cuff,chignon,discount,experienced,following,,hoop earring,irregularly,,,lost,minimalist,,,photographing,,resuming,shawl lapel,toggle,,,,,,
,annihilation,blood pressure monitor,child,discovered,experiencing,fonticulid,,hoop skirt,irresponsible,,,lot,miniskirt,,,photography,,retail,shayla,toile,,,,,,
,annotation,bloodstone,children',discovering,experimented,foot mask,,hoping,irritation,,,lotion,ministeriid,,,phrase,,retailing,shearing,told,,,,,,
,announcement,bloomer,children's clothing,discovery,experimenting,football cleat,,horn,isiagu,,,loudly,minor,,,phrasing,,retaliation,shearling,tolerance,,,,,,
,annoyance,blouse,chima,discussed,expert,football helmet,,horn bead,isolated,,,lounge,minority,,,phylacterie,,retina scan,sheath dres,tone,,,,,,
,anonymity,blush,chimere,discussing,expiration,football jersey,,horror,isolation gown,,,lounge suit,minute,,,physical,,retirement plan,sheepskin,toner,,,,,,
,anorak,boa,china poblana,discussion,explained,footie pajama,,horsehair,ivory,,,loungewear,mirror,,,physiological,,retractor,sheet mask,tongue,,,,,,
,antagonist,board,chino,disdain,exploration,footnote,,horsehide,ivory bead,,,loving,miscommunication,,,picked,,retro,shelf,tongue depressor,,,,,,
,antenna,board short,chip,disease,exploring,footwear,,hose,,,,lovingly,misfortune,,,picosecond,,return,shelf liner,tongue ring,,,,,,
,anthem,boardshort,chiton,diseased,exporting,forbidden,,hosiery,,,,low,misinformation,,,piece,,return addres,shell,tool,,,,,,
,anti-aging,boat,chlamy,disguise,exposing,force,,hospital bed,,,,low-rise,misinterpretation,,,piercing,,return address label,shell bead,tool belt,,,,,,
,anti-g suit,boat neck,chlorhexidine,disgust,exposure suit,forcep,,hospital gown,,,,lowering,misrepresentation,,,pigskin,,returning,sherwani,top,,,,,,
,anti-microbial,boat shoe,choanoflagellate,dish,expressed,forecasted,,host,,,,loyal,missing,,,pile,,reusable bag,shetland,top coat,,,,,,
,anti-microbial treatment,boater,choice,dish towel,expression,forecasting,,hostility,,,,loyalty,mist,,,pilgrim hat,,reused,shield,top hat,,,,,,
,anti-theft device,bob,choir robe,disinformation,expressway,forever,,hot pant,,,,luck,mistake,,,pill,,revealed,shift,top secret,,,,,,
,anti-wrinkle,bobber,choker,disinterestedly,extended,foreword,,houndstooth,,,,luggage,mistakenly,,,pillbox hat,,revealing,shift dres,topaz,,,,,,
,antibiotic ointment,bobby pin,chondrillida,dislike,extended reality,forgetting,,hour,,,,luggage tag,misunderstanding,,,pillowcase,,revenge,shikakai,topi,,,,,,
,antihero,bodice,chondrosida,disliking,extension,forgotten,,house shoe,,,,lunarpunk,misusing,,,pilot uniform,,reversal,shin guard,torn,,,,,,
,antipathy,body,choosing,disloyal,extension cord,form,,housecoat,,,,lungi,mitpachat,,,pimple patch,,reversible,shinguard,torque,,,,,,
,antiperspirant,body chain,chord,disobeyed,extent,formal,,hoverboard,,,,lure,mitre,,,pin,,review,ship,tortoiseshell,,,,,,
,antique,body fat analyzer,choristida,disobeying,extinction,formal wear,,how-to,,,,luxury,mitten,,,pin stripe,,reviewed,shipping,total,,,,,,
,antiquity,body glitter,chosen,disorder,extra,formally,,huarache,,,,lycra,mix,,,pinafore,,reviewing,shirt,totalitarian,,,,,,
,antiseptic,body jewelry,christening gown,display,extra large,formalwear,,hub,,,,lyocell,mixed,,,pince-nez,,revision,shirtsleeve,tote bag,,,,,,
,antiviru,body mask,chrysoberyl,displayed,extra small,formed,,hue,,,,,mixed media,,,pine oil,,revitalizing,shirtwaist,touch screen,,,,,,
,ao dai,body mic,chrysoprase,displaying,extra-large,fort,,huge,,,,,mixed reality,,,pinking shear,,revocation,shock,touching,,,,,,
,apathetically,body paint,chukka boot,disposition,extremist,fortune,,huipil,,,,,mixing,,,pinned,,revolutionary,shoe,toughnes,,,,,,
,apatite,body spray,chullo,disproven,eye,forward,,human,,,,,mobcap,,,pinstripe,,reward,shoe bag,toupee,,,,,,
,aperiodically,bodysuit,cilantro oil,dispute,eye mask,fossil,,humidity,,,,,mobility,,,pioneer,,rewarded,shoe brush,tourmaline,,,,,,
,apocalypse,bodywarmer,cincture,disrespect,eye protection,found,,humiliating,,,,,moccasin,,,piping,,rewarding,shoe horn,tourniquet,,,,,,
,apostle,bohemian,cinnamon oil,disruption,eyebrow pencil,foundation,,hung,,,,,mock neck,,,piquÃÂÃÂÃÂÃÂ£ÃÂÃÂÃÂÃÂ©,,rhetoric,shoe polish,towel,,,,,,
,apparatu,boiled,cio,dissolved,eyebrow ring,founder,,hunting clothe,,,,,mock turtleneck,,,pit,,rhinestone,shoe rack,tower,,,,,,
,apparel,boiler suit,circle,distinction,eyelet,fragile,,hunting clothing,,,,,mock-up,,,pitch,,rhinosporid,shoe stretcher,town,,,,,,
,appellant,bolero,circle skirt,distressed,eyelet stay,fragment,,hunting jacket,,,,,modacrylic,,,pixie,,rhodonite,shoe tree,traacht,,,,,,
,appellee,bolo tie,circlet,distressing,eyeliner,franchising,,hunting vest,,,,,modal,,,place,,rhyme,shoehorn,tracheostomy tube,,,,,,
,appendix,bolt,citation,distributed,eyepatch,frankincense oil,,hydration pack,,,,,mode,,,placemat,,rhythm,shoelace,track jacket,,,,,,
,application,bombacha,citizen,distributing,eyeshadow,frazada,,hydrocolloid patch,,,,,model,,,placket,,ribbon,shoemaker,track pant,,,,,,
,applied,bomber jacket,citrine,distribution,eyewear,free will,,hydrogen peroxide,,,,,modeling,,,placospongiida,,rice bran wax,shooting,track shoe,,,,,,
,applique,bonding,city,district,,freed,,hype,,,,,modem,,,placozoa,,riche,shop,tracksuit,,,,,,
,appliquÃÂÃÂÃÂÃÂ£ÃÂÃÂÃÂÃÂ©,bone,citypunk,disturbance,,freedom,,,,,,,moderate,,,placozoan,,riding boot,shopper,trade,,,,,,
,applying,bone bead,civilization,diverging,,freedom fighter,,,,,,,modern,,,plaid,,riding helmet,shopping,trade secret,,,,,,
,appointed,boning,claim,diversion,,freeway,,,,,,,modernist,,,plain,,right,shopping bag,traded,,,,,,
,appraisal,bonnet,claimant,diversity,,frequently,,,,,,,mohair,,,plaintiff,,ring,short,trademark,,,,,,
,appraising,book,clam,divesting,,freshwater pearl,,,,,,,mohawk,,,plakina,,rioter,short sleeve,trader,,,,,,
,appreciating,boot,clamp,divestiture,,friend,,,,,,,moire,,,plakinastrella,,ripped,short-sleeve,trading,,,,,,
,appreciation,boot jack,clan,divided,,frill,,,,,,,moisture,,,planck time,,rise,short-sleeved,tradition,,,,,,
,apprentice,boot tree,clandestinely,divider,,fringe,,,,,,,moisture-wicking,,,plane,,risk,shoulder,traditional,,,,,,
,approval,bootcut,clary sage oil,divine,,fringed,,,,,,,moisture-wicking treatment,,,planet,,risked,shoulder bag,traditional dres,,,,,,
,apron,bootie,clas,diving helmet,,frock,,,,,,,moisturizer,,,planned,,risking,shoulder board,traffic vest,,,,,,
,aquamarine,bootlace,clasp,diving suit,,frock coat,,,,,,,mold,,,planning,,ritual,shoulder pad,tragedy,,,,,,
,ar glasse,borage oil,clasped,divinity,,frog,,,,,,,molded,,,plasma,,rivet,show,trail,,,,,,
,arachnid,borax,class ring,division,,front,,,,,,,mole,,,plaster,,road,shower shoe,trail running shoe,,,,,,
,arbitrating,border,classic,diy,,frost,,,,,,,mollusk,,,plastic,,roaming,showing,trailblazer,,,,,,
,arbitration,boredly,classicist,djellaba,,frozen,,,,,,,momentum,,,plastic bag,,robe,shown,train,,,,,,
,arc,borrowed,classified,do not bleach,,frustration,,,,,,,monarchist,,,plastic bead,,robot,shredder,trained,,,,,,
,archaeocyatha,borrowing,classified information,do not iron,,fuel,,,,,,,money belt,,,plastic buckle,,robust,shrink,trainee,,,,,,
,archive,bottom,classifying,do-rag,,fulfillment,,,,,,,money clip,,,plate,,rochet,shrug,trainer,,,,,,
,archiving,boubou,claudetia,doctor coat,,full-length,,,,,,,mongongo oil,,,plate armor,,rock,shrunk,training,,,,,,
,area,bought,claw,doctor's coat,,fulling,,,,,,,monitor,,,plate mail,,rod,shtreimel,traitor,,,,,,
,argan oil,boulder opal,clay,document,,fund,,,,,,,monk strap,,,plateau,,role,sick,tranquility,,,,,,
,argued,boulevard,clay bead,documentary,,fundamental,,,,,,,monochrome,,,platform,,roll,sicknes,transacting,,,,,,
,argument,boundarie,clay mask,documentation,,funding,,,,,,,monocle,,,platform shoe,,roller skate,side,transaction,,,,,,
,argumentation,boundles,clean,documenting,,fundoshi,,,,,,,monogamou,,,platinum,,rollerblade,sideburn,transactional,,,,,,
,argyle,boutique,clean-shaven,dolman,,fundraiser,,,,,,,monogram,,,playsuit,,rolling,sideway,transcending,,,,,,
,aridity,boutonniere,cleaning,dolman sleeve,,funeral,,,,,,,monogrammed,,,playwright,,romance,sign,transfer,,,,,,
,arm band,bow,cleanroom suit,domain,,fungus,,,,,,,monokini,,,pleat,,romantic,signet ring,transformative,,,,,,
,arm warmer,bowler,cleanser,dominance,,funnel neck,,,,,,,monologue,,,pleated,,romper,significance,transformed,,,,,,
,armband,bowler hat,clear,donated,,fur,,,,,,,monopod,,,pleated skirt,,romper suit,silence,transformer,,,,,,
,armhole,bowling shoe,clearance,donating,,fur stole,,,,,,,monotheist,,,pleather,,rope,silhouette,transforming,,,,,,
,armlet,bowtie,cleat,donation,,furrier,,,,,,,montan wax,,,pledge,,rose oil,silicone,transgender,,,,,,
,armoire,box,clemency,donor,,furtively,,,,,,,montera,,,plenty,,rosehip oil,silicone quaternium-18,transgression,,,,,,
,armor,box cutter,client,doppa,,fury,,,,,,,month,,,plier,,rosemary oil,silicone quaternium-22,transient,,,,,,
,aromantic,boxer,climacool,dot,,future,,,,,,,monumental,,,plotted,,rot,silicone quaternium-26,transitional,,,,,,
,arranged,boxer brief,climate,double agent,,,,,,,,,mood,,,plotting,,rotting,silicone quaternium-8,translated,,,,,,
,arranging,boxing short,climber,double-breasted,,,,,,,,,mood board,,,plug,,roughly,silk,translation,,,,,,
,array,bra,climbing helmet,doublet,,,,,,,,,mood ring,,,plume,,route,sillimanite,transmission,,,,,,
,art,bra top,climbing shoe,down,,,,,,,,,moon,,,plunge,,router,silver,transmitter,,,,,,
,article,braccae,clindamycin,down coat,,,,,,,,,moonstone,,,pluralist,,routine,silver sulfadiazine,transnationalist,,,,,,
,articulation,brace,clionaida,down jacket,,,,,,,,,morality,,,plus size,,ruana,simethicone,transporter,,,,,,
,artificial intelligence,bracelet,clionida,drama,,,,,,,,,morganite,,,plus-size,,rubber,simile,transporting,,,,,,
,artisan,bracket,clip,draped,,,,,,,,,moringa oil,,,plus-size clothing,,rubber band,simple,trapper hat,,,,,,
,artist,brahmi,clipped,drawer,,,,,,,,,morning,,,pocket,,rubbing alcohol,simulation,travel,,,,,,
,artist's smock,braid,cloak,drawer divider,,,,,,,,,morning coat,,,pocket knife,,rubie,sin,travel adapter,,,,,,
,ascot,brain,cloche,drawing,,,,,,,,,morning suit,,,pocket square,,ruby,singer,travel bag,,,,,,
,asexual,bralette,clog,drawn,,,,,,,,,mortal,,,podcast,,rucksack,single-breasted,travel case,,,,,,
,aside,branch,closet,drawstring,,,,,,,,,mortarboard,,,podcasting,,ruff,singlet,travel pillow,,,,,,
,asleep,brand,closet organizer,drawstring waist,,,,,,,,,mortgage,,,poecilosclerida,,ruffle,sinker,traveling,,,,,,
,assassinated,brand label,closing,dreadlock,,,,,,,,,mos,,,poet,,ruffled,sisal,treasure,,,,,,
,assaulted,brand tag,cloth,dreaming,,,,,,,,,mothball,,,poetry,,rugby shirt,size,treasuring,,,,,,
,assembled,branding,clothe,dres,,,,,,,,,mother-of-pearl,,,pointe shoe,,ruin,size label,treating,,,,,,
,assertion,bras,clothes brush,dress,,,,,,,,,motif,,,pointed,,ruined,size tag,treatment,,,,,,
,assessed,brass knuckle,clothes hanger,dress blue,,,,,,,,,motivated,,,polar fleece,,rule,sizing chart,treaty,,,,,,
,assessment,breach,clothes horse,dress form,,,,,,,,,motivating,,,polartec,,ruled,skate shoe,trenchcoat,,,,,,
,asset,break,clothes peg,dress shirt,,,,,,,,,motivation,,,pole,,ruler,skateboard,trend,,,,,,
,assigned,breast pocket,clotheshorse,dress shoe,,,,,,,,,motive,,,poleyn,,ruling,skeptic,trendy,,,,,,
,assignment,breastplate,clothesline,dresser,,,,,,,,,motorcycle,,,police uniform,,rumal,sketched,trespas,,,,,,
,assistance,breathability,clothespin,dressing gown,,,,,,,,,motorcycle jacket,,,policy,,rumor,ski,triacetate,,,,,,
,assisted,breathable,clothing,dri-fit,,,,,,,,,motto,,,polish,,running shoe,ski boot,triadic,,,,,,
,associate,breeche,cloud,dried,,,,,,,,,mound,,,politic,,running short,ski jacket,triangle,,,,,,
,assortment,brick,clout,drill,,,,,,,,,mount,,,polka dot,,running tight,ski mask,tribe,,,,,,
,assurance,brick-and-mortar,clove oil,drilosphere,,,,,,,,,mountain,,,pollera,,runway,ski pant,tribunal,,,,,,
,asteroid,bridal,clutch,driving shoe,,,,,,,,,mountaineering boot,,,polo,,ruqun,ski suit,tricenary,,,,,,
,astronaut suit,bridesmaid dres,clutching,drone,,,,,,,,,mountainpunk,,,polo neck,,rural,ski wear,trichoplax,,,,,,
,astrophorida,brief,cmo,drop,,,,,,,,,mourning,,,polo shirt,,,skill,trick,,,,,,
,asylum,briefcase,cnidarian,drop earring,,,,,,,,,mouse,,,polyamorou,,,skilled,tricorn,,,,,,
,asymmetric,brigandine,co-founder,dropping,,,,,,,,,mousse,,,polyester,,,skinny,trigger,,,,,,
,atheist,brightening,coached,drought,,,,,,,,,mouthguard,,,polygon,,,skirt,trilby,,,,,,
,athleisure,brightnes,coaching,dry,,,,,,,,,movement,,,polymath,,,skirt suit,trim,,,,,,
,athletic,broad,coat,dry bag,,,,,,,,,movie,,,polymyxin b,,,skort,trip,,,,,,
,athletic sock,broadcloth,coat rack,dry clean only,,,,,,,,,moving,,,polyplacotoma,,,skullcap,tripod,,,,,,
,athletic supporter,brocade,coatdres,dry cleaner,,,,,,,,,muff,,,polyquaternium-1,,,sky,triumph,,,,,,
,atmosphere,brogue,coatdress,dry cleaning bag,,,,,,,,,muffler,,,polyquaternium-10,,,slack,trophy,,,,,,
,atompunk,broken,coatigan,dry cleaning solvent,,,,,,,,,mukluk,,,polyquaternium-100,,,slang,trouser,,,,,,
,attaching,broken-in,cob,dry shampoo,,,,,,,,,mule,,,polyquaternium-11,,,slash,truck,,,,,,
,attachment,broker,cobbler,dry suit,,,,,,,,,mullet,,,polyquaternium-12,,,slate,trucker cap,,,,,,
,attack,bronze,cobija,dry-clean only,,,,,,,,,multi-tool,,,polyquaternium-13,,,sled,trucker hat,,,,,,
,attacked,bronzer,cochlear implant,dryer,,,,,,,,,multiplied,,,polyquaternium-14,,,sleep,true,,,,,,
,attacking,brooch,cocktail,dryer sheet,,,,,,,,,multiverse,,,polyquaternium-15,,,sleep mask,trunk,,,,,,
,attire,browsing,cocktail dres,drying,,,,,,,,,mundu,,,polyquaternium-16,,,sleeping bag,trust,,,,,,
,attitude,brush,cocktail dress,drying rack,,,,,,,,,mupirocin,,,polyquaternium-17,,,sleeping bag liner,trusting,,,,,,
,attorney,brutality,coconut oil,drynes,,,,,,,,,murdered,,,polyquaternium-18,,,sleepwear,trustworthy,,,,,,
,attosecond,bubble wrap,coconut shell,drysuit,,,,,,,,,murrayonida,,,polyquaternium-19,,,sleet,truth,,,,,,
,audible,bucket bag,cod liver oil,dualist,,,,,,,,,muscle shirt,,,polyquaternium-2,,,sleeve,trying,,,,,,
,audience,bucket hat,code,duchess satin,,,,,,,,,museum,,,polyquaternium-20,,,sleeve board,trying on,,,,,,
,audited,buckle,codpiece,duck,,,,,,,,,music,,,polyquaternium-21,,,sleeve length,tshirt,,,,,,
,auditing,buckled,cognition,dud,,,,,,,,,musician,,,polyquaternium-22,,,sleeveles,tube top,,,,,,
,augmented,buckskin,coif,due,,,,,,,,,muslin,,,polyquaternium-23,,,slide,tuck,,,,,,
,augmented reality,budget,coin pocket,duffel bag,,,,,,,,,mussel,,,polyquaternium-24,,,slim,tulip sleeve,,,,,,
,authentic,budgeting,coin purse,duffle coat,,,,,,,,,mustache,,,polyquaternium-25,,,slimming,tulle,,,,,,
,authenticating,buffer,cold,dummy,,,,,,,,,mustard oil,,,polyquaternium-26,,,sling,tulsi,,,,,,
,authentication,built,collaborated,dungaree,,,,,,,,,muumuu,,,polyquaternium-27,,,sling bag,tumble dry,,,,,,
,author,bulb,collaborating,duodenary,,,,,,,,,mylar,,,polyquaternium-28,,,slingback,tungsten,,,,,,
,authoritarian,bullet,collaboration,dupatta,,,,,,,,,myrrh oil,,,polyquaternium-29,,,slip,tunic,,,,,,
,authority,bulletin,collage,duplicate,,,,,,,,,mystery,,,polyquaternium-30,,,slip dres,tunicle,,,,,,
,authorization,bulletproof,collapse,durag,,,,,,,,,mythical,,,polyquaternium-31,,,slip-on,tuning fork,,,,,,
,autobiographical,bulletproof vest,collar,dusk,,,,,,,,,mythology,,,polyquaternium-32,,,slipdres,turban,,,,,,
,autonomy,bum bag,collar bar,dust bag,,,,,,,,,myxospongiae,,,polyquaternium-33,,,slipper,turf,,,,,,
,autumn,bun,collar pin,dust coat,,,,,,,,,,,,polyquaternium-34,,,slit,turmeric oil,,,,,,
,autumn wear,bundle,collar stay,duster,,,,,,,,,,,,polyquaternium-35,,,slogan,turnpike,,,,,,
,avant-garde,buoyancy aid,collarbone,duty,,,,,,,,,,,,polyquaternium-36,,,slope,turquoise,,,,,,
,avenue,bureau,collared shirt,dye,,,,,,,,,,,,polyquaternium-37,,,slow fashion,turtleneck,,,,,,
,aversion,burkha,collecting,dyed,,,,,,,,,,,,polyquaternium-38,,,slug,tutorial,,,,,,
,avocado oil,burkini,collection,dyeing,,,,,,,,,,,,polyquaternium-39,,,small,tutu,,,,,,
,avocational,burlap,collectivist,dyer,,,,,,,,,,,,polyquaternium-4,,,smart,tuxedo,,,,,,
,awake,burnou,cologne,dying,,,,,,,,,,,,polyquaternium-40,,,smart casual,tweed,,,,,,
,award,burqa,colonialist,dynamic,,,,,,,,,,,,polyquaternium-41,,,smart fabric,tweezer,,,,,,
,aware,bus,colony,dystopia,,,,,,,,,,,,polyquaternium-42,,,smartphone,twilight,,,,,,
,awarenes,bushing,color,,,,,,,,,,,,,polyquaternium-43,,,smartwatch,twill,,,,,,
,axinellida,busine,color chart,,,,,,,,,,,,,polyquaternium-44,,,smelling,twine,,,,,,
,axle,busines,colossal,,,,,,,,,,,,,polyquaternium-45,,,smock,two-piece,,,,,,
,,business attire,colostomy bag,,,,,,,,,,,,,polyquaternium-46,,,smoke detector,tying,,,,,,
,,business card,column,,,,,,,,,,,,,polyquaternium-47,,,smoking jacket,tyvek,,,,,,
,,business casual,comb,,,,,,,,,,,,,polyquaternium-48,,,smoking robe,tzitzit,,,,,,
,,business suit,combat boot,,,,,,,,,,,,,polyquaternium-49,,,snail,,,,,,,
,,bust,comedy,,,,,,,,,,,,,polyquaternium-5,,,snake,,,,,,,
,,bust pad,comet,,,,,,,,,,,,,polyquaternium-50,,,snakeskin,,,,,,,
,,bustier,command,,,,,,,,,,,,,polyquaternium-51,,,snap,,,,,,,
,,bustle,commemorating,,,,,,,,,,,,,polyquaternium-52,,,snapback,,,,,,,
,,butcher's apron,comment,,,,,,,,,,,,,polyquaternium-53,,,snapped,,,,,,,
,,butte,commentary,,,,,,,,,,,,,polyquaternium-54,,,sneaker,,,,,,,
,,butterfly sleeve,commented,,,,,,,,,,,,,polyquaternium-55,,,sneaker shield,,,,,,,
,,buttes,commitment,,,,,,,,,,,,,polyquaternium-56,,,snood,,,,,,,
,,button,committee,,,,,,,,,,,,,polyquaternium-57,,,snorkel,,,,,,,
,,button fly,communicating,,,,,,,,,,,,,polyquaternium-58,,,snow,,,,,,,
,,button-down,communication,,,,,,,,,,,,,polyquaternium-59,,,snow boot,,,,,,,
,,button-down shirt,communist,,,,,,,,,,,,,polyquaternium-6,,,snowboard,,,,,,,
,,button-downshirt,communitarian,,,,,,,,,,,,,polyquaternium-60,,,snowboard boot,,,,,,,
,,button-front,community,,,,,,,,,,,,,polyquaternium-61,,,snowboard wear,,,,,,,
,,button-up,compartment,,,,,,,,,,,,,polyquaternium-62,,,snowpant,,,,,,,
,,buttoned,compas,,,,,,,,,,,,,polyquaternium-63,,,snowshoe,,,,,,,
,,buttonhole,competed,,,,,,,,,,,,,polyquaternium-64,,,snowsuit,,,,,,,
,,buyer,competing,,,,,,,,,,,,,polyquaternium-65,,,soccer cleat,,,,,,,
,,buying,complaint,,,,,,,,,,,,,polyquaternium-66,,,soccer jersey,,,,,,,
,,buyout,complementary,,,,,,,,,,,,,polyquaternium-67,,,soccer sock,,,,,,,
,,buzz,completing,,,,,,,,,,,,,polyquaternium-68,,,social,,,,,,,
,,,completion,,,,,,,,,,,,,polyquaternium-69,,,social security,,,,,,,
,,,compliment,,,,,,,,,,,,,polyquaternium-7,,,socialist,,,,,,,
,,,composer,,,,,,,,,,,,,polyquaternium-70,,,society,,,,,,,
,,,composting,,,,,,,,,,,,,polyquaternium-71,,,sock,,,,,,,
,,,comprehension,,,,,,,,,,,,,polyquaternium-72,,,sock garter,,,,,,,
,,,compressed,,,,,,,,,,,,,polyquaternium-73,,,sod,,,,,,,
,,,compression,,,,,,,,,,,,,polyquaternium-74,,,sodalite,,,,,,,
,,,compression clothing,,,,,,,,,,,,,polyquaternium-75,,,softly,,,,,,,
,,,compression garment,,,,,,,,,,,,,polyquaternium-76,,,softnes,,,,,,,
,,,compression sack,,,,,,,,,,,,,polyquaternium-77,,,solar panel,,,,,,,
,,,compression short,,,,,,,,,,,,,polyquaternium-78,,,solarpunk,,,,,,,
,,,compression sleeve,,,,,,,,,,,,,polyquaternium-79,,,sold,,,,,,,
,,,compression sock,,,,,,,,,,,,,polyquaternium-8,,,solid,,,,,,,
,,,compression wear,,,,,,,,,,,,,polyquaternium-80,,,solid color,,,,,,,
,,,compromise,,,,,,,,,,,,,polyquaternium-81,,,soliloquy,,,,,,,
,,,compulsion,,,,,,,,,,,,,polyquaternium-82,,,solstice,,,,,,,
,,,compulsorily,,,,,,,,,,,,,polyquaternium-83,,,solved,,,,,,,
,,,computed,,,,,,,,,,,,,polyquaternium-84,,,sombrero,,,,,,,
,,,computer,,,,,,,,,,,,,polyquaternium-85,,,sometime,,,,,,,
,,,concealed,,,,,,,,,,,,,polyquaternium-86,,,song,,,,,,,
,,,concealer,,,,,,,,,,,,,polyquaternium-87,,,sonic,,,,,,,
,,,concealing,,,,,,,,,,,,,polyquaternium-88,,,sophisticated,,,,,,,
,,,concept,,,,,,,,,,,,,polyquaternium-89,,,sorted,,,,,,,
,,,conclusion,,,,,,,,,,,,,polyquaternium-9,,,sorting,,,,,,,
,,,concrete,,,,,,,,,,,,,polyquaternium-90,,,sou'wester,,,,,,,
,,,condensed,,,,,,,,,,,,,polyquaternium-91,,,soul,,,,,,,
,,,condition,,,,,,,,,,,,,polyquaternium-92,,,sound,,,,,,,
,,,conditioner,,,,,,,,,,,,,polyquaternium-93,,,source,,,,,,,
,,,conducting,,,,,,,,,,,,,polyquaternium-94,,,sourcing,,,,,,,
,,,conductive,,,,,,,,,,,,,polyquaternium-95,,,south,,,,,,,
,,,conductor,,,,,,,,,,,,,polyquaternium-96,,,south sea pearl,,,,,,,
,,,confederalist,,,,,,,,,,,,,polyquaternium-97,,,southeast,,,,,,,
,,,conference,,,,,,,,,,,,,polyquaternium-98,,,southwest,,,,,,,
,,,confetti,,,,,,,,,,,,,polyquaternium-99,,,sovereignty,,,,,,,
,,,confidence,,,,,,,,,,,,,polysexual,,,soy wax,,,,,,,
,,,confidential,,,,,,,,,,,,,polysilicone-11,,,soybean oil,,,,,,,
,,,confidential information,,,,,,,,,,,,,polytheist,,,space,,,,,,,
,,,confidentiality,,,,,,,,,,,,,polyurethane,,,space helmet,,,,,,,
,,,confirmation,,,,,,,,,,,,,pom pom,,,space suit,,,,,,,
,,,conflict,,,,,,,,,,,,,pom-pom,,,spacesuit,,,,,,,
,,,confusion,,,,,,,,,,,,,pomade,,,spaghetti strap,,,,,,,
,,,connected,,,,,,,,,,,,,pomegranate seed oil,,,span,,,,,,,
,,,connecting,,,,,,,,,,,,,poncho,,,spandex,,,,,,,
,,,consciousnes,,,,,,,,,,,,,ponytail,,,spare,,,,,,,
,,,consciousness,,,,,,,,,,,,,ponytail holder,,,spark,,,,,,,
,,,consensu,,,,,,,,,,,,,pool,,,spat,,,,,,,
,,,consent,,,,,,,,,,,,,pool noodle,,,speaking,,,,,,,
,,,consequence,,,,,,,,,,,,,pool shoe,,,specialist,,,,,,,
,,,conservation,,,,,,,,,,,,,pop-up,,,specific,,,,,,,
,,,conservative,,,,,,,,,,,,,poplin,,,specified,,,,,,,
,,,conservatively,,,,,,,,,,,,,porcelain,,,speckle,,,,,,,
,,,conserved,,,,,,,,,,,,,pore minimizer,,,spectacle,,,,,,,
,,,conserving,,,,,,,,,,,,,poriferan,,,speculated,,,,,,,
,,,consignment,,,,,,,,,,,,,pork pie hat,,,speculating,,,,,,,
,,,consignment shop,,,,,,,,,,,,,portion,,,speech,,,,,,,
,,,conspired,,,,,,,,,,,,,position,,,speed,,,,,,,
,,,conspiring,,,,,,,,,,,,,possessed,,,speed skate,,,,,,,
,,,constant,,,,,,,,,,,,,possibility,,,speedo,,,,,,,
,,,constantly,,,,,,,,,,,,,possibly,,,spelling,,,,,,,
,,,constructed,,,,,,,,,,,,,post office,,,spencer,,,,,,,
,,,construction helmet,,,,,,,,,,,,,post-apocalypse,,,spending,,,,,,,
,,,construction vest,,,,,,,,,,,,,post-structuralist,,,sphinctozoa,,,,,,,
,,,consumed,,,,,,,,,,,,,postage,,,spike,,,,,,,
,,,consumer,,,,,,,,,,,,,postmodern,,,spiked,,,,,,,
,,,contact lens case,,,,,,,,,,,,,postmodernist,,,spin-off,,,,,,,
,,,contact lense,,,,,,,,,,,,,postscript,,,spinel,,,,,,,
,,,contagiou,,,,,,,,,,,,,potential,,,spinning,,,,,,,
,,,container,,,,,,,,,,,,,potentially,,,spinning wheel,,,,,,,
,,,contemplating,,,,,,,,,,,,,potholder,,,spirit,,,,,,,
,,,contemporary,,,,,,,,,,,,,pouf sleeve,,,spiritual,,,,,,,
,,,contempt,,,,,,,,,,,,,pourpoint,,,spirituality,,,,,,,
,,,contested,,,,,,,,,,,,,powder,,,spirophorida,,,,,,,
,,,continent,,,,,,,,,,,,,power,,,splint,,,,,,,
,,,contingently,,,,,,,,,,,,,power bank,,,split,,,,,,,
,,,continuing,,,,,,,,,,,,,power grid,,,spoken,,,,,,,
,,,continuously,,,,,,,,,,,,,power line,,,sponge,,,,,,,
,,,contour,,,,,,,,,,,,,power strip,,,spongillida,,,,,,,
,,,contouring,,,,,,,,,,,,,practical,,,sponsor,,,,,,,
,,,contract,,,,,,,,,,,,,pragmatist,,,sponsorship,,,,,,,
,,,contracted,,,,,,,,,,,,,praise,,,sporadically,,,,,,,
,,,contrast,,,,,,,,,,,,,praised,,,sport,,,,,,,
,,,contributing,,,,,,,,,,,,,praising,,,sport coat,,,,,,,
,,,contributor,,,,,,,,,,,,,prase,,,sports bra,,,,,,,
,,,control,,,,,,,,,,,,,prayer shawl,,,sportswear,,,,,,,
,,,controlled,,,,,,,,,,,,,praying,,,sporty,,,,,,,
,,,controversy,,,,,,,,,,,,,pre-owned,,,spot,,,,,,,
,,,conurbation,,,,,,,,,,,,,precise,,,spot cleaner,,,,,,,
,,,converging,,,,,,,,,,,,,precision,,,spray,,,,,,,
,,,conversation,,,,,,,,,,,,,predestination,,,spread,,,,,,,
,,,conversion chart,,,,,,,,,,,,,predictably,,,spring,,,,,,,
,,,converter,,,,,,,,,,,,,predicted,,,spring wear,,,,,,,
,,,convertible,,,,,,,,,,,,,predicting,,,sprocket,,,,,,,
,,,convicted,,,,,,,,,,,,,preface,,,spruce oil,,,,,,,
,,,conviction,,,,,,,,,,,,,preferring,,,spur,,,,,,,
,,,convinced,,,,,,,,,,,,,prehistory,,,spy,,,,,,,
,,,coo,,,,,,,,,,,,,premiere,,,spyware,,,,,,,
,,,cooking apron,,,,,,,,,,,,,preppy,,,square,,,,,,,
,,,cool,,,,,,,,,,,,,pres,,,square cut,,,,,,,
,,,cooler,,,,,,,,,,,,,present,,,square neck,,,,,,,
,,,cooling,,,,,,,,,,,,,preservation,,,squeezing,,,,,,,
,,,coolmax,,,,,,,,,,,,,preserved,,,stab,,,,,,,
,,,coolnes,,,,,,,,,,,,,preserving,,,stab-proof,,,,,,,
,,,cooperated,,,,,,,,,,,,,president,,,stability,,,,,,,
,,,cooperating,,,,,,,,,,,,,press release,,,stabilizing,,,,,,,
,,,cooperation,,,,,,,,,,,,,pressing,,,stable,,,,,,,
,,,coordinate,,,,,,,,,,,,,pressing cloth,,,stack,,,,,,,
,,,coordinated,,,,,,,,,,,,,pressure,,,stacking,,,,,,,
,,,coordinating,,,,,,,,,,,,,pressure suit,,,stage,,,,,,,
,,,coordination,,,,,,,,,,,,,prestige,,,stain,,,,,,,
,,,cope,,,,,,,,,,,,,preteen,,,stain remover,,,,,,,
,,,copier,,,,,,,,,,,,,preventing,,,stain-resistant treatment,,,,,,,
,,,copper,,,,,,,,,,,,,prevention,,,stair,,,,,,,
,,,copy,,,,,,,,,,,,,price,,,stakeholder,,,,,,,
,,,copyright,,,,,,,,,,,,,price tag,,,stalemate,,,,,,,
,,,coral,,,,,,,,,,,,,pricing,,,stamina,,,,,,,
,,,coral bead,,,,,,,,,,,,,primaloft,,,stamp,,,,,,,
,,,corallochytrean,,,,,,,,,,,,,primary,,,stance,,,,,,,
,,,cord,,,,,,,,,,,,,principle,,,stand,,,,,,,
,,,cord lock,,,,,,,,,,,,,print,,,stand collar,,,,,,,
,,,corduroy,,,,,,,,,,,,,printed,,,standard,,,,,,,
,,,coriander oil,,,,,,,,,,,,,printer,,,standard size,,,,,,,
,,,cork,,,,,,,,,,,,,printing,,,standing,,,,,,,
,,,corn oil,,,,,,,,,,,,,privacy,,,standpoint,,,,,,,
,,,coronet,,,,,,,,,,,,,private,,,staple,,,,,,,
,,,correct,,,,,,,,,,,,,privately,,,stapler,,,,,,,
,,,correction,,,,,,,,,,,,,privilege,,,star,,,,,,,
,,,corrigendum,,,,,,,,,,,,,prize,,,star ruby,,,,,,,
,,,corrosion,,,,,,,,,,,,,prizing,,,star sapphire,,,,,,,
,,,corsage,,,,,,,,,,,,,proactive,,,starfish,,,,,,,
,,,corset,,,,,,,,,,,,,probability,,,starting,,,,,,,
,,,corticium,,,,,,,,,,,,,probably,,,state,,,,,,,
,,,corticum,,,,,,,,,,,,,probation,,,statement,,,,,,,
,,,corundum,,,,,,,,,,,,,procedure,,,statement piece,,,,,,,
,,,cosmetic,,,,,,,,,,,,,proces,,,static,,,,,,,
,,,cosmo,,,,,,,,,,,,,proclamation,,,station,,,,,,,
,,,cosmopolitan,,,,,,,,,,,,,prodigy,,,statu,,,,,,,
,,,cost,,,,,,,,,,,,,producer,,,staurolite,,,,,,,
,,,costume,,,,,,,,,,,,,producing,,,stay,,,,,,,
,,,cotton,,,,,,,,,,,,,production,,,steady,,,,,,,
,,,cotton ball,,,,,,,,,,,,,professional,,,stealing,,,,,,,
,,,cotton swab,,,,,,,,,,,,,profit,,,stealthily,,,,,,,
,,,council,,,,,,,,,,,,,progres,,,steam,,,,,,,
,,,counsel,,,,,,,,,,,,,progressive,,,steamer,,,,,,,
,,,count,,,,,,,,,,,,,progressively,,,steaming,,,,,,,
,,,countable,,,,,,,,,,,,,prohibited,,,steampunk,,,,,,,
,,,counterattack,,,,,,,,,,,,,prohibitively,,,stearamidopropyl dimethylamine,,,,,,,
,,,counterfeit,,,,,,,,,,,,,project,,,stearoxy dimethicone,,,,,,,
,,,counteroffer,,,,,,,,,,,,,projected,,,stearoxytrimethylsilane,,,,,,,
,,,country,,,,,,,,,,,,,projecting,,,stearyl dimethicone,,,,,,,
,,,countrypunk,,,,,,,,,,,,,prologue,,,steel,,,,,,,
,,,county,,,,,,,,,,,,,prom,,,steel-toe boot,,,,,,,
,,,course,,,,,,,,,,,,,prom dres,,,steel-toed boot,,,,,,,
,,,court,,,,,,,,,,,,,promiscuou,,,step,,,,,,,
,,,couter,,,,,,,,,,,,,promise,,,stethoscope,,,,,,,
,,,couture,,,,,,,,,,,,,promise ring,,,stick,,,,,,,
,,,cover,,,,,,,,,,,,,promoted,,,stiletto,,,,,,,
,,,cover letter,,,,,,,,,,,,,promoting,,,stimulu,,,,,,,
,,,cover-up,,,,,,,,,,,,,promotion,,,stingray,,,,,,,
,,,coverall,,,,,,,,,,,,,pronunciation,,,stitch,,,,,,,
,,,covertly,,,,,,,,,,,,,propaganda,,,stock,,,,,,,
,,,cowboy boot,,,,,,,,,,,,,propane,,,stocking,,,,,,,
,,,cowboy hat,,,,,,,,,,,,,propelling,,,stoic,,,,,,,
,,,cowhide,,,,,,,,,,,,,property,,,stola,,,,,,,
,,,cowl,,,,,,,,,,,,,prophet,,,stole,,,,,,,
,,,cowl neck,,,,,,,,,,,,,proposal,,,stolen,,,,,,,
,,,cpap machine,,,,,,,,,,,,,proprietary information,,,stomacher,,,,,,,
,,,crack,,,,,,,,,,,,,proprietor,,,stone,,,,,,,
,,,craft,,,,,,,,,,,,,prose,,,stone bead,,,,,,,
,,,craftsman,,,,,,,,,,,,,prosecutor,,,stonewashing,,,,,,,
,,,crank,,,,,,,,,,,,,prospering,,,stoppage,,,,,,,
,,,crash,,,,,,,,,,,,,prosthetic,,,stopping,,,,,,,
,,,crate,,,,,,,,,,,,,prosthetic limb,,,store,,,,,,,
,,,cravat,,,,,,,,,,,,,protagonist,,,stored,,,,,,,
,,,craving,,,,,,,,,,,,,protected,,,storing,,,,,,,
,,,craze,,,,,,,,,,,,,protecting,,,storm,,,,,,,
,,,cream,,,,,,,,,,,,,protection,,,story,,,,,,,
,,,crease,,,,,,,,,,,,,protective,,,straight,,,,,,,
,,,created,,,,,,,,,,,,,protective clothing,,,straight pin,,,,,,,
,,,creating,,,,,,,,,,,,,protector,,,straight-leg,,,,,,,
,,,creation,,,,,,,,,,,,,protester,,,straightjacket,,,,,,,
,,,credit,,,,,,,,,,,,,protocol,,,strand,,,,,,,
,,,creel,,,,,,,,,,,,,protostome,,,strap,,,,,,,
,,,crepe,,,,,,,,,,,,,prototype,,,straples,,,,,,,
,,,crevice,,,,,,,,,,,,,proven,,,strategizing,,,,,,,
,,,crew neck,,,,,,,,,,,,,province,,,straw,,,,,,,
,,,crew sock,,,,,,,,,,,,,provocation,,,straw bale,,,,,,,
,,,crewneck,,,,,,,,,,,,,pseudocorticium,,,straying,,,,,,,
,,,crewneck sweater,,,,,,,,,,,,,pseudonym,,,streak,,,,,,,
,,,cricket white,,,,,,,,,,,,,psyche,,,streamer,,,,,,,
,,,crime,,,,,,,,,,,,,psychological,,,streaming service,,,,,,,
,,,crinoline,,,,,,,,,,,,,public,,,street,,,,,,,
,,,crisi,,,,,,,,,,,,,public relation,,,streetwear,,,,,,,
,,,critic,,,,,,,,,,,,,publicity,,,strength,,,,,,,
,,,criticism,,,,,,,,,,,,,publicly,,,strepsichordaia,,,,,,,
,,,criticized,,,,,,,,,,,,,puff sleeve,,,stretch,,,,,,,
,,,critique,,,,,,,,,,,,,puffa jacket,,,stretcher,,,,,,,
,,,critiqued,,,,,,,,,,,,,puffer jacket,,,stretchy,,,,,,,
,,,critiquing,,,,,,,,,,,,,pull,,,string,,,,,,,
,,,croc,,,,,,,,,,,,,pull buoy,,,stringer,,,,,,,
,,,crochet,,,,,,,,,,,,,pulley,,,stripe,,,,,,,
,,,crochet hook,,,,,,,,,,,,,pulling,,,stromatoporoidea,,,,,,,
,,,crocheting,,,,,,,,,,,,,pullover,,,strong,,,,,,,
,,,crocodile,,,,,,,,,,,,,pulse oximeter,,,strophium,,,,,,,
,,,crop top,,,,,,,,,,,,,pump,,,structuralist,,,,,,,
,,,cropped,,,,,,,,,,,,,pumpkin seed oil,,,structured,,,,,,,
,,,cross country shoe,,,,,,,,,,,,,punctuation,,,stubble,,,,,,,
,,,crossbody bag,,,,,,,,,,,,,puncture,,,stucco,,,,,,,
,,,crown,,,,,,,,,,,,,punished,,,stud,,,,,,,
,,,cruelly,,,,,,,,,,,,,punishing,,,studded,,,,,,,
,,,cruelty,,,,,,,,,,,,,punk,,,studied,,,,,,,
,,,cruise wear,,,,,,,,,,,,,purity ring,,,study,,,,,,,
,,,crustacean,,,,,,,,,,,,,purpose,,,studying,,,,,,,
,,,crutch,,,,,,,,,,,,,purposefully,,,stuff sack,,,,,,,
,,,crutches,,,,,,,,,,,,,purse,,,stuffing,,,,,,,
,,,crystal,,,,,,,,,,,,,pushing,,,sturdy,,,,,,,
,,,cso,,,,,,,,,,,,,puttee,,,style,,,,,,,
,,,ctenophore,,,,,,,,,,,,,putting away,,,style guide,,,,,,,
,,,cto,,,,,,,,,,,,,pvc,,,styling,,,,,,,
,,,cuff,,,,,,,,,,,,,pyrite,,,stylist,,,,,,,
,,,cufflink,,,,,,,,,,,,,,,,stylu,,,,,,,
,,,cuira,,,,,,,,,,,,,,,,subconsciou,,,,,,,
,,,cuiras,,,,,,,,,,,,,,,,subdivision,,,,,,,
,,,culotte,,,,,,,,,,,,,,,,subligaculum,,,,,,,
,,,cultural,,,,,,,,,,,,,,,,sublimated,,,,,,,
,,,culture,,,,,,,,,,,,,,,,subscriber,,,,,,,
,,,cultured pearl,,,,,,,,,,,,,,,,subscribing,,,,,,,
,,,cumin oil,,,,,,,,,,,,,,,,subscription,,,,,,,
,,,cummerbund,,,,,,,,,,,,,,,,subsidiary,,,,,,,
,,,cup,,,,,,,,,,,,,,,,substation,,,,,,,
,,,curating,,,,,,,,,,,,,,,,substitute,,,,,,,
,,,cure,,,,,,,,,,,,,,,,subtitle,,,,,,,
,,,curing,,,,,,,,,,,,,,,,subtle,,,,,,,
,,,curling shoe,,,,,,,,,,,,,,,,subtracted,,,,,,,
,,,curtain,,,,,,,,,,,,,,,,suburban,,,,,,,
,,,curve,,,,,,,,,,,,,,,,suburbpunk,,,,,,,
,,,cushion,,,,,,,,,,,,,,,,succeeding,,,,,,,
,,,custom,,,,,,,,,,,,,,,,succes,,,,,,,
,,,customer,,,,,,,,,,,,,,,,suction cup,,,,,,,
,,,cut,,,,,,,,,,,,,,,,suede,,,,,,,
,,,cut-resistant,,,,,,,,,,,,,,,,suffering,,,,,,,
,,,cuticle nipper,,,,,,,,,,,,,,,,suggesting,,,,,,,
,,,cuticle pusher,,,,,,,,,,,,,,,,suggestion,,,,,,,
,,,cyberpunk,,,,,,,,,,,,,,,,suit,,,,,,,
,,,cybersecurity,,,,,,,,,,,,,,,,suit bag,,,,,,,
,,,cycle,,,,,,,,,,,,,,,,suit carrier,,,,,,,
,,,cycling jersey,,,,,,,,,,,,,,,,suit jacket,,,,,,,
,,,cycling short,,,,,,,,,,,,,,,,suitcase,,,,,,,
,,,cyclohexasiloxane,,,,,,,,,,,,,,,,sum,,,,,,,
,,,cyclomethicone,,,,,,,,,,,,,,,,summary,,,,,,,
,,,cyclopentasiloxane,,,,,,,,,,,,,,,,summer,,,,,,,
,,,cynic,,,,,,,,,,,,,,,,summer wear,,,,,,,
,,,cypress oil,,,,,,,,,,,,,,,,sun,,,,,,,
,,,,,,,,,,,,,,,,,,,sun hat,,,,,,,
,,,,,,,,,,,,,,,,,,,sunbonnet,,,,,,,
,,,,,,,,,,,,,,,,,,,sundres,,,,,,,
,,,,,,,,,,,,,,,,,,,sundress,,,,,,,
,,,,,,,,,,,,,,,,,,,sunflower oil,,,,,,,
,,,,,,,,,,,,,,,,,,,sunflower wax,,,,,,,
,,,,,,,,,,,,,,,,,,,sunglasses,,,,,,,
,,,,,,,,,,,,,,,,,,,sunhat,,,,,,,
,,,,,,,,,,,,,,,,,,,sunrise,,,,,,,
,,,,,,,,,,,,,,,,,,,sunscreen,,,,,,,
,,,,,,,,,,,,,,,,,,,sunset,,,,,,,
,,,,,,,,,,,,,,,,,,,sunstone,,,,,,,
,,,,,,,,,,,,,,,,,,,super bowl ring,,,,,,,
,,,,,,,,,,,,,,,,,,,superego,,,,,,,
,,,,,,,,,,,,,,,,,,,supernatural,,,,,,,
,,,,,,,,,,,,,,,,,,,supervising,,,,,,,
,,,,,,,,,,,,,,,,,,,supervisor,,,,,,,
,,,,,,,,,,,,,,,,,,,supplement,,,,,,,
,,,,,,,,,,,,,,,,,,,supplie,,,,,,,
,,,,,,,,,,,,,,,,,,,supply,,,,,,,
,,,,,,,,,,,,,,,,,,,supply chain,,,,,,,
,,,,,,,,,,,,,,,,,,,supplying,,,,,,,
,,,,,,,,,,,,,,,,,,,support,,,,,,,
,,,,,,,,,,,,,,,,,,,support hose,,,,,,,
,,,,,,,,,,,,,,,,,,,supported,,,,,,,
,,,,,,,,,,,,,,,,,,,supporter,,,,,,,
,,,,,,,,,,,,,,,,,,,supporting,,,,,,,
,,,,,,,,,,,,,,,,,,,suppressed,,,,,,,
,,,,,,,,,,,,,,,,,,,supranationalist,,,,,,,
,,,,,,,,,,,,,,,,,,,supremacy,,,,,,,
,,,,,,,,,,,,,,,,,,,surcoat,,,,,,,
,,,,,,,,,,,,,,,,,,,surge protector,,,,,,,
,,,,,,,,,,,,,,,,,,,surgical gown,,,,,,,
,,,,,,,,,,,,,,,,,,,surgical mask,,,,,,,
,,,,,,,,,,,,,,,,,,,surplice,,,,,,,
,,,,,,,,,,,,,,,,,,,surplu,,,,,,,
,,,,,,,,,,,,,,,,,,,surrendering,,,,,,,
,,,,,,,,,,,,,,,,,,,surreptitiously,,,,,,,
,,,,,,,,,,,,,,,,,,,surveillance,,,,,,,
,,,,,,,,,,,,,,,,,,,surveyor's vest,,,,,,,
,,,,,,,,,,,,,,,,,,,survival suit,,,,,,,
,,,,,,,,,,,,,,,,,,,surviving,,,,,,,
,,,,,,,,,,,,,,,,,,,susceptible,,,,,,,
,,,,,,,,,,,,,,,,,,,suspender,,,,,,,
,,,,,,,,,,,,,,,,,,,suspense,,,,,,,
,,,,,,,,,,,,,,,,,,,suspension,,,,,,,
,,,,,,,,,,,,,,,,,,,sustainability,,,,,,,
,,,,,,,,,,,,,,,,,,,sustainable,,,,,,,
,,,,,,,,,,,,,,,,,,,sustainable fashion,,,,,,,
,,,,,,,,,,,,,,,,,,,suture,,,,,,,
,,,,,,,,,,,,,,,,,,,swatch,,,,,,,
,,,,,,,,,,,,,,,,,,,sway,,,,,,,
,,,,,,,,,,,,,,,,,,,sweat suit,,,,,,,
,,,,,,,,,,,,,,,,,,,sweatband,,,,,,,
,,,,,,,,,,,,,,,,,,,sweater,,,,,,,
,,,,,,,,,,,,,,,,,,,sweater vest,,,,,,,
,,,,,,,,,,,,,,,,,,,sweatpant,,,,,,,
,,,,,,,,,,,,,,,,,,,sweatshirt,,,,,,,
,,,,,,,,,,,,,,,,,,,sweetheart neck,,,,,,,
,,,,,,,,,,,,,,,,,,,swim cap,,,,,,,
,,,,,,,,,,,,,,,,,,,swim cover-up,,,,,,,
,,,,,,,,,,,,,,,,,,,swim diaper,,,,,,,
,,,,,,,,,,,,,,,,,,,swim fin,,,,,,,
,,,,,,,,,,,,,,,,,,,swim trunk,,,,,,,
,,,,,,,,,,,,,,,,,,,swimming trunk,,,,,,,
,,,,,,,,,,,,,,,,,,,swimsuit,,,,,,,
,,,,,,,,,,,,,,,,,,,swimwear,,,,,,,
,,,,,,,,,,,,,,,,,,,switch,,,,,,,
,,,,,,,,,,,,,,,,,,,switche,,,,,,,
,,,,,,,,,,,,,,,,,,,sycettida,,,,,,,
,,,,,,,,,,,,,,,,,,,symbol,,,,,,,
,,,,,,,,,,,,,,,,,,,symptom,,,,,,,
,,,,,,,,,,,,,,,,,,,synchronized,,,,,,,
,,,,,,,,,,,,,,,,,,,synchronizing,,,,,,,
,,,,,,,,,,,,,,,,,,,syndrome,,,,,,,
,,,,,,,,,,,,,,,,,,,syntax,,,,,,,
,,,,,,,,,,,,,,,,,,,synthesi,,,,,,,
,,,,,,,,,,,,,,,,,,,synthesized,,,,,,,
,,,,,,,,,,,,,,,,,,,synthetic fiber,,,,,,,
,,,,,,,,,,,,,,,,,,,synthetic insulation,,,,,,,
,,,,,,,,,,,,,,,,,,,syringe,,,,,,,
,,,,,,,,,,,,,,,,,,,system,,,,,,,
,,,,,,,,,,,,,,,,,,,systematically,,,,,,,
