A,B,C,D,E,F,G,H,I,J,K,L,M,N,O,P,Q,R,S,T,U,V,W,Y
ability,back saw,c clamp,dado,ear defender,f-clamp,gaffer tape bin,hack,idea,jab saw,keyhole saw,l-bracket,machine screw,nail,objective,packaging tape bin,qualification,rabbet,saber saw,t-bevel,ultrasonic tester,v-tool,wainscoting bin,yardstick
abrasive,backsaw,c-clamp,dado blade,ear muff,fabric sheet bin,gain,hack saw,illusion,jack plane,kind,labor,machinist vise,nail apron,obstacle,pain,quality,rabbet plane,safety,t-plate,uncertainty,vacuum,wall plug,
accomplishment,bag,cabinet,danish oil,ear protection,face shield,gallery,hacksaw,illustration board bin,japanese pull saw,knee pad,lacquer,magnetic vise,nail bin,odd leg caliper,paint,quantity,rabbeting bit,safety glasse,t-square,undercoat bin,vacuum vise,wallboard saw,
accuracy,balance,cabinet rasp,darby,edge bander,face vise,gap,hacksaw blade,image,japanese saw,knife,lacquer bin,mallet,nail gun,offense,paint bin,question,rack,safety glasses,table saw,uniformity,validity,want,
achievement,ball peen hammer,cabinet scraper,database,edge clamp,faceplate,gauge,half-round file,imagery,jar,knob,ladder,management,nail pouch,oil,paint roller,quick clamp,radial arm saw,safety goggle,table saw blade,union,value,war,
acoustic emission sensor,ball-peen hammer,cable,dead blow hammer,edge finder,fact,generator,half-round rasp,impact,jeweler's vise,knob bin,lag screw,margin trowel,nail pull,oil bin,paint scraper,quick-grip clamp,radius gauge,safety sign,table slide,utility,valve,warning tape,
acrylic bin,band clamp,cable bin,debate,edge guide,failure,gimlet,hammer,impact driver,jig saw,knowledge,laminate trimmer,marker,nail puller,oil-based bin,paint tray,quick-release vise,rafter square,sand,tablet,utility knife,variety,washer,
acrylic sheet bin,band saw,calendar,debit,edger,fantasy,glasse,hammer drill,improvement,jigger,,lamp,marking awl,nail punch,oilstone,paintbrush,quiet,rag,sander,tack,,varnish,washer bin,
acrylic tape bin,band saw blade,caliper,debt,effect,fastener,glitch,hammer tacker,incentive,jigsaw,,language,marking crayon,nail set,opportunity,painter's tape bin,quiz,random orbit sander,sander vacuum,tack cloth,,varnish bin,watch,
adapter,band saw table,call,decimal,effort,fastener organizer,glove,hand auger,income,jigsaw blade,,lantern,marking gauge,narrative,orbital sander,palm nailer,,random orbital sander,sanding block,tack hammer,,veiner,water level,
adhesive,bandsaw,calm,deck screw,eggbeater drill,fault,glue,hand drill,indicator,job,,lap joint,marking knife,need,organizer,palm sander,,random-orbit sander,sanding sealer,tactic,,veneer bin,water-based bin,
adhesive bin,bar clamp,can,decking bin,elbow,feather board,glue bin,hand plane,influence,joint,,laser,marking pen,needle nose plier,oscillating multi-tool,panel bin,,range,sanding sponge,tail vise,,veneer hammer,waterstone,
adhesive dispenser,barrier,canister,defeat,electric drill,featherboard,glue bottle,hand router,inside caliper,joint compound bin,,laser level,mask,needle-nose plier,oscillating multitool,panel gauge,,rank,sandpaper,tale,,veneer roller,wax,
adjustable wrench,baseboard bin,cant hook,defect,electric staple gun,feedback,glue brush,hand saw,inspection,jointer,,laser measure,masking tape bin,network,oscillating tool,panel saw,,rasp,satisfaction,talent,,veneer saw,wax bin,
advantage,batter board,canvas bin,defense,electric stapler,fiberglass sheet bin,glue clamp,hand saw blade,inspiration,jointer plane,,latch bin,mason's trowel,nipper,outcome,paneling bin,,rasp plane,saw,tank,,vernier caliper,webbing bin,
advice,battery charger,capital,degreaser,electrical tape bin,fight,glue gun,hand scraper,insulation board bin,joist hanger,,latche,masonry nail,noise,outfeed table,pant,,ratchet,saw blade,tape,,vest,website,
adze,battle,card scraper,degreaser bin,email,filament tape bin,glue scraper,hand screw clamp,insulation knife,joy,,latex bin,masonry saw,note,output,pantograph,,ratchet screwdriver,saw file,tape bin,,vice,wedge,
aerosol bin,beadboard bin,cardboard sheet bin,degree,emery cloth,file,glue spreader,hand staple gun,integer,,,lath hammer,mastery,notebook,outside caliper,paper sheet bin,,ratcheting screwdriver,saw horse,tape measure,,vice grip,wedge anchor,
aid,beam bin,career,delight,enamel bin,file card,goal,hand vise,intensity,,,lathe,mat board bin,number,oversight,paper tape bin,,rate,saw set,target,,victory,weight,
aim,beam compas,carpenter,deliverable,encouragement,filler,goggle,handle,interaction,,,lathe bench,maul,nut,,paragraph,,rating,saw vise,tarp bin,,video,welding torch,
air compressor,beam hanger,carpenter pencil,demand,end cutter,filler bin,gouge,handle bin,interest,,,lathe tool,mdf bin,nut bin,,parallel clamp,,razor blade,sawbench,task,,vinyl tape bin,wheelbarrow,
air filter,beam trammel,carpenter's apron,density gauge,end nipper,film,grade,handsaw,investment,,,law,measure,nut driver,,paring chisel,,reality,sawbuck,task light,,vise,whetstone,
air hose,beat,carpenter's level,depth gauge,energy,film bin,grain filler,handscrew clamp,issue,,,layout square,measuring stick,,,part,,reason,sawhorse,teamwork,,vise grip,whittling knife,
air regulator,bed bolt,carpenter's pencil,desire,epoxy,finance,grinder,handtruck,,,,lead tape bin,measuring tape,,,particleboard bin,,reciprocating saw,sawhorse bracket,tear,,vision,whole,
alarm,bed rail fastener,carpenter's square,detail sander,epoxy bin,finger joint,grinding wheel,hanger,,,,leadership,meeting,,,parting tool,,reciprocating tool,sawhorse leg,technique,,volume,win,
allen key,beetle,carriage bolt,detector,eraser,finish hammer,groove,happines,,,,leather sheet bin,melody,,,partnership,,recognition,sawhorse top,tee,,,wing compas,
allen wrench,belt,cartridge,development,error,finish nail,groover,hard hat,,,,leather strop,memo,,,parts organizer,,recommendation,sawzall,teflon tape bin,,,wing divider,
alliance,belt sander,carving blank bin,diagonal cutter,evaluation,finish nailer,grout bin,hardboard bin,,,,leg vise,mending plate,,,patternmaker's vise,,reducer,scaffold,tempo,,,wire,
aluminum tape bin,bench chisel,carving gouge,diagram,evidence,finishing nail,growth,hardship,,,,legacy,message,,,peace,,reducing glas,scaffolding,tenon,,,wire bin,
ambiguity,bench dog,carving knife,dial,exam,fire extinguisher,guidance,hardware organizer,,,,level,metal sheet bin,,,peavey,,regulation,scale,tenon cutter,,,wire brush,
amount,bench grinder,carving mallet,dialogue,exhibition,firmer chisel,guideline,harmony,,,,library,metaphor,,,peg,,reinforced tape bin,scan,tenon saw,,,wire cutter,
analogy,bench hook,carving tool,diamond bowl gouge,expansion bit,first aid kit,,hasp,,,,license,meter,,,peg board,,relationship,scarf joint,tenoner,,,wire stripper,
anchor,bench plane,carving vise,diamond parting tool,expense,flashlight,,hasp bin,,,,light,method,,,pegboard,,reliability,schedule,tenoning jig,,,wire wheel,
anchor bolt,bench vice,cash,diamond roughing gouge,experience,flat bar,,hat,,,,line level,micro drill,,,pen,,remover bin,scissor,test,,,wish,
angle bracket,bench vise,casing bin,diamond round nose scraper,expertise,flat bar bin,,hatchet,,,,line pin,micrometer,,,pencil,,requirement,scope,text,,,wonder bar,
angle divider,benefit,cat's paw,diamond scraper,extension cord,flat bracket,,haunched tenon,,,,lineman's plier,mill file,,,pencil compas,,resin,score,theme,,,wood acoustic properties tester,
angle finder,bevel,catastrophe,diamond skew,extent,flathead screwdriver,,headlamp,,,,liner bin,milling machine,,,pencil sharpener,,resin bin,scouring pad,theodolite,,,wood aesthetic properties tester,
angle grinder,bevel gauge,catch bin,diamond spindle gouge,,flaw,,hearing protection,,,,linesman plier,mission,,,penetrating oil,,resistance drill,scraper,theory,,,wood anatomical properties tester,
angle iron bin,bevel protractor,catche,diamond square nose scraper,,float,,heat gun,,,,link,mistake,,,percentage,,resource,scraper plane,thickness gauge,,,wood archaeological properties tester,
angle marker,bevel square,category,diamond stone,,flooring bin,,hedge trimmer,,,,linseed oil,misunderstanding,,,performance,,respirator,scratch awl,thickness planer,,,wood architectural properties tester,
answer,bevel-edge chisel,cats paw,die grinder,,flooring nailer,,height gauge,,,,list,miter box,,,permit,,responsibility,screw,thicknesser,,,wood artificial intelligence properties tester,
app,bin,caul,difference,,flush trim bit,,help,,,,live center,miter clamp,,,phillips screwdriver,,result,screw bin,thinner,,,wood artistic properties tester,
approach,biscuit,caulk,difficulty,,flush-cut saw,,heritage,,,,loan,miter joint,,,phone,,revenue,screw extractor,thinner bin,,,wood astroaesthetics properties tester,
apron,biscuit joiner,caulk bin,digital angle finder,,flush-trim bit,,hermaphrodite caliper,,,,lock,miter marker,,,photo,,review,screw gun,thought,,,wood astroart properties tester,
archive,bit,caulk gun,digital caliper,,flux,,hewing hatchet,,,,locker,miter saw,,,phrase,,reward,screwdriver,threat,,,wood astroartificial intelligence properties tester,
argument,bit and brace,caulking gun,dimension,,foam acrylic bin,,hex key,,,,locking plier,miter saw bench,,,piece,,rhythm,screwdriver bit,through tenon,,,wood astroastroaesthetics properties tester,
assembly table,bit brace,cause,diploma,,foam aerogel bin,,hide glue,,,,log bin,miter square,,,pilot bit,,riffler,scribe,tie,,,wood astroastroart properties tester,
assessment,bit driver,center finder,direction,,foam amethyst bin,,hinge,,,,log dog,mitre box,,,pin nailer,,rip claw,scriber,tile bin,,,wood astroastroartificial intelligence properties tester,
asset,bit holder,center punch,disaster,,foam animal bin,,hinge bin,,,,los,mitre saw,,,pin punch,,rip saw,scroll saw,timber bin,,,wood astroastroastro,
assignment,bit set,certificate,disc sander,,foam applicator bin,,hinge jig,,,,lubricant,mixing stick,,,pin vise,,ripsaw,sealant,timber framing chisel,,,wood astroastroastroaesthetics properties tester,
assistance,blind tenon,certification,discussion,,foam backer rod bin,,hinged clamp,,,,lumber,moisture meter,,,pincer,,risk,sealant bin,timber scribe,,,wood astroastroastroart properties tester,
attack,blis,chain,dispute,,foam block bin,,hint,,,,lumber crayon,moisture separator,,,pinch bar,,rivet bin,sealer bin,timer,,,wood astroastroastroartificial intelligence properties tester,
audio,block and tackle,chain bin,distance,,foam board bin,,history,,,,,molder,,,pipe bin,,rivet gun,section,tin snip,,,wood astroastroastroastroaesthetics properties tester,
audit,block bin,chain mortiser,diversity,,foam bone bin,,hockey tape bin,,,,,molding bin,,,pipe clamp,,robertson screwdriver,security,tinsnip,,,wood astroastroastroastroart properties tester,
auger,block plane,chain saw,divider,,foam brush bin,,hold-down,,,,,molly bolt,,,pipe vise,,role,segment,tip,,,wood astroastroastroastroartificial intelligence properties tester,
auger bit,block sander,chainsaw,division,,foam carbon bin,,holdfast,,,,,money,,,pipe wrench,,roller,seismic tie,title,,,wood astroastroastroastroastroaesthetics properties tester,
aviation snip,blog,chair rail bin,document,,foam ceramic bin,,hole saw,,,,,mortar bin,,,pitch,,roller bin,sensor,toggle bolt,,,wood astroastroastroastroastroart properties tester,
award,blood,chalk,domino joiner,,foam citrine bin,,hollow chisel mortiser,,,,,mortise,,,plan,,roofing bin,sentence,toggle clamp,,,wood astroastroastroastroastroartificial intelligence properties tester,
awl,blow gun,chalk box,double-sided tape bin,,foam cone bin,,honing guide,,,,,mortise chisel,,,plane,,roofing nail,serenity,toil,,,wood astroastroastroastroastroastrobiology properties tester,
axe,blower,chalk line,doubt,,foam coral bin,,honing stone,,,,,mortise gauge,,,plane iron,,roofing nailer,serie,tone,,,wood astroastroastroastroastroastrochemistry properties tester,
,blueprint,chalk reel,dovetail,,foam cotton bin,,honor,,,,,mortiser,,,planer,,rope,setting,tongue,,,wood astroastroastroastroastroastroclimatology properties tester,
,board bin,chalkline,dovetail bit,,foam cube bin,,hook,,,,,mortising machine,,,planing stop,,rope bin,shaper,tongue and groove bin,,,wood astroastroastroastroastroastroecology properties tester,
,bolt,challenge,dovetail jig,,foam cylinder bin,,hope,,,,,motif,,,plank,,rotary hammer,shaper table,tool accumulation,,,wood astroastroastroastroastroastroeconomics properties tester,
,bolt bin,chamfer bit,dovetail marker,,foam diamond bin,,hose,,,,,motivation,,,plank bin,,rotary tool,sharpener,tool apron,,,wood astroastroastroastroastroastroevolution properties tester,
,bolt cutter,change,dovetail saw,,foam emerald bin,,hot glue gun,,,,,movie,,,plasma cutter,,roughing gouge,sharpening station,tool array,,,wood astroastroastroastroastroastrogenetics properties tester,
,bond,chapter,dow,,foam eva bin,,hot glue stick,,,,,multi-tool,,,plaster bin,,round bar bin,sharpening stone,tool assembly,,,wood astroastroastroastroastroastrogeology properties tester,
,book,character,dowel,,foam feather bin,,hurricane tie,,,,,multimeter,,,plastic sheet bin,,round nose scraper,shear,tool assortment,,,wood astroastroastroastroastroastrometeorology properties tester,
,boot,charcoal,dowel bin,,foam flower bin,,,,,,,multitool,,,plastic sheeting bin,,roundover bit,sheet bin,tool bag,,,wood astroastroastroastroastroastronomy properties tester,
,bottle,chat,dowel center,,foam fullerene bin,,,,,,,museum,,,plate joiner,,router,shelf,tool belt,,,wood astroastroastroastroastroastropathology properties tester,
,bow compas,check,dowel jig,,foam fur bin,,,,,,,music,,,play,,router bit,shelf pin,tool bin,,,wood astroastroastroastroastroastrophysics properties tester,
,bow saw,chest,dowel joint,,foam garnet bin,,,,,,,,,,pleasure,,router plane,shellac,tool box,,,wood astroastroastroastroastroastrophysiology properties tester,
,bowl gouge,chip carving knife,dowel maker,,foam glass bin,,,,,,,,,,plier,,router table,shellac bin,tool cabinet,,,wood astroastroastroastroastroastropsychology properties tester,
,box,chisel,dowel pin,,foam graphene bin,,,,,,,,,,plot,,rubber mallet,shim,tool caddy,,,wood astroastroastroastroastroastrosociology properties tester,
,box cutter,chisel mallet,doweling center,,foam graphite bin,,,,,,,,,,plug,,rubber sheet bin,shingle bin,tool cart,,,wood astroastroastroastroastroaugmented reality properties tester,
,brace,chisel set,doweling jig,,foam hair bin,,,,,,,,,,plug cutter,,rubber tape bin,shingle hatchet,tool case,,,wood astroastroastroastroastroautomation properties tester,
,brace and bit,chop saw,drama,,foam heart bin,,,,,,,,,,plumb bob,,rule,shiplap bin,tool chest,,,wood astroastroastroastroastrobiology properties tester,
,brace bit,chuck,drawbore hole,,foam horn bin,,,,,,,,,,plunge router,,ruler,shooting board,tool collection,,,wood astroastroastroastroastroblockchain properties tester,
,bracket,circle cutter,drawbore offset,,foam insulation bin,,,,,,,,,,plunge saw,,,shop apron,tool drawer,,,wood astroastroastroastroastrochaos theory properties tester,
,bracket bin,circular saw,drawbore offset abrasion tester,,foam ivory bin,,,,,,,,,,plywood bin,,,shop towel,tool gathering,,,wood astroastroastroastroastrochemistry properties tester,
,brad,circular saw blade,drawbore offset acoustoluminescence,,foam latex bin,,,,,,,,,,pneumatic compressor,,,shop vac,tool hanger,,,wood astroastroastroastroastrocinema properties tester,
,brad awl,clamp,drawbore offset adhesion tester,,foam letter bin,,,,,,,,,,pneumatic nailer,,,shop vacuum,tool hoard,,,wood astroastroastroastroastroclimatology properties tester,
,brad nail,clamp guide,drawbore offset anemometer,,foam linen bin,,,,,,,,,,pneumatic stapler,,,shortcut,tool holster,,,wood astroastroastroastroastrocomplexity theory properties tester,
,brad nailer,clamp-on vise,drawbore offset angle,,foam melamine bin,,,,,,,,,,pocket hole,,,shoulder plane,tool inventory,,,wood astroastroastroastroastrocomputer vision properties tester,
,brad point bit,clas,drawbore offset arc optical emission spectrometry,,foam metal bin,,,,,,,,,,pocket hole jig,,,shoulder vise,tool kit,,,wood astroastroastroastroastrocosmology properties tester,
,brad-point bit,claw,drawbore offset area,,foam nanotube bin,,,,,,,,,,pocket hole punch,,,show,tool oil,,,wood astroastroastroastroastrocryptocurrency properties tester,
,bradawl,claw hammer,drawbore offset atomic absorption spectroscopy,,foam neoprene bin,,,,,,,,,,pocket knife,,,side cutter,tool organizer,,,wood astroastroastroastroastrocybernetics properties tester,
,breakdown,cleaner,drawbore offset atomic force microscope,,foam number bin,,,,,,,,,,pocket screw,,,siding bin,tool pouch,,,wood astroastroastroastroastrodecentralized autonomous organization properties tester,
,breast drill,cleaner bin,drawbore offset auger electron spectroscopy,,foam nylon bin,,,,,,,,,,pocket-hole jig,,,siding nailer,tool rack,,,wood astroastroastroastroastrodecentralized finance properties tester,
,brick bin,clock,drawbore offset barometer,,foam olefin bin,,,,,,,,,,pointing trowel,,,sign,tool range,,,wood astroastroastroastroastrodeep learning properties tester,
,brick hammer,cloth tape bin,drawbore offset bending strength,,foam opal bin,,,,,,,,,,pole saw,,,signal,tool reserve,,,wood astroastroastroastroastrodigital media properties tester,
,brick jointer,clue,drawbore offset bevel,,foam pad bin,,,,,,,,,,policy,,,silence,tool rest,,,wood astroastroastroastroastrodrama properties tester,
,bridge,coat,drawbore offset bioluminescence,,foam pearl bin,,,,,,,,,,polish,,,silicone,tool roll,,,wood astroastroastroastroastroecology properties tester,
,bridle joint,cold chisel,drawbore offset bit,,foam peridot bin,,,,,,,,,,polish bin,,,silicone sealant,tool selection,,,wood astroastroastroastroastroeconomics properties tester,
,broadaxe,collaboration,drawbore offset brinell,,foam phenolic bin,,,,,,,,,,polisher,,,silicone tape bin,tool set,,,wood astroastroastroastroastroethics properties tester,
,broom,collection,drawbore offset brittlenes,,foam polyester bin,,,,,,,,,,polycarbonate sheet bin,,,similarity,tool sharpener,,,wood astroastroastroastroastroevolution properties tester,
,brush,combination plier,drawbore offset calorimeter,,foam polyethylene bin,,,,,,,,,,polyester tape bin,,,size,tool shelf,,,wood astroastroastroastroastroextended reality properties tester,
,brush bin,combination square,drawbore offset cathodoluminescence,,foam polyimide bin,,,,,,,,,,polyimide tape bin,,,sketch,tool stand,,,wood astroastroastroastroastrofractal geometry properties tester,
,bubble level,comedy,drawbore offset chamfer,,foam polyisocyanurate bin,,,,,,,,,,polyurethane,,,skew chisel,tool stash,,,wood astroastroastroastroastrogenetics properties tester,
,bucket,comment,drawbore offset chemiluminescence,,foam polypropylene bin,,,,,,,,,,polyurethane bin,,,skill,tool stock,,,wood astroastroastroastroastrogeology properties tester,
,budget,common nail,drawbore offset chromatograph,,foam polystyrene bin,,,,,,,,,,portable vise,,,slatwall,tool supply,,,wood astroastroastroastroastrointernet of things properties tester,
,buffing wheel,communication,drawbore offset circumference,,foam polyurethane bin,,,,,,,,,,position,,,sledgehammer,tool tote,,,wood astroastroastroastroastrolaw properties tester,
,bug,community,drawbore offset cohesion tester,,foam pvc bin,,,,,,,,,,possibility,,,sleeve anchor,tool tray,,,wood astroastroastroastroastromachine learning properties tester,
,bull float,comparison,drawbore offset cold vapor atomic absorption spectroscopy,,foam quartz bin,,,,,,,,,,post base,,,slick,tool variety,,,wood astroastroastroastroastrometaverse properties tester,
,burnisher,compas,drawbore offset compressive strength,,foam rayon bin,,,,,,,,,,post cap,,,sliding bevel,tool vest,,,wood astroastroastroastroastrometeorology properties tester,
,butt joint,compass saw,drawbore offset countersink,,foam rectangle bin,,,,,,,,,,post level,,,sliding bevel gauge,tool wall,,,wood astroastroastroastroastromixed reality properties tester,
,butyl tape bin,competence,drawbore offset creep,,foam roller bin,,,,,,,,,,potential,,,sliding compound miter saw,toolbox,,,wood astroastroastroastroastromultiverse theory properties tester,
,,compound miter saw,drawbore offset crystalloluminescence,,foam rubber bin,,,,,,,,,,pouch,,,sliding t-bevel,topcoat bin,,,wood astroastroastroastroastromusic properties tester,
,,compressor,drawbore offset deformoluminescence,,foam ruby bin,,,,,,,,,,power,,,slip-joint plier,torpedo level,,,wood astroastroastroastroastronatural language processing properties tester,
,,computer,drawbore offset density,,foam sapphire bin,,,,,,,,,,power cutter,,,slot mortiser,torque wrench,,,wood astroastroastroastroastroneural network properties tester,
,,concept,drawbore offset depth,,foam scale bin,,,,,,,,,,power drill,,,slotted screwdriver,torx bit,,,wood astroastroastroastroastronomy properties tester,
,,concern,drawbore offset diameter,,foam sealant bin,,,,,,,,,,power planer,,,smoothing plane,torx driver,,,wood astroastroastroastroastronon-fungible token properties tester,
,,concrete bin,drawbore offset drill,,foam shape bin,,,,,,,,,,power sander,,,snap line,torx key,,,wood astroastroastroastroastropathology properties tester,
,,concrete nail,drawbore offset ductility,,foam sheet bin,,,,,,,,,,power strip,,,soapstone,torx screwdriver,,,wood astroastroastroastroastrophysics properties tester,
,,concrete saw,drawbore offset durometer,,foam shell bin,,,,,,,,,,power trowel,,,social media,track saw,,,wood astroastroastroastroastrophysiology properties tester,
,,concrete screw,drawbore offset elasticity,,foam silicone bin,,,,,,,,,,precision,,,society,trade,,,wood astroastroastroastroastropolitics properties tester,
,,conduit bin,drawbore offset elastoluminescence,,foam silk bin,,,,,,,,,,presentation,,,socket,tradition,,,wood astroastroastroastroastropsychology properties tester,
,,conference,drawbore offset electroluminescence,,foam spandex bin,,,,,,,,,,price,,,socket set,tragedy,,,wood astroastroastroastroastroquantum mechanics properties tester,
,,conflict,drawbore offset electron microscope,,foam sphere bin,,,,,,,,,,primer,,,socket wrench,training,,,wood astroastroastroastroastrorelativity theory properties tester,
,,confusion,drawbore offset far-infrared spectroscopy,,foam sponge bin,,,,,,,,,,primer bin,,,software,trammel,,,wood astroastroastroastroastrorobotics properties tester,
,,connection,drawbore offset fatigue,,foam stamp bin,,,,,,,,,,principle,,,solder,trammel point,,,wood astroastroastroastroastrosociology properties tester,
,,connector,drawbore offset flame atomic absorption spectroscopy,,foam star bin,,,,,,,,,,print,,,soldering iron,tranquility,,,wood astroastroastroastroastrostring theory properties tester,
,,consistency,drawbore offset flow meter,,foam sticker bin,,,,,,,,,,prize,,,solution,transit,,,wood astroastroastroastroastrosystems theory properties tester,
,,construction adhesive,drawbore offset fluorescence spectroscopy,,foam tape bin,,,,,,,,,,problem,,,solvent,tray,,,wood astroastroastroastroastrotelevision properties tester,
,,contact cement,drawbore offset focused ion beam,,foam topaz bin,,,,,,,,,,procedure,,,solvent bin,tray bin,,,wood astroastroastroastroastrovirtual reality properties tester,
,,contentment,drawbore offset fourier transform infrared spectroscopy,,foam triangle bin,,,,,,,,,,proces,,,song,trestle,,,wood astroastroastroastroastroweb3 properties tester,
,,contour gauge,drawbore offset fractoluminescence,,foam urea-formaldehyde bin,,,,,,,,,,product,,,sort,trick,,,wood astroastroastroastroaugmented reality properties tester,
,,contrast,drawbore offset friction tester,,foam vinyl bin,,,,,,,,,,profession,,,sound,trim bin,,,wood astroastroastroastroautomation properties tester,
,,control,drawbore offset gauge,,foam wool bin,,,,,,,,,,proficiency,,,spackle bin,trim hammer,,,wood astroastroastroastrobiology properties tester,
,,conversation,drawbore offset glow discharge optical emission spectrometry,,foil tape bin,,,,,,,,,,profile gauge,,,spackle knife,trim nailer,,,wood astroastroastroastroblockchain properties tester,
,,cooperation,drawbore offset graphite furnace atomic absorption spectroscopy,,folder,,,,,,,,,,profit,,,spade bit,trim router,,,wood astroastroastroastrochaos theory properties tester,
,,coordination,drawbore offset hardnes,,folding rule,,,,,,,,,,program,,,spanner,triumph,,,wood astroastroastroastrochemistry properties tester,
,,coping jig,drawbore offset hardness scale,,force,,,,,,,,,,progres,,,specification,trowel,,,wood astroastroastroastrocinema properties tester,
,,coping saw,drawbore offset height,,fore plane,,,,,,,,,,project,,,speech,truss plate,,,wood astroastroastroastroclimatology properties tester,
,,coping saw blade,drawbore offset hydride generation atomic absorption spectroscopy,,forstner bit,,,,,,,,,,proof,,,speed square,truth,,,wood astroastroastroastrocomplexity theory properties tester,
,,copper tape bin,drawbore offset hygrometer,,forum,,,,,,,,,,proportional divider,,,spindle bin,try square,,,wood astroastroastroastrocomputer vision properties tester,
,,copy,drawbore offset impact strength,,fox wedge,,,,,,,,,,protection,,,spindle gouge,tube,,,wood astroastroastroastrocosmology properties tester,
,,cord,drawbore offset inductively coupled plasma atomic emission spectroscopy,,fraction,,,,,,,,,,protective glove,,,spindle sander,tube bin,,,wood astroastroastroastrocryptocurrency properties tester,
,,cord bin,drawbore offset inductively coupled plasma mass spectrometry,,frame bin,,,,,,,,,,protocol,,,spirit level,tung oil,,,wood astroastroastroastrocybernetics properties tester,
,,cordless drill,drawbore offset inductively coupled plasma optical emission spectrometry,,framing clamp,,,,,,,,,,protractor,,,spline,turning blank bin,,,wood astroastroastroastrodecentralized autonomous organization properties tester,
,,corner brace,drawbore offset infrared spectroscopy,,framing hammer,,,,,,,,,,pruning saw,,,splitting axe,turning tool,,,wood astroastroastroastrodecentralized finance properties tester,
,,corner brace bin,drawbore offset jig,,framing nailer,,,,,,,,,,pry,,,splitting wedge,tusk tenon,,,wood astroastroastroastrodeep learning properties tester,
,,corner clamp,drawbore offset knoop,,framing square,,,,,,,,,,pry bar,,,spoke shave,type,,,wood astroastroastroastrodigital media properties tester,
,,corner finder,drawbore offset laser-induced breakdown spectroscopy,,french cleat,,,,,,,,,,pry nailer,,,spokeshave,,,,wood astroastroastroastrodrama properties tester,
,,corrugated fastener,drawbore offset length,,fret saw,,,,,,,,,,pull,,,spray paint bin,,,,wood astroastroastroastroecology properties tester,
,,cost,drawbore offset lyoluminescence,,froe,,,,,,,,,,pull bin,,,sprayer,,,,wood astroastroastroastroeconomics properties tester,
,,cotter pin bin,drawbore offset malleability,,fulfillment,,,,,,,,,,pull saw,,,spreadsheet,,,,wood astroastroastroastroethics properties tester,
,,count,drawbore offset marker,,future,,,,,,,,,,punch,,,spring clamp,,,,wood astroastroastroastroevolution properties tester,
,,countersink,drawbore offset mas,,,,,,,,,,,,purpose,,,square,,,,wood astroastroastroastroextended reality properties tester,
,,countersink bit,drawbore offset mass spectrometer,,,,,,,,,,,,push drill,,,square bar bin,,,,wood astroastroastroastrofractal geometry properties tester,
,,coupling,drawbore offset mechanoluminescence,,,,,,,,,,,,push stick,,,square bit,,,,wood astroastroastroastrogenetics properties tester,
,,course,drawbore offset mid-infrared spectroscopy,,,,,,,,,,,,putty,,,square file,,,,wood astroastroastroastrogeology properties tester,
,,craft,drawbore offset modulu,,,,,,,,,,,,putty bin,,,square head,,,,wood astroastroastroastrointernet of things properties tester,
,,crash,drawbore offset moh,,,,,,,,,,,,putty knife,,,square nose scraper,,,,wood astroastroastroastrolaw properties tester,
,,credential,drawbore offset near-infrared spectroscopy,,,,,,,,,,,,pva glue,,,square punch,,,,wood astroastroastroastromachine learning properties tester,
,,credit,drawbore offset neutron activation analysi,,,,,,,,,,,,,,,square-drive screwdriver,,,,wood astroastroastroastrometaverse properties tester,
,,crimping tool,drawbore offset penetrometer,,,,,,,,,,,,,,,stability,,,,wood astroastroastroastrometeorology properties tester,
,,crosscut saw,drawbore offset phosphorescence spectroscopy,,,,,,,,,,,,,,,stain,,,,wood astroastroastroastromixed reality properties tester,
,,crowbar,drawbore offset photoluminescence,,,,,,,,,,,,,,,stain bin,,,,wood astroastroastroastromultiverse theory properties tester,
,,crowfoot wrench,drawbore offset piezoluminescence,,,,,,,,,,,,,,,standard,,,,wood astroastroastroastromusic properties tester,
,,crown molding bin,drawbore offset plasticity,,,,,,,,,,,,,,,staple,,,,wood astroastroastroastronatural language processing properties tester,
,,cue,drawbore offset plastoluminescence,,,,,,,,,,,,,,,staple gun,,,,wood astroastroastroastroneural network properties tester,
,,culture,drawbore offset poisson's ratio,,,,,,,,,,,,,,,staple remover,,,,wood astroastroastroastronomy properties tester,
,,currency,drawbore offset pressure gauge,,,,,,,,,,,,,,,stapler,,,,wood astroastroastroastronon-fungible token properties tester,
,,cut nail,drawbore offset punch,,,,,,,,,,,,,,,steady rest,,,,wood astroastroastroastropathology properties tester,
,,cutting gauge,drawbore offset pyrometer,,,,,,,,,,,,,,,steel rule,,,,wood astroastroastroastrophysics properties tester,
,,cyanoacrylate glue,drawbore offset radioluminescence,,,,,,,,,,,,,,,steel ruler,,,,wood astroastroastroastrophysiology properties tester,
,,cylinder,drawbore offset radiu,,,,,,,,,,,,,,,steel square,,,,wood astroastroastroastropolitics properties tester,
,,,drawbore offset raman spectroscopy,,,,,,,,,,,,,,,steel wool,,,,wood astroastroastroastropsychology properties tester,
,,,drawbore offset reamer,,,,,,,,,,,,,,,step ladder,,,,wood astroastroastroastroquantum mechanics properties tester,
,,,drawbore offset rheoluminescence,,,,,,,,,,,,,,,step stool,,,,wood astroastroastroastrorelativity theory properties tester,
,,,drawbore offset rheometer,,,,,,,,,,,,,,,stepladder,,,,wood astroastroastroastrorobotics properties tester,
,,,drawbore offset rockwell,,,,,,,,,,,,,,,stone bin,,,,wood astroastroastroastrosociology properties tester,
,,,drawbore offset rutherford backscattering spectrometry,,,,,,,,,,,,,,,stool,,,,wood astroastroastroastrostring theory properties tester,
,,,drawbore offset scanning electron microscope,,,,,,,,,,,,,,,storage chest,,,,wood astroastroastroastrosystems theory properties tester,
,,,drawbore offset scanning probe microscope,,,,,,,,,,,,,,,story,,,,wood astroastroastroastrotelevision properties tester,
,,,drawbore offset scanning tunneling microscope,,,,,,,,,,,,,,,story pole,,,,wood astroastroastroastrovirtual reality properties tester,
,,,drawbore offset scleroscope,,,,,,,,,,,,,,,story stick,,,,wood astroastroastroastroweb3 properties tester,
,,,drawbore offset secondary ion mass spectrometry,,,,,,,,,,,,,,,straight bit,,,,wood astroastroastroaugmented reality properties tester,
,,,drawbore offset shear strength,,,,,,,,,,,,,,,straightedge,,,,wood astroastroastroautomation properties tester,
,,,drawbore offset sonocatalysi,,,,,,,,,,,,,,,strap,,,,wood astroastroastrobiology properties tester,
,,,drawbore offset sonochemistry,,,,,,,,,,,,,,,strap bin,,,,wood astroastroastroblockchain properties tester,
,,,drawbore offset sonoelectrochemistry,,,,,,,,,,,,,,,strap clamp,,,,wood astroastroastrochaos theory properties tester,
,,,drawbore offset sonoluminescence,,,,,,,,,,,,,,,strapping tape bin,,,,wood astroastroastrochemistry properties tester,
,,,drawbore offset sonophotocatalysi,,,,,,,,,,,,,,,strategy,,,,wood astroastroastrocinema properties tester,
,,,drawbore offset sonophotoelectrocatalysi,,,,,,,,,,,,,,,strength,,,,wood astroastroastroclimatology properties tester,
,,,drawbore offset sonophotoelectrocatalytic,,,,,,,,,,,,,,,stretcher bar bin,,,,wood astroastroastrocomplexity theory properties tester,
,,,drawbore offset sonophotoelectrocatalytically,,,,,,,,,,,,,,,string line,,,,wood astroastroastrocomputer vision properties tester,
,,,drawbore offset sonophotoelectrocatalyzation,,,,,,,,,,,,,,,string trimmer,,,,wood astroastroastrocosmology properties tester,
,,,drawbore offset sonophotoelectrocatalyzational,,,,,,,,,,,,,,,stripper bin,,,,wood astroastroastrocryptocurrency properties tester,
,,,drawbore offset sonophotoelectrocatalyzationally,,,,,,,,,,,,,,,strop,,,,wood astroastroastrocybernetics properties tester,
,,,drawbore offset sonophotoelectrocatalyzative,,,,,,,,,,,,,,,struggle,,,,wood astroastroastrodecentralized autonomous organization properties tester,
,,,drawbore offset sonophotoelectrocatalyzatively,,,,,,,,,,,,,,,stubby screwdriver,,,,wood astroastroastrodecentralized finance properties tester,
,,,drawbore offset sonophotoelectrocatalyzativenes,,,,,,,,,,,,,,,stucco bin,,,,wood astroastroastrodeep learning properties tester,
,,,drawbore offset sonophotoelectrocatalyzativeness',,,,,,,,,,,,,,,stud,,,,wood astroastroastrodigital media properties tester,
,,,drawbore offset sonophotoelectrocatalyzativeness's',,,,,,,,,,,,,,,stud finder,,,,wood astroastroastrodrama properties tester,
,,,drawbore offset sonophotoelectrocatalyzativeness's's',,,,,,,,,,,,,,,stud sensor,,,,wood astroastroastroecology properties tester,
,,,drawbore offset sonophotoelectrocatalyzativeness's's's',,,,,,,,,,,,,,,succes,,,,wood astroastroastroeconomics properties tester,
,,,drawbore offset sonophotoelectrocatalyzativeness's's's's',,,,,,,,,,,,,,,suction vise,,,,wood astroastroastroethics properties tester,
,,,drawbore offset sonophotoelectrocatalyzativeness's's's's's',,,,,,,,,,,,,,,suffering,,,,wood astroastroastroevolution properties tester,
,,,drawbore offset sonophotoelectrocatalyzativeness's's's's's's',,,,,,,,,,,,,,,suggestion,,,,wood astroastroastroextended reality properties tester,
,,,drawbore offset sonophotoelectrocatalyzativeness's's's's's's's',,,,,,,,,,,,,,,supervision,,,,wood astroastroastrofractal geometry properties tester,
,,,drawbore offset sonophotoelectrocatalyzativeness's's's's's's's's',,,,,,,,,,,,,,,supply,,,,wood astroastroastrogenetics properties tester,
,,,drawbore offset sonophotoelectrocatalyzativeness's's's's's's's's's',,,,,,,,,,,,,,,support,,,,wood astroastroastrogeology properties tester,
,,,drawbore offset sonophotoelectrocatalyzativeness's's's's's's's's's's',,,,,,,,,,,,,,,surface gauge,,,,wood astroastroastrointernet of things properties tester,
,,,drawbore offset sonophotoelectrocatalyzativeness's's's's's's's's's's's',,,,,,,,,,,,,,,surface planer,,,,wood astroastroastrolaw properties tester,
,,,drawbore offset sonophotoelectrocatalyzativeness's's's's's's's's's's's's',,,,,,,,,,,,,,,surform,,,,wood astroastroastromachine learning properties tester,
,,,drawbore offset sonophotoelectrocatalyzativeness's's's's's's's's's's's's's',,,,,,,,,,,,,,,sweat,,,,wood astroastroastrometaverse properties tester,
,,,drawbore offset sonophotoelectrocatalyzativeness's's's's's's's's's's's's's's',,,,,,,,,,,,,,,symbol,,,,wood astroastroastrometeorology properties tester,
,,,drawbore offset sonophotoelectrocatalyzativeness's's's's's's's's's's's's's's's',,,,,,,,,,,,,,,,,,,wood astroastroastromixed reality properties tester,
,,,drawbore offset sonophotoelectrocatalyzativeness's's's's's's's's's's's's's's's's',,,,,,,,,,,,,,,,,,,wood astroastroastromultiverse theory properties tester,
,,,drawbore offset sonophotoelectrocatalyzativeness's's's's's's's's's's's's's's's's's',,,,,,,,,,,,,,,,,,,wood astroastroastromusic properties tester,
,,,drawbore offset sonophotoelectrocatalyzativeness's's's's's's's's's's's's's's's's's's',,,,,,,,,,,,,,,,,,,wood astroastroastronatural language processing properties tester,
,,,drawbore offset sonophotoelectrocatalyzativeness's's's's's's's's's's's's's's's's's's's',,,,,,,,,,,,,,,,,,,wood astroastroastroneural network properties tester,
,,,drawbore offset sonophotoelectrocatalyzativeness's's's's's's's's's's's's's's's's's's's's',,,,,,,,,,,,,,,,,,,wood astroastroastronomy properties tester,
,,,drawbore offset sonophotoelectrocatalyzativeness's's's's's's's's's's's's's's's's's's's's's',,,,,,,,,,,,,,,,,,,wood astroastroastronon-fungible token properties tester,
,,,drawbore offset sonophotoelectrocatalyzativeness's's's's's's's's's's's's's's's's's's's's's's',,,,,,,,,,,,,,,,,,,wood astroastroastropathology properties tester,
,,,drawbore offset sonophotoelectrocatalyzativeness's's's's's's's's's's's's's's's's's's's's's's's',,,,,,,,,,,,,,,,,,,wood astroastroastrophysics properties tester,
,,,drawbore offset sonophotoelectrocatalyzativeness's's's's's's's's's's's's's's's's's's's's's's's's',,,,,,,,,,,,,,,,,,,wood astroastroastrophysiology properties tester,
,,,drawbore offset sonophotoelectrocatalyzativeness's's's's's's's's's's's's's's's's's's's's's's's's's',,,,,,,,,,,,,,,,,,,wood astroastroastropolitics properties tester,
,,,drawbore offset sonophotoelectrocatalyzativeness's's's's's's's's's's's's's's's's's's's's's's's's's's',,,,,,,,,,,,,,,,,,,wood astroastroastropsychology properties tester,
,,,drawbore offset sonophotoelectrocatalyzativeness's's's's's's's's's's's's's's's's's's's's's's's's's's's',,,,,,,,,,,,,,,,,,,wood astroastroastroquantum mechanics properties tester,
,,,drawbore offset sonophotoelectrocatalyzativeness's's's's's's's's's's's's's's's's's's's's's's's's's's's's',,,,,,,,,,,,,,,,,,,wood astroastroastrorelativity theory properties tester,
,,,drawbore offset sonophotoelectrocatalyzativeness's's's's's's's's's's's's's's's's's's's's's's's's's's's's's,,,,,,,,,,,,,,,,,,,wood astroastroastrorobotics properties tester,
,,,drawbore offset sonophotoelectrocatalyzativeness's's's's's's's's's's's's's's's's's's's's's's's's's's's's's',,,,,,,,,,,,,,,,,,,wood astroastroastrosociology properties tester,
,,,drawbore offset sonophotoelectrocatalyzativeness's's's's's's's's's's's's's's's's's's's's's's's's's's's's's's',,,,,,,,,,,,,,,,,,,wood astroastroastrostring theory properties tester,
,,,drawbore offset sonophotoelectrocatalyzativeness's's's's's's's's's's's's's's's's's's's's's's's's's's's's's's's',,,,,,,,,,,,,,,,,,,wood astroastroastrosystems theory properties tester,
,,,drawbore offset sonophotoelectrocatalyzativeness's's's's's's's's's's's's's's's's's's's's's's's's's's's's's's's's',,,,,,,,,,,,,,,,,,,wood astroastroastrotelevision properties tester,
,,,drawbore offset sonophotoelectrocatalyzativeness's's's's's's's's's's's's's's's's's's's's's's's's's's's's's's's's's',,,,,,,,,,,,,,,,,,,wood astroastroastrovirtual reality properties tester,
,,,drawbore offset sonophotoelectrocatalyzativeness's's's's's's's's's's's's's's's's's's's's's's's's's's's's's's's's's's',,,,,,,,,,,,,,,,,,,wood astroastroastroweb3 properties tester,
,,,drawbore offset sonophotoelectrocatalyzativeness's's's's's's's's's's's's's's's's's's's's's's's's's's's's's's's's's's's',,,,,,,,,,,,,,,,,,,wood astroastroaugmented reality properties tester,
,,,drawbore offset sonophotoelectrocatalyzativeness's's's's's's's's's's's's's's's's's's's's's's's's's's's's's's's's's's's's',,,,,,,,,,,,,,,,,,,wood astroastroautomation properties tester,
,,,drawbore offset sonophotoelectrocatalyzativeness's's's's's's's's's's's's's's's's's's's's's's's's's's's's's's's's's's's's's',,,,,,,,,,,,,,,,,,,wood astroastrobiology properties tester,
,,,drawbore offset sonophotoelectrocatalyzativenesse,,,,,,,,,,,,,,,,,,,wood astroastroblockchain properties tester,
,,,drawbore offset sonophotoelectrocatalyzativenesses',,,,,,,,,,,,,,,,,,,wood astroastrochaos theory properties tester,
,,,drawbore offset sonophotoelectrocatalyzativitie,,,,,,,,,,,,,,,,,,,wood astroastrochemistry properties tester,
,,,drawbore offset sonophotoelectrocatalyzativity,,,,,,,,,,,,,,,,,,,wood astroastrocinema properties tester,
,,,drawbore offset sonophotoelectrocatalyze,,,,,,,,,,,,,,,,,,,wood astroastroclimatology properties tester,
,,,drawbore offset sonophotoelectrocatalyzed,,,,,,,,,,,,,,,,,,,wood astroastrocomplexity theory properties tester,
,,,drawbore offset sonophotoelectrocatalyzer,,,,,,,,,,,,,,,,,,,wood astroastrocomputer vision properties tester,
,,,drawbore offset sonophotoelectrocatalyzing,,,,,,,,,,,,,,,,,,,wood astroastrocosmology properties tester,
,,,drawbore offset sonophotoelectrochemical,,,,,,,,,,,,,,,,,,,wood astroastrocryptocurrency properties tester,
,,,drawbore offset sonophotoelectrochemistry,,,,,,,,,,,,,,,,,,,wood astroastrocybernetics properties tester,
,,,drawbore offset spark optical emission spectrometry,,,,,,,,,,,,,,,,,,,wood astroastrodecentralized autonomous organization properties tester,
,,,drawbore offset specific gravity,,,,,,,,,,,,,,,,,,,wood astroastrodecentralized finance properties tester,
,,,drawbore offset spectrometer,,,,,,,,,,,,,,,,,,,wood astroastrodeep learning properties tester,
,,,drawbore offset strain,,,,,,,,,,,,,,,,,,,wood astroastrodigital media properties tester,
,,,drawbore offset stres,,,,,,,,,,,,,,,,,,,wood astroastrodrama properties tester,
,,,drawbore offset surface tension tester,,,,,,,,,,,,,,,,,,,wood astroastroecology properties tester,
,,,drawbore offset tensile strength,,,,,,,,,,,,,,,,,,,wood astroastroeconomics properties tester,
,,,drawbore offset terahertz spectroscopy,,,,,,,,,,,,,,,,,,,wood astroastroethics properties tester,
,,,drawbore offset thermoluminescence,,,,,,,,,,,,,,,,,,,wood astroastroevolution properties tester,
,,,drawbore offset thermometer,,,,,,,,,,,,,,,,,,,wood astroastroextended reality properties tester,
,,,drawbore offset thicknes,,,,,,,,,,,,,,,,,,,wood astroastrofractal geometry properties tester,
,,,drawbore offset tool,,,,,,,,,,,,,,,,,,,wood astroastrogenetics properties tester,
,,,drawbore offset torsional strength,,,,,,,,,,,,,,,,,,,wood astroastrogeology properties tester,
,,,drawbore offset toughnes,,,,,,,,,,,,,,,,,,,wood astroastrointernet of things properties tester,
,,,drawbore offset transmission electron microscope,,,,,,,,,,,,,,,,,,,wood astroastrolaw properties tester,
,,,drawbore offset triboluminescence,,,,,,,,,,,,,,,,,,,wood astroastromachine learning properties tester,
,,,drawbore offset ultraviolet-visible spectroscopy,,,,,,,,,,,,,,,,,,,wood astroastrometaverse properties tester,
,,,drawbore offset vicker,,,,,,,,,,,,,,,,,,,wood astroastrometeorology properties tester,
,,,drawbore offset viscoluminescence,,,,,,,,,,,,,,,,,,,wood astroastromixed reality properties tester,
,,,drawbore offset viscometer,,,,,,,,,,,,,,,,,,,wood astroastromultiverse theory properties tester,
,,,drawbore offset viscosity tester,,,,,,,,,,,,,,,,,,,wood astroastromusic properties tester,
,,,drawbore offset volume,,,,,,,,,,,,,,,,,,,wood astroastronatural language processing properties tester,
,,,drawbore offset wear tester,,,,,,,,,,,,,,,,,,,wood astroastroneural network properties tester,
,,,drawbore offset weight,,,,,,,,,,,,,,,,,,,wood astroastronomy properties tester,
,,,drawbore offset width,,,,,,,,,,,,,,,,,,,wood astroastronon-fungible token properties tester,
,,,drawbore offset x-ray diffraction,,,,,,,,,,,,,,,,,,,wood astroastropathology properties tester,
,,,drawbore offset x-ray fluorescence,,,,,,,,,,,,,,,,,,,wood astroastrophysics properties tester,
,,,drawbore offset x-ray photoelectron spectroscopy,,,,,,,,,,,,,,,,,,,wood astroastrophysiology properties tester,
,,,drawbore offset yield strength,,,,,,,,,,,,,,,,,,,wood astroastropolitics properties tester,
,,,drawbore peg,,,,,,,,,,,,,,,,,,,wood astroastropsychology properties tester,
,,,drawbore pin,,,,,,,,,,,,,,,,,,,wood astroastroquantum mechanics properties tester,
,,,drawer organizer,,,,,,,,,,,,,,,,,,,wood astroastrorelativity theory properties tester,
,,,drawer slide,,,,,,,,,,,,,,,,,,,wood astroastrorobotics properties tester,
,,,drawing,,,,,,,,,,,,,,,,,,,wood astroastrosociology properties tester,
,,,drawknife,,,,,,,,,,,,,,,,,,,wood astroastrostring theory properties tester,
,,,dream,,,,,,,,,,,,,,,,,,,wood astroastrosystems theory properties tester,
,,,drift punch,,,,,,,,,,,,,,,,,,,wood astroastrotelevision properties tester,
,,,drill,,,,,,,,,,,,,,,,,,,wood astroastrovirtual reality properties tester,
,,,drill bit,,,,,,,,,,,,,,,,,,,wood astroastroweb3 properties tester,
,,,drill bit set,,,,,,,,,,,,,,,,,,,wood astroaugmented reality properties tester,
,,,drill pre,,,,,,,,,,,,,,,,,,,wood astroautomation properties tester,
,,,drill pres,,,,,,,,,,,,,,,,,,,wood astrobiology properties tester,
,,,drill press table,,,,,,,,,,,,,,,,,,,wood astroblockchain properties tester,
,,,drive center,,,,,,,,,,,,,,,,,,,wood astrochaos theory properties tester,
,,,driver bit,,,,,,,,,,,,,,,,,,,wood astrochemistry properties tester,
,,,drop cloth,,,,,,,,,,,,,,,,,,,wood astrocinema properties tester,
,,,drop cloth bin,,,,,,,,,,,,,,,,,,,wood astroclimatology properties tester,
,,,drop-in anchor,,,,,,,,,,,,,,,,,,,wood astrocomplexity theory properties tester,
,,,drum sander,,,,,,,,,,,,,,,,,,,wood astrocomputer vision properties tester,
,,,drywall compound bin,,,,,,,,,,,,,,,,,,,wood astrocosmology properties tester,
,,,drywall knife,,,,,,,,,,,,,,,,,,,wood astrocryptocurrency properties tester,
,,,drywall screw,,,,,,,,,,,,,,,,,,,wood astrocybernetics properties tester,
,,,drywall square,,,,,,,,,,,,,,,,,,,wood astrodecentralized autonomous organization properties tester,
,,,duct tape bin,,,,,,,,,,,,,,,,,,,wood astrodecentralized finance properties tester,
,,,dust brush,,,,,,,,,,,,,,,,,,,wood astrodeep learning properties tester,
,,,dust collection system,,,,,,,,,,,,,,,,,,,wood astrodigital media properties tester,
,,,dust collector,,,,,,,,,,,,,,,,,,,wood astrodrama properties tester,
,,,dust extractor,,,,,,,,,,,,,,,,,,,wood astroecology properties tester,
,,,dust mask,,,,,,,,,,,,,,,,,,,wood astroeconomics properties tester,
,,,dustpan,,,,,,,,,,,,,,,,,,,wood astroethics properties tester,
,,,duty,,,,,,,,,,,,,,,,,,,wood astroevolution properties tester,
,,,,,,,,,,,,,,,,,,,,,,wood astroextended reality properties tester,
,,,,,,,,,,,,,,,,,,,,,,wood astrofractal geometry properties tester,
,,,,,,,,,,,,,,,,,,,,,,wood astrogenetics properties tester,
,,,,,,,,,,,,,,,,,,,,,,wood astrogeology properties tester,
,,,,,,,,,,,,,,,,,,,,,,wood astrointernet of things properties tester,
,,,,,,,,,,,,,,,,,,,,,,wood astrolaw properties tester,
,,,,,,,,,,,,,,,,,,,,,,wood astromachine learning properties tester,
,,,,,,,,,,,,,,,,,,,,,,wood astrometaverse properties tester,
,,,,,,,,,,,,,,,,,,,,,,wood astrometeorology properties tester,
,,,,,,,,,,,,,,,,,,,,,,wood astromixed reality properties tester,
,,,,,,,,,,,,,,,,,,,,,,wood astromultiverse theory properties tester,
,,,,,,,,,,,,,,,,,,,,,,wood astromusic properties tester,
,,,,,,,,,,,,,,,,,,,,,,wood astronatural language processing properties tester,
,,,,,,,,,,,,,,,,,,,,,,wood astroneural network properties tester,
,,,,,,,,,,,,,,,,,,,,,,wood astronomy properties tester,
,,,,,,,,,,,,,,,,,,,,,,wood astronon-fungible token properties tester,
,,,,,,,,,,,,,,,,,,,,,,wood astropathology properties tester,
,,,,,,,,,,,,,,,,,,,,,,wood astrophysics properties tester,
,,,,,,,,,,,,,,,,,,,,,,wood astrophysiology properties tester,
,,,,,,,,,,,,,,,,,,,,,,wood astropolitics properties tester,
,,,,,,,,,,,,,,,,,,,,,,wood astropsychology properties tester,
,,,,,,,,,,,,,,,,,,,,,,wood astroquantum mechanics properties tester,
,,,,,,,,,,,,,,,,,,,,,,wood astrorelativity theory properties tester,
,,,,,,,,,,,,,,,,,,,,,,wood astrorobotics properties tester,
,,,,,,,,,,,,,,,,,,,,,,wood astrosociology properties tester,
,,,,,,,,,,,,,,,,,,,,,,wood astrostring theory properties tester,
,,,,,,,,,,,,,,,,,,,,,,wood astrosystems theory properties tester,
,,,,,,,,,,,,,,,,,,,,,,wood astrotelevision properties tester,
,,,,,,,,,,,,,,,,,,,,,,wood astrovirtual reality properties tester,
,,,,,,,,,,,,,,,,,,,,,,wood astroweb3 properties tester,
,,,,,,,,,,,,,,,,,,,,,,wood augmented reality properties tester,
,,,,,,,,,,,,,,,,,,,,,,wood autecological properties tester,
,,,,,,,,,,,,,,,,,,,,,,wood automation properties tester,
,,,,,,,,,,,,,,,,,,,,,,wood axe,
,,,,,,,,,,,,,,,,,,,,,,wood backsaw,
,,,,,,,,,,,,,,,,,,,,,,wood band saw,
,,,,,,,,,,,,,,,,,,,,,,wood biogeographical properties tester,
,,,,,,,,,,,,,,,,,,,,,,wood biological properties tester,
,,,,,,,,,,,,,,,,,,,,,,wood bleach,
,,,,,,,,,,,,,,,,,,,,,,wood blockchain properties tester,
,,,,,,,,,,,,,,,,,,,,,,wood bow saw,
,,,,,,,,,,,,,,,,,,,,,,wood burner,
,,,,,,,,,,,,,,,,,,,,,,wood burning tool,
,,,,,,,,,,,,,,,,,,,,,,wood burnisher,
,,,,,,,,,,,,,,,,,,,,,,wood cabinet scraper,
,,,,,,,,,,,,,,,,,,,,,,wood caliper,
,,,,,,,,,,,,,,,,,,,,,,wood card scraper,
,,,,,,,,,,,,,,,,,,,,,,wood carving,
,,,,,,,,,,,,,,,,,,,,,,wood carving abrasive,
,,,,,,,,,,,,,,,,,,,,,,wood carving accenting tool,
,,,,,,,,,,,,,,,,,,,,,,wood carving adhesive tool,
,,,,,,,,,,,,,,,,,,,,,,wood carving advanced tool,
,,,,,,,,,,,,,,,,,,,,,,wood carving aging tool,
,,,,,,,,,,,,,,,,,,,,,,wood carving aligning tool,
,,,,,,,,,,,,,,,,,,,,,,wood carving antiquing tool,
,,,,,,,,,,,,,,,,,,,,,,wood carving artist tool,
,,,,,,,,,,,,,,,,,,,,,,wood carving assembly tool,
,,,,,,,,,,,,,,,,,,,,,,wood carving back bent gouge,
,,,,,,,,,,,,,,,,,,,,,,wood carving beginner tool,
,,,,,,,,,,,,,,,,,,,,,,wood carving bench hook,
,,,,,,,,,,,,,,,,,,,,,,wood carving benche,
,,,,,,,,,,,,,,,,,,,,,,wood carving bending tool,
,,,,,,,,,,,,,,,,,,,,,,wood carving bespoke tool,
,,,,,,,,,,,,,,,,,,,,,,wood carving bracing tool,
,,,,,,,,,,,,,,,,,,,,,,wood carving chisel,
,,,,,,,,,,,,,,,,,,,,,,wood carving clamp,
,,,,,,,,,,,,,,,,,,,,,,wood carving clamping tool,
,,,,,,,,,,,,,,,,,,,,,,wood carving coloring tool,
,,,,,,,,,,,,,,,,,,,,,,wood carving commercial tool,
,,,,,,,,,,,,,,,,,,,,,,wood carving community tool,
,,,,,,,,,,,,,,,,,,,,,,wood carving conservation tool,
,,,,,,,,,,,,,,,,,,,,,,wood carving construction tool,
,,,,,,,,,,,,,,,,,,,,,,wood carving craft tool,
,,,,,,,,,,,,,,,,,,,,,,wood carving curing tool,
,,,,,,,,,,,,,,,,,,,,,,wood carving curved gouge,
,,,,,,,,,,,,,,,,,,,,,,wood carving custom tool,
,,,,,,,,,,,,,,,,,,,,,,wood carving cutting tool,
,,,,,,,,,,,,,,,,,,,,,,wood carving decorating tool,
,,,,,,,,,,,,,,,,,,,,,,wood carving demolition tool,
,,,,,,,,,,,,,,,,,,,,,,wood carving detailing tool,
,,,,,,,,,,,,,,,,,,,,,,wood carving disassembly tool,
,,,,,,,,,,,,,,,,,,,,,,wood carving display tool,
,,,,,,,,,,,,,,,,,,,,,,wood carving distressing tool,
,,,,,,,,,,,,,,,,,,,,,,wood carving drying tool,
,,,,,,,,,,,,,,,,,,,,,,wood carving dust collection,
,,,,,,,,,,,,,,,,,,,,,,wood carving embellishing tool,
,,,,,,,,,,,,,,,,,,,,,,wood carving engraving tool,
,,,,,,,,,,,,,,,,,,,,,,wood carving essential tool,
,,,,,,,,,,,,,,,,,,,,,,wood carving fastening tool,
,,,,,,,,,,,,,,,,,,,,,,wood carving file,
,,,,,,,,,,,,,,,,,,,,,,wood carving finishing supplie,
,,,,,,,,,,,,,,,,,,,,,,wood carving finishing tool,
,,,,,,,,,,,,,,,,,,,,,,wood carving fishtail gouge,
,,,,,,,,,,,,,,,,,,,,,,wood carving fixture,
,,,,,,,,,,,,,,,,,,,,,,wood carving fluter,
,,,,,,,,,,,,,,,,,,,,,,wood carving foiling tool,
,,,,,,,,,,,,,,,,,,,,,,wood carving front bent gouge,
,,,,,,,,,,,,,,,,,,,,,,wood carving general tool,
,,,,,,,,,,,,,,,,,,,,,,wood carving gilding tool,
,,,,,,,,,,,,,,,,,,,,,,wood carving gouge,
,,,,,,,,,,,,,,,,,,,,,,wood carving hand tool,
,,,,,,,,,,,,,,,,,,,,,,wood carving hardware tool,
,,,,,,,,,,,,,,,,,,,,,,wood carving highlighting tool,
,,,,,,,,,,,,,,,,,,,,,,wood carving hobbyist tool,
,,,,,,,,,,,,,,,,,,,,,,wood carving holding tool,
,,,,,,,,,,,,,,,,,,,,,,wood carving honing guide,
,,,,,,,,,,,,,,,,,,,,,,wood carving industrial tool,
,,,,,,,,,,,,,,,,,,,,,,wood carving inlaying tool,
,,,,,,,,,,,,,,,,,,,,,,wood carving installation tool,
,,,,,,,,,,,,,,,,,,,,,,wood carving intarsia tool,
,,,,,,,,,,,,,,,,,,,,,,wood carving jig,
,,,,,,,,,,,,,,,,,,,,,,wood carving joining tool,
,,,,,,,,,,,,,,,,,,,,,,wood carving knife,
,,,,,,,,,,,,,,,,,,,,,,wood carving lacquering tool,
,,,,,,,,,,,,,,,,,,,,,,wood carving laminating tool,
,,,,,,,,,,,,,,,,,,,,,,wood carving layout tool,
,,,,,,,,,,,,,,,,,,,,,,wood carving leafing tool,
,,,,,,,,,,,,,,,,,,,,,,wood carving learning tool,
,,,,,,,,,,,,,,,,,,,,,,wood carving leveling tool,
,,,,,,,,,,,,,,,,,,,,,,wood carving lighting,
,,,,,,,,,,,,,,,,,,,,,,wood carving magnifier,
,,,,,,,,,,,,,,,,,,,,,,wood carving maintenance tool,
,,,,,,,,,,,,,,,,,,,,,,wood carving mallet,
,,,,,,,,,,,,,,,,,,,,,,wood carving marking tool,
,,,,,,,,,,,,,,,,,,,,,,wood carving marquetry tool,
,,,,,,,,,,,,,,,,,,,,,,wood carving mass production tool,
,,,,,,,,,,,,,,,,,,,,,,wood carving measuring tool,
,,,,,,,,,,,,,,,,,,,,,,wood carving modeling tool,
,,,,,,,,,,,,,,,,,,,,,,wood carving modern tool,
,,,,,,,,,,,,,,,,,,,,,,wood carving oiling tool,
,,,,,,,,,,,,,,,,,,,,,,wood carving online tool,
,,,,,,,,,,,,,,,,,,,,,,wood carving organizational tool,
,,,,,,,,,,,,,,,,,,,,,,wood carving painting tool,
,,,,,,,,,,,,,,,,,,,,,,wood carving parting tool,
,,,,,,,,,,,,,,,,,,,,,,wood carving patinating tool,
,,,,,,,,,,,,,,,,,,,,,,wood carving pattern,
,,,,,,,,,,,,,,,,,,,,,,wood carving plumbing tool,
,,,,,,,,,,,,,,,,,,,,,,wood carving polishing tool,
,,,,,,,,,,,,,,,,,,,,,,wood carving power tool,
,,,,,,,,,,,,,,,,,,,,,,wood carving preservation tool,
,,,,,,,,,,,,,,,,,,,,,,wood carving pressing tool,
,,,,,,,,,,,,,,,,,,,,,,wood carving professional tool,
,,,,,,,,,,,,,,,,,,,,,,wood carving protecting tool,
,,,,,,,,,,,,,,,,,,,,,,wood carving prototyping tool,
,,,,,,,,,,,,,,,,,,,,,,wood carving pyrography tool,
,,,,,,,,,,,,,,,,,,,,,,wood carving rasp,
,,,,,,,,,,,,,,,,,,,,,,wood carving recycling tool,
,,,,,,,,,,,,,,,,,,,,,,wood carving reference material,
,,,,,,,,,,,,,,,,,,,,,,wood carving reinforcing tool,
,,,,,,,,,,,,,,,,,,,,,,wood carving repair tool,
,,,,,,,,,,,,,,,,,,,,,,wood carving repurposing tool,
,,,,,,,,,,,,,,,,,,,,,,wood carving residential tool,
,,,,,,,,,,,,,,,,,,,,,,wood carving restoration tool,
,,,,,,,,,,,,,,,,,,,,,,wood carving riffler,
,,,,,,,,,,,,,,,,,,,,,,wood carving safety equipment,
,,,,,,,,,,,,,,,,,,,,,,wood carving safety tool,
,,,,,,,,,,,,,,,,,,,,,,wood carving sculpting tool,
,,,,,,,,,,,,,,,,,,,,,,wood carving sealing tool,
,,,,,,,,,,,,,,,,,,,,,,wood carving securing tool,
,,,,,,,,,,,,,,,,,,,,,,wood carving selling tool,
,,,,,,,,,,,,,,,,,,,,,,wood carving setting tool,
,,,,,,,,,,,,,,,,,,,,,,wood carving shading tool,
,,,,,,,,,,,,,,,,,,,,,,wood carving shaping tool,
,,,,,,,,,,,,,,,,,,,,,,wood carving sharpening stone,
,,,,,,,,,,,,,,,,,,,,,,wood carving sharpening tool,
,,,,,,,,,,,,,,,,,,,,,,wood carving shellacking tool,
,,,,,,,,,,,,,,,,,,,,,,wood carving skew chisel,
,,,,,,,,,,,,,,,,,,,,,,wood carving smoothing tool,
,,,,,,,,,,,,,,,,,,,,,,wood carving soaking tool,
,,,,,,,,,,,,,,,,,,,,,,wood carving software tool,
,,,,,,,,,,,,,,,,,,,,,,wood carving specialty tool,
,,,,,,,,,,,,,,,,,,,,,,wood carving spoon gouge,
,,,,,,,,,,,,,,,,,,,,,,wood carving squaring tool,
,,,,,,,,,,,,,,,,,,,,,,wood carving stabilizing tool,
,,,,,,,,,,,,,,,,,,,,,,wood carving staining tool,
,,,,,,,,,,,,,,,,,,,,,,wood carving steaming tool,
,,,,,,,,,,,,,,,,,,,,,,wood carving stool,
,,,,,,,,,,,,,,,,,,,,,,wood carving storage,
,,,,,,,,,,,,,,,,,,,,,,wood carving storage tool,
,,,,,,,,,,,,,,,,,,,,,,wood carving straight gouge,
,,,,,,,,,,,,,,,,,,,,,,wood carving strengthening tool,
,,,,,,,,,,,,,,,,,,,,,,wood carving strop,
,,,,,,,,,,,,,,,,,,,,,,wood carving supporting tool,
,,,,,,,,,,,,,,,,,,,,,,wood carving teaching tool,
,,,,,,,,,,,,,,,,,,,,,,wood carving template,
,,,,,,,,,,,,,,,,,,,,,,wood carving texturing tool,
,,,,,,,,,,,,,,,,,,,,,,wood carving tool,
,,,,,,,,,,,,,,,,,,,,,,wood carving tool apron,
,,,,,,,,,,,,,,,,,,,,,,wood carving tool bag,
,,,,,,,,,,,,,,,,,,,,,,wood carving tool chest,
,,,,,,,,,,,,,,,,,,,,,,wood carving tool roll,
,,,,,,,,,,,,,,,,,,,,,,wood carving traditional tool,
,,,,,,,,,,,,,,,,,,,,,,wood carving transport tool,
,,,,,,,,,,,,,,,,,,,,,,wood carving turning tool,
,,,,,,,,,,,,,,,,,,,,,,wood carving u-gouge,
,,,,,,,,,,,,,,,,,,,,,,wood carving upcycling tool,
,,,,,,,,,,,,,,,,,,,,,,wood carving v-tool,
,,,,,,,,,,,,,,,,,,,,,,wood carving varnishing tool,
,,,,,,,,,,,,,,,,,,,,,,wood carving veiner,
,,,,,,,,,,,,,,,,,,,,,,wood carving veneering tool,
,,,,,,,,,,,,,,,,,,,,,,wood carving vice,
,,,,,,,,,,,,,,,,,,,,,,wood carving waxing tool,
,,,,,,,,,,,,,,,,,,,,,,wood carving weighting tool,
,,,,,,,,,,,,,,,,,,,,,,wood carving workbenche,
,,,,,,,,,,,,,,,,,,,,,,wood chain saw,
,,,,,,,,,,,,,,,,,,,,,,wood chaos theory properties tester,
,,,,,,,,,,,,,,,,,,,,,,wood chemical properties tester,
,,,,,,,,,,,,,,,,,,,,,,wood chisel,
,,,,,,,,,,,,,,,,,,,,,,wood chorological properties tester,
,,,,,,,,,,,,,,,,,,,,,,wood cinematic properties tester,
,,,,,,,,,,,,,,,,,,,,,,wood circular saw,
,,,,,,,,,,,,,,,,,,,,,,wood clamp,
,,,,,,,,,,,,,,,,,,,,,,wood cleaner,
,,,,,,,,,,,,,,,,,,,,,,wood commercial properties tester,
,,,,,,,,,,,,,,,,,,,,,,wood compas,
,,,,,,,,,,,,,,,,,,,,,,wood complexity theory properties tester,
,,,,,,,,,,,,,,,,,,,,,,wood computer vision properties tester,
,,,,,,,,,,,,,,,,,,,,,,wood conditioner,
,,,,,,,,,,,,,,,,,,,,,,wood coping saw,
,,,,,,,,,,,,,,,,,,,,,,wood cosmology properties tester,
,,,,,,,,,,,,,,,,,,,,,,wood crosscut saw,
,,,,,,,,,,,,,,,,,,,,,,wood cryptocurrency properties tester,
,,,,,,,,,,,,,,,,,,,,,,wood cultural properties tester,
,,,,,,,,,,,,,,,,,,,,,,wood cybernetics properties tester,
,,,,,,,,,,,,,,,,,,,,,,wood decentralized autonomous organization properties tester,
,,,,,,,,,,,,,,,,,,,,,,wood decentralized finance properties tester,
,,,,,,,,,,,,,,,,,,,,,,wood deep learning properties tester,
,,,,,,,,,,,,,,,,,,,,,,wood defect detector,
,,,,,,,,,,,,,,,,,,,,,,wood density meter,
,,,,,,,,,,,,,,,,,,,,,,wood digital properties tester,
,,,,,,,,,,,,,,,,,,,,,,wood divider,
,,,,,,,,,,,,,,,,,,,,,,wood dovetail saw,
,,,,,,,,,,,,,,,,,,,,,,wood dowel,
,,,,,,,,,,,,,,,,,,,,,,wood dramatic properties tester,
,,,,,,,,,,,,,,,,,,,,,,wood drawknife,
,,,,,,,,,,,,,,,,,,,,,,wood dye,
,,,,,,,,,,,,,,,,,,,,,,wood ecological properties tester,
,,,,,,,,,,,,,,,,,,,,,,wood economic properties tester,
,,,,,,,,,,,,,,,,,,,,,,wood elasticity tester,
,,,,,,,,,,,,,,,,,,,,,,wood electrical properties tester,
,,,,,,,,,,,,,,,,,,,,,,wood engineering properties tester,
,,,,,,,,,,,,,,,,,,,,,,wood epoxy,
,,,,,,,,,,,,,,,,,,,,,,wood ethnobotanical properties tester,
,,,,,,,,,,,,,,,,,,,,,,wood evolutionary properties tester,
,,,,,,,,,,,,,,,,,,,,,,wood extended reality properties tester,
,,,,,,,,,,,,,,,,,,,,,,wood file,
,,,,,,,,,,,,,,,,,,,,,,wood filler,
,,,,,,,,,,,,,,,,,,,,,,wood finish,
,,,,,,,,,,,,,,,,,,,,,,wood fire retardant,
,,,,,,,,,,,,,,,,,,,,,,wood folkloric properties tester,
,,,,,,,,,,,,,,,,,,,,,,wood fractal geometry properties tester,
,,,,,,,,,,,,,,,,,,,,,,wood fret saw,
,,,,,,,,,,,,,,,,,,,,,,wood froe,
,,,,,,,,,,,,,,,,,,,,,,wood fungicide,
,,,,,,,,,,,,,,,,,,,,,,wood genetic properties tester,
,,,,,,,,,,,,,,,,,,,,,,wood glue,
,,,,,,,,,,,,,,,,,,,,,,wood grain direction indicator,
,,,,,,,,,,,,,,,,,,,,,,wood hand saw,
,,,,,,,,,,,,,,,,,,,,,,wood hardener,
,,,,,,,,,,,,,,,,,,,,,,wood hardness tester,
,,,,,,,,,,,,,,,,,,,,,,wood hatchet,
,,,,,,,,,,,,,,,,,,,,,,wood historical properties tester,
,,,,,,,,,,,,,,,,,,,,,,wood hygrometer,
,,,,,,,,,,,,,,,,,,,,,,wood industrial properties tester,
,,,,,,,,,,,,,,,,,,,,,,wood insecticide,
,,,,,,,,,,,,,,,,,,,,,,wood internet of things properties tester,
,,,,,,,,,,,,,,,,,,,,,,wood jigsaw,
,,,,,,,,,,,,,,,,,,,,,,wood lacquer,
,,,,,,,,,,,,,,,,,,,,,,wood lathe,
,,,,,,,,,,,,,,,,,,,,,,wood legendary properties tester,
,,,,,,,,,,,,,,,,,,,,,,wood literary properties tester,
,,,,,,,,,,,,,,,,,,,,,,wood machine learning properties tester,
,,,,,,,,,,,,,,,,,,,,,,wood magnetic properties tester,
,,,,,,,,,,,,,,,,,,,,,,wood mallet,
,,,,,,,,,,,,,,,,,,,,,,wood marking gauge,
,,,,,,,,,,,,,,,,,,,,,,wood maul,
,,,,,,,,,,,,,,,,,,,,,,wood mechanical properties tester,
,,,,,,,,,,,,,,,,,,,,,,wood metaverse properties tester,
,,,,,,,,,,,,,,,,,,,,,,wood micrometer,
,,,,,,,,,,,,,,,,,,,,,,wood miter saw,
,,,,,,,,,,,,,,,,,,,,,,wood mixed reality properties tester,
,,,,,,,,,,,,,,,,,,,,,,wood moisture detector,
,,,,,,,,,,,,,,,,,,,,,,wood moisture meter,
,,,,,,,,,,,,,,,,,,,,,,wood morphological properties tester,
,,,,,,,,,,,,,,,,,,,,,,wood mortise gauge,
,,,,,,,,,,,,,,,,,,,,,,wood multiverse theory properties tester,
,,,,,,,,,,,,,,,,,,,,,,wood musical properties tester,
,,,,,,,,,,,,,,,,,,,,,,wood mythological properties tester,
,,,,,,,,,,,,,,,,,,,,,,wood natural language processing properties tester,
,,,,,,,,,,,,,,,,,,,,,,wood neural network properties tester,
,,,,,,,,,,,,,,,,,,,,,,wood nomenclatural properties tester,
,,,,,,,,,,,,,,,,,,,,,,wood non-fungible token properties tester,
,,,,,,,,,,,,,,,,,,,,,,wood optical properties tester,
,,,,,,,,,,,,,,,,,,,,,,wood paleontological properties tester,
,,,,,,,,,,,,,,,,,,,,,,wood panel saw,
,,,,,,,,,,,,,,,,,,,,,,wood patch,
,,,,,,,,,,,,,,,,,,,,,,wood phenological properties tester,
,,,,,,,,,,,,,,,,,,,,,,wood phylogenetic properties tester,
,,,,,,,,,,,,,,,,,,,,,,wood physical properties tester,
,,,,,,,,,,,,,,,,,,,,,,wood physiological properties tester,
,,,,,,,,,,,,,,,,,,,,,,wood plane,
,,,,,,,,,,,,,,,,,,,,,,wood plug,
,,,,,,,,,,,,,,,,,,,,,,wood poetic properties tester,
,,,,,,,,,,,,,,,,,,,,,,wood pole saw,
,,,,,,,,,,,,,,,,,,,,,,wood polish,
,,,,,,,,,,,,,,,,,,,,,,wood preservative,
,,,,,,,,,,,,,,,,,,,,,,wood protractor,
,,,,,,,,,,,,,,,,,,,,,,wood pruning saw,
,,,,,,,,,,,,,,,,,,,,,,wood putty,
,,,,,,,,,,,,,,,,,,,,,,wood quantum mechanics properties tester,
,,,,,,,,,,,,,,,,,,,,,,wood radial arm saw,
,,,,,,,,,,,,,,,,,,,,,,wood rasp,
,,,,,,,,,,,,,,,,,,,,,,wood relativity theory properties tester,
,,,,,,,,,,,,,,,,,,,,,,wood religious properties tester,
,,,,,,,,,,,,,,,,,,,,,,wood repair epoxy,
,,,,,,,,,,,,,,,,,,,,,,wood rip saw,
,,,,,,,,,,,,,,,,,,,,,,wood robotics properties tester,
,,,,,,,,,,,,,,,,,,,,,,wood ruler,
,,,,,,,,,,,,,,,,,,,,,,wood saw,
,,,,,,,,,,,,,,,,,,,,,,wood scale,
,,,,,,,,,,,,,,,,,,,,,,wood scraper,
,,,,,,,,,,,,,,,,,,,,,,wood screw,
,,,,,,,,,,,,,,,,,,,,,,wood scribe,
,,,,,,,,,,,,,,,,,,,,,,wood scroll saw,
,,,,,,,,,,,,,,,,,,,,,,wood sealer,
,,,,,,,,,,,,,,,,,,,,,,wood shellac,
,,,,,,,,,,,,,,,,,,,,,,wood species identifier,
,,,,,,,,,,,,,,,,,,,,,,wood splitting wedge,
,,,,,,,,,,,,,,,,,,,,,,wood spokeshave,
,,,,,,,,,,,,,,,,,,,,,,wood stabilizer,
,,,,,,,,,,,,,,,,,,,,,,wood stain,
,,,,,,,,,,,,,,,,,,,,,,wood strength tester,
,,,,,,,,,,,,,,,,,,,,,,wood stress grader,
,,,,,,,,,,,,,,,,,,,,,,wood string theory properties tester,
,,,,,,,,,,,,,,,,,,,,,,wood symbolic properties tester,
,,,,,,,,,,,,,,,,,,,,,,wood synecological properties tester,
,,,,,,,,,,,,,,,,,,,,,,wood systematic properties tester,
,,,,,,,,,,,,,,,,,,,,,,wood systems theory properties tester,
,,,,,,,,,,,,,,,,,,,,,,wood table saw,
,,,,,,,,,,,,,,,,,,,,,,wood taxonomic properties tester,
,,,,,,,,,,,,,,,,,,,,,,wood technological properties tester,
,,,,,,,,,,,,,,,,,,,,,,wood televisual properties tester,
,,,,,,,,,,,,,,,,,,,,,,wood tenon saw,
,,,,,,,,,,,,,,,,,,,,,,wood thermal conductivity meter,
,,,,,,,,,,,,,,,,,,,,,,wood thermometer,
,,,,,,,,,,,,,,,,,,,,,,wood typological properties tester,
,,,,,,,,,,,,,,,,,,,,,,wood varnish,
,,,,,,,,,,,,,,,,,,,,,,wood veneer aging tool,
,,,,,,,,,,,,,,,,,,,,,,wood veneer buffing tool,
,,,,,,,,,,,,,,,,,,,,,,wood veneer carving tool,
,,,,,,,,,,,,,,,,,,,,,,wood veneer chisel,
,,,,,,,,,,,,,,,,,,,,,,wood veneer crackle activator,
,,,,,,,,,,,,,,,,,,,,,,wood veneer crackle aging tool,
,,,,,,,,,,,,,,,,,,,,,,wood veneer crackle basecoat,
,,,,,,,,,,,,,,,,,,,,,,wood veneer crackle buffing tool,
,,,,,,,,,,,,,,,,,,,,,,wood veneer crackle carving tool,
,,,,,,,,,,,,,,,,,,,,,,wood veneer crackle catalyst,
,,,,,,,,,,,,,,,,,,,,,,wood veneer crackle chisel,
,,,,,,,,,,,,,,,,,,,,,,wood veneer crackle cleaner,
,,,,,,,,,,,,,,,,,,,,,,wood veneer crackle distressing tool,
,,,,,,,,,,,,,,,,,,,,,,wood veneer crackle finish tool,
,,,,,,,,,,,,,,,,,,,,,,wood veneer crackle finishing tool,
,,,,,,,,,,,,,,,,,,,,,,wood veneer crackle gilding tool,
,,,,,,,,,,,,,,,,,,,,,,wood veneer crackle glaze,
,,,,,,,,,,,,,,,,,,,,,,wood veneer crackle gouge,
,,,,,,,,,,,,,,,,,,,,,,wood veneer crackle hardener,
,,,,,,,,,,,,,,,,,,,,,,wood veneer crackle inlay tool,
,,,,,,,,,,,,,,,,,,,,,,wood veneer crackle intarsia tool,
,,,,,,,,,,,,,,,,,,,,,,wood veneer crackle lacquering tool,
,,,,,,,,,,,,,,,,,,,,,,wood veneer crackle lathe,
,,,,,,,,,,,,,,,,,,,,,,wood veneer crackle marquetry tool,
,,,,,,,,,,,,,,,,,,,,,,wood veneer crackle medium,
,,,,,,,,,,,,,,,,,,,,,,wood veneer crackle oiling tool,
,,,,,,,,,,,,,,,,,,,,,,wood veneer crackle paint,
,,,,,,,,,,,,,,,,,,,,,,wood veneer crackle painting tool,
,,,,,,,,,,,,,,,,,,,,,,wood veneer crackle parquetry tool,
,,,,,,,,,,,,,,,,,,,,,,wood veneer crackle patinating tool,
,,,,,,,,,,,,,,,,,,,,,,wood veneer crackle plane,
,,,,,,,,,,,,,,,,,,,,,,wood veneer crackle polishing tool,
,,,,,,,,,,,,,,,,,,,,,,wood veneer crackle pyrography tool,
,,,,,,,,,,,,,,,,,,,,,,wood veneer crackle remover,
,,,,,,,,,,,,,,,,,,,,,,wood veneer crackle router,
,,,,,,,,,,,,,,,,,,,,,,wood veneer crackle sander,
,,,,,,,,,,,,,,,,,,,,,,wood veneer crackle sandpaper,
,,,,,,,,,,,,,,,,,,,,,,wood veneer crackle sealer,
,,,,,,,,,,,,,,,,,,,,,,wood veneer crackle shellacking tool,
,,,,,,,,,,,,,,,,,,,,,,wood veneer crackle solvent,
,,,,,,,,,,,,,,,,,,,,,,wood veneer crackle staining tool,
,,,,,,,,,,,,,,,,,,,,,,wood veneer crackle stripper,
,,,,,,,,,,,,,,,,,,,,,,wood veneer crackle thinner,
,,,,,,,,,,,,,,,,,,,,,,wood veneer crackle tool,
,,,,,,,,,,,,,,,,,,,,,,wood veneer crackle topcoat,
,,,,,,,,,,,,,,,,,,,,,,wood veneer crackle varnish,
,,,,,,,,,,,,,,,,,,,,,,wood veneer crackle varnishing tool,
,,,,,,,,,,,,,,,,,,,,,,wood veneer crackle waxing tool,
,,,,,,,,,,,,,,,,,,,,,,wood veneer cutter,
,,,,,,,,,,,,,,,,,,,,,,wood veneer distressing tool,
,,,,,,,,,,,,,,,,,,,,,,wood veneer finishing tool,
,,,,,,,,,,,,,,,,,,,,,,wood veneer gilding tool,
,,,,,,,,,,,,,,,,,,,,,,wood veneer glue,
,,,,,,,,,,,,,,,,,,,,,,wood veneer gouge,
,,,,,,,,,,,,,,,,,,,,,,wood veneer hammer,
,,,,,,,,,,,,,,,,,,,,,,wood veneer inlay tool,
,,,,,,,,,,,,,,,,,,,,,,wood veneer intarsia tool,
,,,,,,,,,,,,,,,,,,,,,,wood veneer jointer,
,,,,,,,,,,,,,,,,,,,,,,wood veneer knife,
,,,,,,,,,,,,,,,,,,,,,,wood veneer lacquering tool,
,,,,,,,,,,,,,,,,,,,,,,wood veneer lathe,
,,,,,,,,,,,,,,,,,,,,,,wood veneer marquetry tool,
,,,,,,,,,,,,,,,,,,,,,,wood veneer oiling tool,
,,,,,,,,,,,,,,,,,,,,,,wood veneer painting tool,
,,,,,,,,,,,,,,,,,,,,,,wood veneer parquetry tool,
,,,,,,,,,,,,,,,,,,,,,,wood veneer patinating tool,
,,,,,,,,,,,,,,,,,,,,,,wood veneer planer,
,,,,,,,,,,,,,,,,,,,,,,wood veneer polishing tool,
,,,,,,,,,,,,,,,,,,,,,,wood veneer pres,
,,,,,,,,,,,,,,,,,,,,,,wood veneer punch,
,,,,,,,,,,,,,,,,,,,,,,wood veneer pyrography tool,
,,,,,,,,,,,,,,,,,,,,,,wood veneer roller,
,,,,,,,,,,,,,,,,,,,,,,wood veneer router,
,,,,,,,,,,,,,,,,,,,,,,wood veneer sander,
,,,,,,,,,,,,,,,,,,,,,,wood veneer saw,
,,,,,,,,,,,,,,,,,,,,,,wood veneer shellacking tool,
,,,,,,,,,,,,,,,,,,,,,,wood veneer staining tool,
,,,,,,,,,,,,,,,,,,,,,,wood veneer tape,
,,,,,,,,,,,,,,,,,,,,,,wood veneer trimmer,
,,,,,,,,,,,,,,,,,,,,,,wood veneer varnishing tool,
,,,,,,,,,,,,,,,,,,,,,,wood veneer waxing tool,
,,,,,,,,,,,,,,,,,,,,,,wood virtual properties tester,
,,,,,,,,,,,,,,,,,,,,,,wood vise,
,,,,,,,,,,,,,,,,,,,,,,wood wax,
,,,,,,,,,,,,,,,,,,,,,,wood web3 properties tester,
,,,,,,,,,,,,,,,,,,,,,,wooden mallet,
,,,,,,,,,,,,,,,,,,,,,,woodturning tool,
,,,,,,,,,,,,,,,,,,,,,,woodworker's vise,
,,,,,,,,,,,,,,,,,,,,,,woodworking bench,
,,,,,,,,,,,,,,,,,,,,,,woodworking vise,
,,,,,,,,,,,,,,,,,,,,,,word,
,,,,,,,,,,,,,,,,,,,,,,work,
,,,,,,,,,,,,,,,,,,,,,,work boot,
,,,,,,,,,,,,,,,,,,,,,,work glove,
,,,,,,,,,,,,,,,,,,,,,,work light,
,,,,,,,,,,,,,,,,,,,,,,work shirt,
,,,,,,,,,,,,,,,,,,,,,,workbench,
,,,,,,,,,,,,,,,,,,,,,,workbench dog,
,,,,,,,,,,,,,,,,,,,,,,workshop,
,,,,,,,,,,,,,,,,,,,,,,worth,
,,,,,,,,,,,,,,,,,,,,,,wrecking bar,
,,,,,,,,,,,,,,,,,,,,,,wrench,
,,,,,,,,,,,,,,,,,,,,,,wrench set,
