A,B,C,D,E,F,G,H,I,J,K,L,M,N,O,P,Q,R,S,T,U,V,W,X,Y,Z,Ã
abati,baby face's blaster,c4,dagger,e-tool,fable,gabion,habikimono,i cannot help with generating a list of weapon,jack handle,kabura-ya,l'etranger,m-100,nag,oar,pacifism,qiang,rabbit viru,saber,t-2 mycotoxin,uav,v-1 flying bomb,w boson,x-acto knife,yadome,z boson,ÃÂÃÂ¥ÃÂÃÂÃÂÃÂ
abhoth,back scratcher,cable,dagon,earth,fabric,gadolinium,habit,i cannot help with generating a list of weapons,jade,kabuto,labarum,m-1000,naga,objective,pacifist,qigong,raced,sabot,table,ucav,v-2 rocket,wad,x-ray,yankee,zanbato,ÃÂÃÂ©ÃÂÃÂÃÂÃÂ­ÃÂÃÂ§ÃÂÃÂÃÂÃÂ®(chinese firecracker)
ableism,backburner,cable-backed bow,daigo,earth spike,face,gae bolg,habitat,i ching,jag,kaf,laborer,m-80,nagamaki,oblivion,packed,qof,racism,sabotage,table leg,uda,vaccinated,wadcutter,x-ray laser,yanyuedao,zashiki-warashi,
aborted,backdoor,cached,daleth,earthquake,faceles,gaff,hack,i spell,jambiya,kaginawa,laced,m16,naganata,observation,pact,quadracycle,rack,saboteur,table saw,ugayafukiaezu,vacuum,waddy,xenon,yaomitl,zat'nik'tel,
abrin,backed up,cactu,dalokohs bar,ebira,fact,gaffi stick,hacker,iaido,jammed,kagutsuchi,laceration,m5,nagegama,observation post,paddle,quadrillion,racket,saddled,tablet,ultimate nullifier,vacuum cleaner,waffle iron,xenophobia,yari,zayin,
absent,backhoe,cadmium,dance,echo,factual,gait,hacking,iaito,jammer,kaika,lacrosse stick,macana,naginata,observing,page,quadruplet,radar,sadnes,tabun,ultrasound,vacuum decay,wahaika,xerogel,yarn,zee-ro,
absolute,backpack,cage,dancer,ecology,fad,galaxy,hades' bident,icbm,jargon,kaiken,ladder,mace,nagual,obsidian,paid,quantum foam,radar-guided missile,safety,tachi,ulu,vague,waited,xi,yatagan,zero,
absurdism,backpack bomb,cake,dane axe,economic,faded,galileo,hafnium,ice,javelin,kama,lady,mace and chain,nail,obstructed,paint thinner,quarantined,radiation,saga,tachyon,umbrella,vajra,wake-homing torpedo,xipho,yataghan,zero-day exploit,
abused,backpack nuke,caladbolg,danger,economic sanction,fading,galley,haggled,ice arrow,jealousy,kama yari,lamb,mace spray,nail bomb,occultism,paintball gun,quark,radiation poisoning,sage,tachyon beam,umbrella gun,vala,wakizashi,,yawara,zeta,
abusing,backscatter,calcium,dao,economic war,failed,gallium,haidate,ice maker,jellyfish,kamikaze drone,lambda,machete,nail gun,occupation,painting,quark matter,radio,sai,tactical vest,unarmed combat,valued,walked,,yazuka,zeus's thunderbolt,
accelerator,backsword,caliber,daring,economy,failing,gallow,hairbrush knife,ice pick,jequirity bean,kanabo,lambent light,machine,nailed,occupied,paired,quarrel,radion,said,taekwondo,uncle,valve,walking stick gun,,yazutsu,zinc,
accent,bacteria,californium,dark energy,ecosystem,failure,gambling,hairdresser,ice shard,jersey devil,kanmu,lamed,machine pistol,nailgun,occupying,pale horse,quarreled,radium,sailed,tai chi,uncovered,vambrace,wall,,yellow,zip gun,
accessed,bad luck,caltrop,dark matter,edge of duality,fair,gamed,hairpin,ice skate,jester,kappa,lamia,machinegun,nameles,octillion,palisade,quarter stick,radon,sailor,taiaha,undead,vampire,wallet gun,,yellow hole,zipped,
accident,bad weather,cam,dark repulser,editor,fairnes,gamer,haladie,idea,jet,karambit,laminate,macuahuitl,nanobot,octo balloon,palladium,quarterstaff,raft,saimei,taikonaut,undenary,van,wand,,yeti,zipper,
accomplished,bag,came back,darknes,education,fairy tale,gamma,halberd,ideology,jet fuel,karate,lamp,made,nanocrystalline,octodenary,pandemic,quartz,rag,salted bomb,tail,undercover,vanadium,war,,yig,zirconium,
accumulated,bagh nakh,camera gun,darmstadtium,effective range,faith,gamma ray,half stick,idiot,jetpack,karma,lance,made up,nanoweapon,octonary,panic attack,quasicrystal,rage,salvaged,tailgating,underground,vandalizing,war axe,,yod,zombie,
accuracy,bagpipe,cameraman,dart,efreet,fake new,gamma ray burst,half-brother,idolized,ji,kashima reiko,land mine,madu,napalm,octorok balloon,panini pres,quaternary,ragnell,salvaging,tailor,understanding,vapor,war club,,yog-sothoth,zombie computer,
accurate,baiting,camouflage,dart gun,eight,faked,gamma-ray burst,half-sister,ied,jian,kata,landed,magari yari,narrated,octuplet,panjandrum,quattuordenary,raid,salvation,tailoring,understatement,vaporizer,war crime,,yoga,zoomed,
accused,bakeneko,camouflaged,dash,eightfold blade,falarica,gamma-ray laser,halo array,ifrit,jigsaw,katana,landing,magazine,nation,odachi,panned,quauhololli,rail system,sam,takakura,understood,vav,war elephant,,yoroi,zulu,
accusing,balisong,camp,data,einsteinium,falcata,gang war,hamidashi,ignorance,jihad,katar,landmine,magazine pouch,nation-building,offense,panzerfaust,quebec,railgun,sam turret,takemikazuchi,underwater pistol,vbied,war flail,,yoroi-doshi,zweihander,
achieved,ball,campaign,database,ejection port,falchion,garbage disposal,hammer,ignored,jimmu,keep,landslide,magazine release,nationalism,officer,papa,queen,rainblower,samarium,taking,undone,vectran,war horn,,yotsuya kaidan,zweihÃÂÃÂÃÂÃÂ£ÃÂÃÂÃÂÃÂ¤nder,
acid,ball and chain,canceled,date,ejector,falchion (fire emblem),garden shear,hanako-san,iklwa,jingle,keeping,language,magazine spring,nationalist,official,paper,questioned,raised,samekh,taking off,unequal,vehicle,war pick,,ytterbium,zylon,
acid attack,ball-headed club,candlestick,datura,eku,falconet,garnet,hanbo,ill-tempered mutated sea bas,jingoism,keitai,lanthanum,magenta,natural,oganesson,paperwork,quid pro quo,raising,samurai,takoba,unethical,veiled,war scythe,,yttrium,,
aconitine,ballad,candy cane,daybreaker,elastocaloric material,fallen,garrote,hand axe,illegal,jinn,kelpie,lapis lazuli,magic,natural ga,ogre,parable,quill,rake,sanction,tale,unfair,velcro,warhammer,,yugake,,
acoustic torpedo,ballet,cane,dazzler,elbow,falling,gas,hand cannon,illnes,jitte,ken,laptop,magic missile,naval mine,oil,parallel universe,quinary,rakshasa,sanctuary,talisman,unfinished,vendetta,warhead,,yuki-onna,,
acquaintance,ballista,cane gun,ddo,elder,false,gas chamber,hand grenade,illusion,jo,kendo,larceny,magnesi,navigated,oil war,paramedic,quindenary,rampart,sandbag,talk show host,unfollowed,vengeance,warlord,,yumi,,
acted,ballistic missile,canister,ddos attack,elder wand,false prophet,gas passer,handcuff,imaginary,joined,kept,lariat,magnesium,navy,oiwa,paramilitary,quintessence,ran,sandman,talon,unheard,venom,warp drive,,yurei,,
acting,ballistic shield,canister shot,dead,elected,false vacuum,gashadokuro,handgun,imitator,joint lock,kerosene,laser,magnetism,nazi,okiku,parang,quintillion,rancher,sandvich,talwar,unicorn,ventilator,warped,,,,
actinium,balloon,cannon,dead ringer,electric chair,false vacuum decay,gaslighting,handle,immigrant,jomei,kevlar,laser cannon,magnetite,nazism,oleander,parapet,quintuplet,rangefinder,sandwich panel,tamayori-hime,unicycle,venture,warranty,,,,
action,balloon bomb,capitalism,deadfall,electric kettle,falx,gasoline,handled,immoral,jorogumo,key,laser designator,magnetocaloric material,nebula,oligarchy,parasite,quirt,ranger,sank,tambo,unification,vessel,warrior,,,,
active denial system,bancho sarayashiki,capitalist,dealt,electrician,fame,gasoline bomb,hanging,immortal,journalist,keyblade,laser pointer,magnetorheological elastomer,nebulizer,olive,parent,quiver,rank,sap,tandem bike,uniform,vest,warrior's spirit,,,,
activist,band saw,caplock,dealt with,electricity,family,gate,happuri,immunized,journeyed,keyboard,laser rifle,magnetorheological fluid,neck knife,omega,paring knife,qzs,ransacking,sap glove,tango,union,veterinarian,warship,,,,
actor,bandolier,capped,death,electroactive polymer,family busines,gathered,harassment,impalement,joust,keychain gun,laser sight,magnetostrictive material,needle,omicron,parody,,ranseur,sapper,tank,united,vexillum,washing machine,,,,
adamsite,bang snap,captain,death cap,electrocaloric material,famine,gatherer,hardboard,impeded,joy,keyed,laser sword,magnifying glas,needle gun,omitted,parolee,,ransomware,sapphire,tantalum,unity,vial,waste,,,,
adaptation,bangalore torpedo,captain america's shield,death ray,electrocuted,fan,gathering,hardware,imperialism,joyeuse,keylogger,laser-guided missile,magnum,needler,omni-tool,partial,,rapier,sarcasm,tanto,universal,vicenary,wasted,,,,
adapted,banking,car,death star,electrocution,fan o'war,gatling gun,harnessed,imperialist,judge,khanjar,laser-induced plasma channel,maid,negative,omniversal,particle,,rapture,sarin,tanuki,universe,victim,wasting,,,,
added,banned,car bomb,debated,electrolaser,fang,gauge,harpoon,impersonal,judging,khopesh,lasergun,maintenance,negative compressibility material,onager,particle beam,,rasp,sarissa,taped,unjust,victor,watakushi,,,,
addressed,banner,carbine,decapitation,electromagnetic catapult,fantasy,gauntlet,harpoon gun,impersonation,judgment,khukuri,lash,major,negative poisson's ratio material,one,particle beam weapon,,rat bomb,sarutahiko,tapestry,unknown,victory,watching,,,,
adept,bar shot,carbon,decayed,electromagnetic pulse,far,gauss rifle,harsh word,implemented,judo,ki attack,lasso,makeup artist,negative refractive index material,one ring,particle board,,ratchet,sasquatch,tapped,unlawful,viewer,watchtower,,,,
administrator,barb,carbon fiber,decaying,electromagnetism,farce,gaze,harvested,implementing,jujutsu,kicked,latch,makhaira,negative stiffness material,oni,particular,,rate of fire,sasumata,tar,unlocked,vigilante,water,,,,
admiral,barbed wire,carbon nanotube,decca,electron,farmed,gear,hassium,imprisonment,juliett,kidnapping,late,makibishi,negative thermal expansion material,onibi,particulate matter,,rawhide,satchel,tare,unlocking,viking,water cannon,,,,
admired,barber,carcas,deceased,electrorheological elastomer,farmer,gel,hastur,improvised firearm,jumped,kilij,lathe,making,neglect,ono,partisan,,raygun,satchel charge,tarnished,unmade,viking axe,water dispenser,,,,
adult,barbican,carcass shot,deceit,electrorheological fluid,farming,gem,hatchet,inaccurate,junna,killed,lathi,making up,neglected,onryo,partner,,razor,satellite,tarnishing,unnoticed,vilified,water gun,,,,
advanced,bardiche,carfentanil,deception,electroshock weapon,fascism,gemmei,hate,incapacitating agent,junnin,killer robot,latrine,malachite,negligence,opal,partnership,,razor blade,satire,tarot,unpacked,villain,water hemlock,,,,
advancing,bargained,caricature,deciding,electrostrictive material,fascist,gene,hated,incendiarie,jury,killing gloves of boxing,latthi,malformed,negotiated,opened,party popper,,razor sword,satyagraha,taser,unplugged,violence,water war,,,,
adversary,barium,carnage,decillion,element,fashion,general,hatpin,incendiary bomb,just,kilo,laughter,malice,negotiating,opening,passive aggression,,reached,savant,tau,unreal,viral,waterboarding,,,,
advertising,barocaloric material,carpenter,decimal,elephant,fate,general-purpose machine gun,hatred,incendiary bullet,justice,kindnes,launched,malinformation,negotiation,opera,passive resistance,,reader,saved,taught,unseen,vircator,watered,,,,
advocate,baron,carpet cleaner,decoded,elephant gun,fear,generalist,hatted,incendiary device,jutte,kinetic bombardment rod,launching,mallet,negotiator,opponent,passphrase,,reading,saving,tav,unvicenary,virome,wax,,,,
adware,barones,carrier,decomposed,elf,feared,genius,haven,incendiary grenade,juvenile,king,lavender,malware,neighbor,opposing,password,,real,savior,tax,unwrapped,virtue ethic,weak,,,,
aegi,barrack,carronade,decomposing,elitism,feathered edge,genocide,haya,incendiary round,juxtaposition,kingdom,law,mambele,nekomata,oppressed,past,,reality,saw,tea pot,unzipped,virus,weak force,,,,
aerial shell,barrel,cartoon,decompressed,elucidator,federation,genome,hazard,incense,,kinmei,lawful,man catcher,nemesi,oppression,pasted,,realm,sawed-off shotgun,teacher,upcycled,vishing,weather,,,,
aerial torpedo,barren,cartridge,deconstructed,email,feed lip,genus,haze,incentive,,kirpan,lawnmower,man-in-the-middle,neocolonialism,oracle,pata,,reaped,saxitoxin,teaching,upcycling,visibility,weathered,,,,
aerogel,barricade,carving knife,decoration,emancipated,feed system,geography,haze machine,incinerated,,kitchen knife,lawrencium,managed,neodymium,orange,patch,,reaper indoctrination,say again,teal,uploaded,visor,weathering,,,,
aerosol,bartered,casing,decoy,embargo,feeling,geology,he,incinerating,,kite shield,lawsuit,manager,neoliberalism,orange hole,pathogen,,reason,sbottom,teamwork,uprising,viticulture,weaved,,,,
aesthetic,bartering,cast,decrypted,embezzlement,feet,geosphere,head,incineration cannon,,kitsune,lawyer,manchineel,neon,orbital strike,patience,,reasoning,scabbard,tear gas,upsilon,vitriolage,weaving,,,,
affirmative,base,cast-iron bomb,decuplet,emblem,fell,germanium,headboard,incision,,kleptocracy,lead,mandrake,neon annihilator,orbited,patient,,rebar,scalding,tear gas round,uranium,voice,web,,,,
aflatoxin,baseball bat,casting net,deep fryer,embrasure,felon,ghost,headbutt,inclined plane,,klingon bat'leth,lead pipe,manganese,nephew,orbiting,patricide,,rebel,scale,technetium,urumi,voiced,web shooter,,,,
ageism,baselard,castle,deepfake,embroidery,fencing,ghost trap,heading,included,,knee,leader,mangonel,neptunium,orc,patriot,,rebellion,scalpel,technical,used,voiceles,wedge,,,,
agent,basepad,castor bean,defeat,emerald,fentanyl,ghoul,headquarter,incompetence,,knife,leadership,manipulation,nerf gun,orcrist,patriotism,,rebooted,scam,technician,user,void,weed whacker,,,,
agent 15,basilisk,casualty,defector,emissary,fermion,giant,healed,incomplete,,knife gun,leading,manmelter,nerve agent,order,patu,,reborn,scandal,technora,using,volcano,weeded,,,,
agent orange,bastard sword,cat o' nine tail,defendant,emp,fermionic condensate,giant hogweed,health,incorrect,,knight,leak,manpad,nerve gas,ordnance,paused,,recalled,scandium,tectonic,usury,volley gun,weighed,,,,
aggression,bastardsword,cat-o'-nine-tail,defended,emp weapon,fermium,giant's knife,heart,incubu,,knitting,learned,manriki,nerve strike,organ,pausing,,receipted,scareware,teeth,utilitarianism,vomiting agent,welded,,,,
agility,bastion,cataloged,defender,empathy,ferroelectric material,gilded sword,heat death,independence,,knitting needle,leather,manriki-gusari,net,organic,paver,,receiver,scattergun,tekagi,utility knife,voodoo doll,welding torch,,,,
agreement,bat bomb,catapult,defending,emperor,ferrofluid,gimel,heat-seeking missile,independent,,knob,leatherman,manslaughter,net gun,organic dust,pavise,,receiving,scavenger,teke-teke,utilized,vorpal blade,wellnes,,,,
agriculture,baton,catching,defense,empire,ferrogel,giving,heated shot,indexed,,knobkerrie,led,mantle,nettle,organogel,pawl,,receptacle,scept,tekkan,utilizing,vorpal sword,wendigo,,,,
agroforestry,batrachotoxin,cattle gun,deformed,employee,fertilized,gladiator,heater,india,,knobkierie,left,mantlet,network,oriflamme,payload,,reciprocating saw,scholar,tekko,utsubo,vortex,went away,,,,
ahimsa,batsaber,cattle prod,defying,empowered,fertilizer bomb,gladiator net,heatstroke,indictment,,knotted,leg iron,mantrap,neutralino,orphan,pbo,,recoil,science,tekko-kagi,uttered,vortex cannon,werewolf,,,,
ahlspies,battalion,caught,degenerate matter,empres,fetish,gladius,heaven,indifference,,knout,leg-hold trap,manufacturing,neutrino,osb,pdw,,recoil pad,scientist,telefragging,utv,vortex ring gun,whaling,,,,
ai,battered,ceasefire,degradation,empty,feud,glaive,heavy machine gun,indignation,,knowledge,legal,mariculture,neutron,oscar,pe,,recoilless rifle,scimitar,telekinetic blast,uzi,vote,whaling gun,,,,
aid,battering ram,celebrated,degreaser,encased,feudalism,glamdring,heavy object,indium,,known,legend,marine,neutron bomb,osmium,peace,,reconciled,scimitar of the seven,telephone,,voted,wheel and axle,,,,
aided,battering ram head,celebrity,dehumidifier,enchanted blade,fiber,glas,hedge clipper,indoctrination,,knuckle,legendary,maripi,neutron cannon,ostracism,peacekeeping,,reconciling,scissor,teleported,,voulge,wheellock,,,,
aiding,battery,cell,dehydration,encoded,fiberboard,glass,hedge trimmer,industry,,knuckle duster,leiomano,market,neutronium,other,pear of anguish,,reconnaissance,scissor lift,telescopic baton,,voyaged,whip,,,,
aikido,battle,cell phone gun,deku nut,encouraged,fiberglas,glass shard,hedgehog,inertia,,ko-wakizashi,len,marketing,nfc,otsuchi,pearl,,reconstruction,scissors,televised,,vx,whip cracker,,,,
aikuchi,battle rifle,cellular,deku stick,encouraging,fiction,glitch,hedonism,infanticide,,kodachi,lepton,marksman rifle,nft,out,peasant,,recovered,scooter,television,,vx nerve agent,whiskey,,,,
air,battle staff,cement board,delayed,encrypted,fictional,globalism,heely,infected,,kokiri sword,lesson,marlinspike,niche,outbreak,peasant flail,,recovering,scope,tellurium,,,whistleblower,,,,
air conditioner,battleaxe,censor,deleted,endeavored,field gun,globalization,hegemony,infection,,konoe,lethal injection,maroon,nickel,outcome,peer,,recurve bow,scorch shot,temmu,,,white,,,,
air force,battleship,censorship,deliberated,endeavoring,fierce deity sword,glock,heir,infested,,konohanasakuya-hime,letter opener,martial art,nicotine,outerversal,pegasu,,recycled,scorched earth,temperature,,,white hole,,,,
air gun,bayonet,centuplet,delinquent,ended,fife,glonas,heirloom,infinite,,kopi,lever,martyr,niece,outrage,pellet,,recycling,scorn,temporal,,,white horse,,,,
air pistol,bayonet knife,ceo,delta,endemic,fighter jet,glory,heizei,infinity,,korok leaf,lever-action rifle,marx generator,night vision,oven,pellet bow,,red,scorpion,ten,,,white phosphoru,,,,
air rifle,bayonet lug,ceramic,demand,endurance,fighter-bomber,gloves of running urgently,held,infinity gauntlet,,kote,leviathan axe,masakari,nightmare,over,pellet gun,,red dot sight,scourge,tengu,,,whole,,,,
air vortex cannon,bazooka,ceramic plate,dematerialized,enemy,fighting,glow worm,helicopter,infirmary,,kotiate,levin sword,masamune,nightshade,over-powder wad,pen,,red hole,scramasax,tenji,,,wholesale,,,,
air-to-air missile,bb gun,cerebral bore,demilitarized zone,energy,file,glue gun,helium,inflaton,,kotoshironushi,lewisite,mascot,nightstick,overdose,pen gun,,red horse,scraper,tennessine,,,whore of babylon,,,,
air-to-surface missile,beacon,ceremony,democracy,energy beam,filler wad,glued,hell,influence,,kpinga,libel,maser,nihilism,overlooked,pen knife,,red tape,scrapped,tepoztopilli,,,wi-fi,,,,
aircraft,beak,cerium,demolished,energy dagger,fillet knife,gluino,helmet,influence campaign,,kraken,liberated,masked,nihonium,overshot wad,penance,,red-tape recorder,scrapping,terbium,,,widow,,,,
aircraft carrier,beam rifle,certainty,demolishing,energy sword,film,gluon,helmeted,influencer,,kri,liberating,mason,nil,ox tongue spear,pencil,,redeemed,scratched,terminated,,,widower,,,,
aired,beamed,cesium,demolition,enforcer,filter,gluttony,helped,influential,,krypton,liberation,mass driver,nine,oxygen,penetration,,redeemer,scream,terrorism,,,widowmaker,,,,
airman,bean bag round,cesium-137,demon,engineer,finance,glyph,helping,informant,,kubikiri,liberator,massacre,nine-section whip,,pennant,,redeeming,screen,terrorist,,,wife,,,,
airplane,beanbag round,cestu,demon weapon,engineered pathogen,finding,go-kart,helples,information,,kubotan,liberty,master,niner,,pepper,,redemption,screw,tertiary,,,wilco,,,,
airsoft gun,bear trap,chaff,demonized,engineering,fine,go-reizei,hematite,information war,,kuchisake-onna,librarian,master ball,ninigi,,pepper ball,,redone,screwdriver,tesla cannon,,,wildfire,,,,
ait,bearded axe,chain,demonstration,enslaved,fingerprint,go-sanjo,hemlock,information warfare,,kukri,lie,master sword,ninja,,pepper ball gun,,redoubt,screwed,tesla coil,,,will,,,,
ak-47,bearing,chain shot,demoted,enslavement,finished,go-shirakawa,hemlock water dropwort,infrared sight,,kulata,life,matche,ninken,,pepper spray,,reflected,script kiddie,tessen,,,wilted,,,,
aka manto,beast,chain sword,denary,enterprise,finite,go-suzaku,henbane,infrasound,,kunai,lifted,matched,niobium,,pepperbox,,reflex,scroll,testing,,,wilting,,,,
alarm,beat,chain whip,dented,entertainer,fire,goa'uld staff weapon,heraldry,inhabited,,kung fu,lifting,matchlock,nirvana,,perceiving,,refrigerator,scrolled,testudo,,,winch,,,,
alchemized,beaten,chaingun,dentist,entombed,fire arrow,goblin,hercules' club,initiate,,kusarigama,light,material lift,nitro card,,percussion cap,,refugee,scrubber,tet,,,wind,,,,
alchemy,beauty,chainmail,deontology,entrenching tool,fire balloon,god,hermes' caduceu,injustice,,kusazuri,light arrow,materialized,nitrogen,,perforation,,refunded,scud missile,tetrodotoxin,,,wind blade,,,,
aleph,bebut,chainsaw,departed,entrepreneur,fire lance,goddaughter,hermeticism,inline skate,,kuwa,light machine gun,mathematic,nitrogen mustard,,performed,,regicide,sculpture,tetsubishi,,,window,,,,
aleph-null,bec de corbin,chair,dependent,entrepreneurship,fire rod,godendag,hero,inmate,,kwaiken,lighter,matricide,nitroglycerin,,performer,,regiment,scythe,tetsubo,,,winger,,,,
aleph-one,bed frame,chakram,depleted uranium,entropy,firearm,godfather,hesitated,innovation,,kyoketsu-shoge,lightning,matrix,no,,performing,,regionalism,sea mine,tewhatewha,,,winning,,,,
algorithm,bed rail,challenging,deployed,enumerated,fireball,godmother,het,innovator,,kyudo,lightning bolt,mattress,no man's land,,peridot,,regressed,sea-breeze boomerang,textile,,,wiped,,,,
alien,bed slat,chamber,deploying,environment,firecracker,godson,heterogeneous material,inorganic,,,lightning gun,mattress cover,nobelium,,permaculture,,regressing,sea-breeze shield,thallium,,,wire,,,,
alkali,bed spring,chancellor,depot,envoy,fired,goedendag,hex,inorganic dust,,,lightsaber,mattress encasement,nodachi,,perpetrator,,regret,seaborgium,theater,,,wire-guided missile,,,,
allegory,beheading,changed,depth,envy,fireman,gold,hid,inquisition,,,liked,mattress pad,nomex,,perseus' sword,,regulator,seal,theatrical,,,wire-guided torpedo,,,,
allergic reaction,beidou,chao,depth charge,epee,firing pin,goldstino,hidden,insight,,,lil-lil,mattress protector,non-state actor,,personal,,rehearsed,seamstres,theft,,,wisdom,,,,
alliance,being,chaos emerald,derision,epic,firing squad,golem,hidden blade,insignificant,,,lily of the valley,mattress topper,nonary,,personnel lift,,rehearsing,sear,theocracy,,,wish,,,,
alloy,belaying pin,chaplain,derringer,epicureanism,firm,golf,hidden gun,inspiration,,,lima,maul,none,,pesh-kabz,,reincarnated,searchlight,theology,,,withdrawing,,,,
ally,belief,charged,descendant,epidemic,fish hook,golf club,hiding,inspired,,,limbo,mauler,nonillion,,pestilence,,reizei,seax,theory,,,withdrew,,,,
alondite,belladonna,charging handle,deserter,epistemology,fishcake,gone,higgs boson,inspiring,,,limitles,maxim gun,nonuplet,,petard,,relative,secluded,therapist,,,withered,,,,
alpenstock,belt,chargino,design,epsilon,fished,gonfalon,high heel,instinct,,,limpet mine,maximum range,nonviolence,,petitioned,,released,second banana,thermal detonator,,,withering,,,,
alpha,belt buckle knife,chariot,designated marksman rifle,equal,fisherman,googol,high-power microwave,insulation,,,line,mdf,noose,,petrol bomb,,releasing,secondary,thermal sight,,,witnes,,,,
alpha particle,bent,charisma,designer,equality,fishing,googolplex,hindered,insult,,,line-throwing gun,measured,nostromo napalmer,,pewter,,reliability,secret,thermal thruster,,,wolf trap,,,,
alternate dimension,berdiche,charity,desolate,equity,fishing line,gossip,hira-shuriken,insurance,,,lingered,measurement,nothing,,phalanx,,relic,secretaire,thermate,,,wolfsbane,,,,
altitude,berkelium,charlie,despair,erased,fishing net,governor,hired,insurgency,,,link,meat grinder,novelist,,phantom blade,,relief,secured,thermite,,,won,,,,
aluminum,berserk dart,charm,desperate,erbium,fishing spear,gp,historian,insurgent,,,linked,mechanic,november,,phantom energy,,religion,securing,thermoelectric material,,,wondered,,,,
amassed,beryllium,chased,despised,ergot,fission bomb,gpmg,historical,insurrection,,,linstock,medal,novemdenary,,pharaoh's serpent,,relocated,security,thermomagnetic material,,,wood,,,,
amaterasu,beta,chauvinism,despot,eroded,fist,gps-guided missile,history,integrity,,,lip,mediated,novice,,pharmacist,,remained,seeking,thermonuclear weapon,,,wood dust,,,,
amatsumikaboshi,beta particle,chayka,despotism,eroding,fists of steel,grace,hitodama,intelligence,,,lipstick knife,mediating,novichok,,pharming,,remembered,seer,theta,,,woomera,,,,
ambassador,beth,checkpoint,destiny,error,fitnes,grader,hmg,intercontinental ballistic missile,,,liquid,mediator,nozzle,,phaser,,reminisced,seiwa,thinking,,,word,,,,
amber,betrayal,cheek rest,destroyed,escaped,five,graffiti,hoard,interdependent,,,liquid crystal,medic,nu,,pheropod,,remorse,selection,third degree,,,worker,,,,
ambush,betting,cheese wire,destroyer,escaping,fixed,granddaughter,hoarded,internationalism,,,listed,medicated,nuclear bomb,,phi,,remote,selector,thirst,,,world,,,,
ame-no-uzume,bfg,chef,destroying,esotericism,fixed fight,grandfather,hoarding,internet,,,listener,medigun,nuclear torpedo,,philosophy,,remote bomb,selectron,thorium,,,world war,,,,
amenohohi,bfg 9000,chemical,destroying angel,espionage,flag,grandmother,hockey stick,interrogation,,,listening,meditated,nuclear war,,phishing,,remote mine,selenium,thorn,,,worm,,,,
americium,bhoot,chemical agent,destruction,espresso machine,flagged,grandson,hoe,interventionism,,,listening post,meditation,nuclear warhead,,phishing scam,,removed,self,thought,,,wormhole,,,,
amethyst,bichuwa,chemical burn,detective,espringal,flail,grape shot,hoeroa,intimidation,,,literature,medium machine gun,nuclear weapon,,phlogistinator,,renaissance person,self bow,thousand,,,worshipped,,,,
amiti,bicycle,chemical dust,detergent,eta,flail tank,grapeshot,hoist,intuition,,,lithium,meeting,nuke,,phoenix,,renown,self-determination,thread,,,wounded,,,,
ammo box,bicycle built for two,chemical war,determination,eternal,flak cannon,graphene,hoko yari,invaded,,,lithosphere,mega buster,null,,phosgene,,repaired,self-harm,threat,,,wrangler,,,,
ammonia,bidatsu,chemical weapon,detonator,ether,flak jacket,grappling hook,holder,invading,,,litigated,megaton hammer,nulla nulla,,phosgene oxime,,repeated,self-immolation,three,,,wrap assassin,,,,
ammunition,big bounce,chemistry,deuteragonist,ethic,flamberge,gravitino,holding,invasion,,,litigating,meitnerium,numerology,,phosphoru,,repeater,self-propelled gun,three-section staff,,,wrapped,,,,
amoral,big crunch,cherry bomb,development,ethical,flamethrower,graviton,holiday punch,invention,,,lived,melee,nun,,photino,,repeating,selling,threshing flail,,,wrath,,,,
amorphous solid,big earner,cherry picker,devil,ethnic cleansing,flaming arrow,graviton beam,hollow point,inventoried,,,livermorium,melodrama,nunch,,photographer,,repeating crossbow,semi-automatic weapon,threw,,,wrecking,,,,
amulet,big rip,chert,devolution,euphemism,flanged mace,gravity,hollow-point,inverted,,,living,melodramatic,nunchuck,,photon,,replicated,semtex,throttle,,,wrench,,,,
analogy,big rock,cheval de frise,devolved,europium,flare,gravity gun,holmium,investing,,,lmg,melted,nunti bo,,photostrictive material,,reported,senary,throwing,,,wrestling,,,,
analysi,bigfoot,chi,devolving,euthanasia,flare gun,gravity hammer,holocaust,investment,,,loader,mem,nurikabe,,phreaker,,reporter,senban shuriken,throwing axe,,,wrist blade,,,,
analyst,biggoron's sword,chi blast,dial,evacuated,flash hider,gravity knife,hologram,investor,,,loan sharking,membrane,nurse,,phylum,,repression,senior,throwing knife,,,writer,,,,
analyzed,bill,chigiriki,dialect,evacuating,flashbang,gray,holographic sight,invoiced,,,loathing,meme,nyarlathotep,,physic,,republic,senka,throwing knife set,,,writing,,,,
analyzing,billed,child,diamond,evacuation,flashbang round,gray goo,holster,iodine,,,lobbied,memorialized,,,pi,,repurposed,sensing,throwing star,,,written,,,,
anarchist,billhook,chimalli,diamondback,evaded,flashlight,gray hole,holy avenger,iodine-131,,,lobbyist,memory,,,piano wire,,repurposing,sensory deprivation,thulium,,,wrong,,,,
anarchy,billion,chimera,dictator,evaluated,flashlight knife,grease,holy sword,ion cannon,,,localism,mended,,,pichangatti,,rescue,sentry gun,thumb screw,,,wushu,,,,
ancestor,biodegraded,chimney,dictatorship,evaluating,flatbow,great axe,holy war,ionic polymer-metal composite,,,location,mendelevium,,,pick,,rescue ranger,separate,thunder,,,wyvern,,,,
ancient arrow,biodegrading,chipped,died,evaporated,flattered,great fairy sword,holy water,iota,,,loch ness monster,mengu,,,pickaxe,,rescued,septenary,thunder crash bomb,,,,,,,
ancient bladesaw,biodiversity,chiral material,dielectric elastomer,event horizon,flatwoods monster,greatsword,holy water sprinkler,iri,,,lochaber axe,mentor,,,piezoelectric material,,rescuer,septendenary,thunder rod,,,,,,,
ancient shield,biological toxin,chisel,diesel,eviction notice,flaying,greave,homewrecker,iridium,,,lock,mentored,,,pigeon bomb,,rescuing,septillion,tied,,,,,,,
ancient short sword,biological war,chlorine,dilaton,evolution,flechette,greed,homicide,irns,,,locked,mentoring,,,pike,,research,septuplet,tiger hook sword,,,,,,,
android,biological weapon,chlorine ga,dimension,evolved,flechette rifle,greek fire,homogeneous material,iron,,,locking,mercantilism,,,pillaging,,researcher,serf,tiger trap,,,,,,,
anduril,biology,chloropicrin,dimensional,evolving,flechette round,green,homophobia,iron chain,,,lodestone,mercenary,,,pillbox,,resentment,sergeant,tile,,,,,,,
anelace,biome,choke,diphosgene,ex-con,flechette shotgun,green hole,homunculu,iron fan,,,logic,merchant,,,pillory,,reset,serpentine,tilled,,,,,,,
anfo,biometric,chokehold,diplomacy,exaggeration,flechette shotgun shell,grenade,honesty,iron maiden,,,logic bomb,mercury,,,pillow,,resh,servant,tilted,,,,,,,
angel,biosphere,choking agent,diplomat,excalibur,fled,grenade launcher,honeycomb,iron sight,,,logo,mercy,,,pillow acetate,,resisting,server,time,,,,,,,
angel's trumpet,bipod,choosing,directed,excavator,fleeing,grenado,honor,ironclad,,,longbow,mere,,,pillow acrylic,,resolved,session hijacking,time bomb,,,,,,,
anger,birch,chop,directed energy weapon,exchanged,flerovium,grey goo,honored,irony,,,longship,meritocracy,,,pillow aramid,,resource war,settled,tin,,,,,,,
angle grinder,birdshot,choreographer,directed lightning,exchanging,flesh,grid,hooded,irradiated,,,longsword,merlon,,,pillow azlon,,respected,settler,tinbe,,,,,,,
angon,bisento,chromium,directed-energy weapon,excluded,flew,griffin,hook,isolated,,,loop,merne,,,pillow bamboo,,restarted,seven,tinbe-rochin,,,,,,,
animal,bismuth,chromosome,director,executed,flint,grill,hook sword,isolationism,,,looped,mess hall,,,pillow carbon,,restoration,severed,tire iron,,,,,,,
anisotropic material,bitcoin,chroniton beam,dirk,executing,flintlock,grip,hookblade,isotropic material,,,looping,messiah,,,pillow ceramic,,result,sewing,tissue,,,,,,,
ankan,bite,chu jelly,dirty bomb,execution,flipped,grommet,hookshot,iterated,,,loot,metabolome,,,pillow concrete,,resumed,sexdenary,titan,,,,,,,
annei,bitternes,chupacabra,disbelief,executioner's sword,floated,ground bloom flower,hoove,iterating,,,looting,metal,,,pillow cotton,,resuming,sexism,titanium,,,,,,,
annexation,black,churel,discarded,executive,floating,grown,hope,itoku,,,loran,metal air,,,pillow cupro,,resurrected,sextillion,tlacochtli,,,,,,,
anonymou,black hole,cigarette lighter gun,discarding,exercised,flog,grumbled,hopeles,ivory,,,lord,metal angle grinder,,,pillow down,,retail,sextuplet,tnt,,,,,,,
antagonist,black horse,cinematic,disciple,exercising,flood,guandao,hopkinsville goblin,iwisa,,,losing,metal archive,,,pillow elastane,,retina,shackle,toaster,,,,,,,
anthrax,black powder,cinquedea,discipline,exhaust,floor buffer,guarantee,hopper,izanagi,,,lost,metal axe,,,pillow feather,,retreat,shaken,toba,,,,,,,
anthropologist,black snake,cipher,disconnected,exile,flooring,guard dog,horikawa,izanami,,,loup-garou,metal baler,,,pillow fiber,,retreated,shakuhachi,toboggan,,,,,,,
anthropology,blackjack,circular saw,disconnector,existence,floorplate,guard post,horn,,,,loved,metal band saw,,,pillow filler,,retreating,shame,token,,,,,,,
anti-aircraft gun,blackmail,circumvented,discovery,existentialism,flour dust,guarded,hornet's nest,,,,lover,metal bar,,,pillow foam,,retrieved,shamed,toki,,,,,,,
anti-material rifle,blackpowder,citadel,discussed,exorcism,flue,guardian sword++,horo,,,,lowered,metal bark,,,pillow form,,retrieving,shaming,toki matau,,,,,,,
anti-materiel rifle,blacksmith,citizen,disdain,exoskeleton,fluorine,guarding,horse,,,,lowering,metal bed frame,,,pillow gel,,returned,shamshir,toki pou,,,,,,,
anti-ship missile,blacksnake,citrine,disease,exosuit,flying,guardsman,horse bow,,,,loyalist,metal bed rail,,,pillow glas,,reused,shank,toki pou atua,,,,,,,
anti-tank grenade,blade,civil disobedience,disempowered,expandable baton,flying claw,guerrilla,horseman's pick,,,,loyalty,metal bed slat,,,pillow insert,,reusing,shape-memory alloy,toki pou ika,,,,,,,
anti-tank gun,blades of chao,civil war,disguised,expansionism,flying guillotine,guerrilla war,horticulture,,,,lrad,metal bed spring,,,pillow lastol,,revealed,shape-memory foam,toki pou kai,,,,,,,
anti-tank mine,blamed,clamped,disgust,experiment,flyssa,guerrilla warfare,hose,,,,lsd,metal bit,,,pillow latex,,revered,shape-memory polymer,toki pou manu,,,,,,,
anti-tank missile,blaming,clan,dishwasher,experimentation,foam,guide,host,,,,lucerne hammer,metal blanket,,,pillow lycra,,reversed,shaped,toki pou rakau,,,,,,,
anti-tank rifle,blank,clandestine,disinformation,expert,foam board,guided,hostage,,,,luck,metal blender,,,pillow lyocell,,reviewer,shapeshifter,toki pou rangi,,,,,,,
antichrist,blanket,clas,disintegrated,exploited,foam core,guided missile,hot glue gun,,,,luge,metal blowtorch,,,pillow memory foam,,revolution,shared,toki pou tangata,,,,,,,
antihero,blaster,clashed,disintegration ray,exploiting,foe,guiding,hot hand,,,,lumber,metal bolt,,,pillow metal,,revolutionary,shareholder,toki pou taniwha,,,,,,,
antimatter,bleach,clasp,disliked,exploration,fog,guidon,hotel,,,,lust,metal book,,,pillow microfiber,,revolver,shark with a laser beam,toki pou tipuna,,,,,,,
antimatter cannon,blender,classism,dismemberment,explorer,fog machine,guillotine,hourglas,,,,lutetium,metal box,,,pillow modacrylic,,revolver cannon,sharp force,toki pou tupuna,,,,,,,
antimatter weapon,blessing,claw,displaced person,explosive,fogger,guilt,howitzer,,,,lye,metal box cutter,,,pillow modal,,reward,sharpened spoon,toki pou whenua,,,,,,,
antimony,blister agent,clawshot,display,explosively pumped flux compression generator,foil,guilt trip,hpm weapon,,,,,metal box spring,,,pillow novoloid,,rewilding,sharpened stick,toki poutangata,,,,,,,
antler,blizzard,clay pigeon,disposed,exposed,fold crimp,guilted,hull,,,,,metal bracket,,,pillow nylon,,rfid,sharpened volcano fragment,toki pouwhenua,,,,,,,
anto,blizzard rod,claymore,disposing,exposure,folklore,guilting,human,,,,,metal branch,,,pillow olefin,,rhenium,sharur,told,,,,,,,
apathy,block,claymore mine,disregard,expressed,followed,guisarme,humanitarian intervention,,,,,metal brush,,,pillow polycarbonate,,rho,shashka,tomahawk,,,,,,,
apc,block and tackle,claymore sword,disruptor,extinction,follower,gun,humidifier,,,,,metal bucket,,,pillow polyester,,rhodium,shattered,tonfa,,,,,,,
apocalypse,blockade,cleaning kit,dissolved,extortion,followership,gunblade,humidity,,,,,metal cable,,,pillow polyethylene,,rhododendron,sheath,took off,,,,,,,
apoco-fist,blockbuster,cleared,distance,extra,food processor,gungnir,humiliation,,,,,metal canva,,,pillow polypropylene,,rhomphaia,sheephook,tooth,,,,,,,
apollo's arrow,blockchain,cleaver,distant,extractor,fool,gunpowder,humility,,,,,metal carpet cleaner,,,pillow polystyrene,,ricin,sheet,topaz,,,,,,,
apologized,blocked,clerk,distorted,extraterrestrial,fool's mushroom,gunslinger,humvee,,,,,metal chain,,,pillow polyurethane,,ridden,shell,torch,,,,,,,
apologizing,blood,clicked,distributing,eye,foot,gunstock war club,hunch,,,,,metal chainsaw,,,pillow protector,,ridicule,shelter,tornado,,,,,,,
appended,blood agent,clickjacking,distribution,,footboard,guru,hundred,,,,,metal chalk,,,pillow rayon,,riding crop,shepherd's sling,torpedo,,,,,,,
applied,blood feud,client,diversity,,forager,gut feeling,hunga munga,,,,,metal chopper,,,pillow sham,,rifle,shield,torture,,,,,,,
applying,bloodshed,climate change,divided,,force,gypsum board,hunger,,,,,metal circle,,,pillow silk,,rifled barrel,shield wall,total war,,,,,,,
appointed,blowdart,climbed,divination,,force field,gyrojet,hunger strike,,,,,metal circular saw,,,pillow spandex,,rifling,shielded,totalitarian,,,,,,,
appraised,blower,clip,division,,force pike,,hunted,,,,,metal clamp,,,pillow stone,,rigged election,shikomibari,totalitarianism,,,,,,,
apprentice,blowgun,clipped,dm ga,,force-a-nature,,hunter,,,,,metal clip,,,pillow stuffing,,ring,shikomizue,totem,,,,,,,
aquaculture,blowpipe,cloak and dagger,dna,,foregrip,,hunting,,,,,metal cloth,,,pillow triacetate,,ring gun,shillelagh,tournament,,,,,,,
ararebo,blowtorch,cloaked,do,,foreigner,,hunting knife,,,,,metal club,,,pillow vinal,,riot,shin,towel,,,,,,,
arbalest,bludgeon,clone,doctor,,forest dweller's sword,,hunting rifle,,,,,metal coffee grinder,,,pillow vinyon,,riot control agent,shinai,tower,,,,,,,
arbitrated,blue,cloned,dodged,,forgave,,hurlbat,,,,,metal coffee maker,,,pillow viscose,,riot gear,shinken,tower shield,,,,,,,
arbitrating,blue hole,closed,dogma,,forged,,hurricane,,,,,metal colander,,,pillow wood,,riot shield,shinobi zue,toxicity,,,,,,,
arbitrator,blue-ringed octopu,closing,doing,,forgivenes,,husband,,,,,metal compactor,,,pillow wool,,rising,shinrei shashin,toxin,,,,,,,
archaeologist,bluetooth,cloth,domain,,forgiving,,hwacha,,,,,metal concept,,,pillowcase,,risk,ship,toyotama-hime,,,,,,,
archaeology,blunderbu,cloud,domination,,forgot,,hydra,,,,,metal corer,,,pilot,,risking,shirakawa,tracer,,,,,,,
archenemy,blunderbus,clown,done,,forgotten,,hydrogel,,,,,metal corner knife,,,piloted,,ritual,shirasaya,tracer round,,,,,,,
archer's loophole,blunt force,club,donjon,,fork,,hydrogen,,,,,metal crate,,,pilum,,rival,shiv,tractor,,,,,,,
archery,bo staff,cluster,doomsday device,,fork bomb,,hydrogen bomb,,,,,metal crayon,,,pin,,riveted,shobo,tractor beam,,,,,,,
architecture,bo-shuriken,cluster bomb,door,,forklift,,hydrogen cyanide,,,,,metal cros,,,pink,,roadblock,shock,trade,,,,,,,
archived,boar spear,cluster munition,doppelganger,,formation,,hydrosphere,,,,,metal crusher,,,pink hole,,robbery,shock arrow,trade war,,,,,,,
archivist,boarding pike,clutch,dory,,formed,,hylian shield,,,,,metal cutter,,,pinned,,robbing,shock collar,traded,,,,,,,
ares' spear,boat,cn ga,double agent,,fortification,,hype,,,,,metal deep fryer,,,pipe,,robot,shockwave cannon,tradesman,,,,,,,
argon,boat bomb,coach,doubt,,fortres,,hyperbole,,,,,metal diamond,,,pipe bomb,,robotic dog,shoe,trading,,,,,,,
argued,bobsled,coach gun,doubted,,forward assist,,hyperspace,,,,,metal dicer,,,pipe gun,,robro 3000,shooting,tradition,,,,,,,
aristocracy,body,coached,downcycled,,fougasse,,hyperthermia,,,,,metal dimension,,,pirate,,rochin,short circuit,traffic jam,,,,,,,
armageddon,body armor,coaching,downcycling,,fought,,hyperversal,,,,,metal dirt,,,pishacha,,rock,shortbow,tragedy,,,,,,,
armistice,bodyguard,coal dust,downloaded,,found,,hypothermia,,,,,metal dishwasher,,,pistol,,rocket,shortsword,tragic,,,,,,,
armor,bohrium,coalition,doxxing,,fountain,,hypothesis,,,,,metal document,,,pistol crossbow,,rocket arrow,shot,train,,,,,,,
armor-piercing round,boiling,coast guard,draft dodger,,four,,,,,,,metal dream,,,pistol grip,,rocket fuel,shot cup,trained,,,,,,,
armored,boiling oil,coast guardsman,dragon,,fower,,,,,,,metal drill,,,pit trap,,rocket jumper,shotel,training,,,,,,,
armored bulldozer,bokken,coat of arm,dragon slayer,,foxglove,,,,,,,metal drill pres,,,pitch,,rocket-propelled grenade,shotgun,training round,,,,,,,
armored vehicle,bola,cobalt,dragon's fury,,foxhole,,,,,,,metal dryer,,,pitchfork,,rocketlauncher,shotgun slug,traitor,,,,,,,
armory,boleadora,cobalt bomb,drama,,foxtrot,,,,,,,metal drywall knife,,,pitfall,,rod,shovel,tranquilizer gun,,,,,,,
army,bolo,cobalt-60,dramatic,,fractured,,,,,,,metal dust,,,plague,,roentgenium,shrapnel,transacted,,,,,,,
arquebu,bolt,cobbler,drawbridge,,fragmentation grenade,,,,,,,metal earth,,,plaintiff,,roger,shrink ray,transferred,,,,,,,
arrest,bolt release,code,drawing,,frame,,,,,,,metal easel,,,plane,,rogue ai,shrouded,transformed,,,,,,,
arrived,bolt-action rifle,coercion,drawing and quartering,,francisca,,,,,,,metal electric kettle,,,plane bomb,,rokurokubi,shub-niggurath,transformer,,,,,,,
arrogance,bolted,coffee grinder,dream,,francium,,,,,,,metal espresso machine,,,planet,,roll crimp,shuko,transmitted,,,,,,,
arrow,bomb,coffee maker,drew,,frankenstein's monster,,,,,,,metal eye,,,plank,,roller,shuriken,transmuted,,,,,,,
arsenal,bomb arrow,coilgun,drill,,fraternity,,,,,,,metal file,,,plant,,roller skate,shut down,transnationalism,,,,,,,
arsenic,bomb rune,cold war,drill pres,,fratricide,,,,,,,metal filter,,,planted,,rollerblade,sibling,transphobia,,,,,,,
art,bomb-pumped laser,colleague,drilled,,fraud,,,,,,,metal fire,,,plasma,,rolling pin,sickle,transported,,,,,,,
artemis' bow,bombchu,collected,drilling,,free,,,,,,,metal floor buffer,,,plasma cannon,,roman candle,sicknes,transporter,,,,,,,
artifact,bomber,collided,driven,,freedom,,,,,,,metal flower,,,plasma caster,,romantic,sidearm,trap,,,,,,,
artificial,bone,colonel,driver,,freedom fighter,,,,,,,metal folder,,,plasma pistol,,romeo,sidekick,trapped,,,,,,,
artillery,boning knife,colonialism,drone,,freeze ray,,,,,,,metal food processor,,,plasma rifle,,rondel,sidestepped,trauma,,,,,,,
artillery shell,bonk atomic punch,colonialist,drone swarm,,freezer,,,,,,,metal footboard,,,plasma sword,,roofing,siding,traveled,,,,,,,
artisan,booby trap,colonist,dropped,,freezing,,,,,,,metal fork,,,plasma torch,,rootkit,siege,treachery,,,,,,,
artist,book,colonization,dropping,,fresco,,,,,,,metal freezer,,,plasma weapon,,rope,siege engine,treason,,,,,,,
aruval,bookseller,colonized,drought,,friend,,,,,,,metal funnel,,,plasmagun,,rope dart,siege hook,treasure,,,,,,,
asbesto,boom lift,colt,drove,,frigate,,,,,,,metal galaxy,,,plasmarifle,,rosary pea,siege tower,treated,,,,,,,
ashiko,boomerang,column,drowned,,front,,,,,,,metal garbage disposal,,,plaster,,rose,sierra,treaty,,,,,,,
ashtray,boot,comb knife,drowning,,frontier justice,,,,,,,metal grate,,,plastic,,rotary cannon,sight,trebuchet,,,,,,,
asphalt,boot knife,combat engineering vehicle,drug war,,frying pan,,,,,,,metal grater,,,plastic bag,,rotated,sigil,trebuchet stone,,,,,,,
asphyxiation,booty,combat knife,drum,,fuel rod cannon,,,,,,,metal grill,,,plastic board,,rotted,sigma,tredenary,,,,,,,
assassin,bore,combat robot,dryer,,fuel rod gun,,,,,,,metal hammer,,,plastic explosive,,rotting,sign,tree,,,,,,,
assassination,bore snake,combination,drywall,,fugu toxin,,,,,,,metal handle,,,plate,,rougarou,signal,tree branch,,,,,,,
assault,born,combine harvester,dubnium,,fukibari,,,,,,,metal hatchet,,,plate armor,,round,signal fire,trench,,,,,,,
assault rifle,boron,comedian,duches,,fukiya,,,,,,,metal headboard,,,platinum,,round bomb,signal pistol,trench knife,,,,,,,
assaulted,boseÃÂÃÂÃÂÃÂ¢ÃÂÃÂ¢ÃÂÃÂÃÂÃÂ¬ÃÂÃÂ¢ÃÂÃÂÃÂÃÂeinstein condensate,comedy,ducked,,full metal jacket,,,,,,,metal heart,,,platoon,,routine,signal whip,trend,,,,,,,
assegai,boson,comet,duel,,full stick,,,,,,,metal hedge clipper,,,played,,royal guard's shield,signalwhip,trial,,,,,,,
assembling,boston basher,comic,dugout,,fullerene,,,,,,,metal hexagon,,,player,,royal sword,signature,tribe,,,,,,,
assessed,bot army,command post,duke,,fumbled,,,,,,,metal hinge,,,playwright,,rpg,sik,tribulation,,,,,,,
assisted,botan doro,commando,dumdum bullet,,fume,,,,,,,metal hook,,,plumbata,,rubber,silence,trick noisemaker,,,,,,,
assisted suicide,botnet,commemorated,dummy round,,funayurei,,,,,,,metal hot glue gun,,,plumber,,rubber bullet,silencer,trickster,,,,,,,
assisting,bottle,commensal,dumped,,functionary,,,,,,,metal ice,,,plunder,,rubidium,silent treatment,tricycle,,,,,,,
associate,botulinum,commentator,dumping,,fundo,,,,,,,metal ice maker,,,plundering,,ruby,silica,trident,,,,,,,
assurance,botulinum toxin,commented,dune buggy,,fungus,,,,,,,metal idea,,,pluralism,,rucksack,silicon,tried,,,,,,,
astatine,bouncer,commerce,dungeon,,fury,,,,,,,metal jigsaw,,,plutocracy,,ruining,silver,trigger,,,,,,,
asteroid,bounded,committee,duodenary,,fuse,,,,,,,metal joint knife,,,plutonium,,ruler,silver bullet,trigger bar,,,,,,,
asteroid impact,bounding mine,commoner,duplicated,,fusion bomb,,,,,,,metal key,,,plywood,,rumbled,silviculture,trigger spring,,,,,,,
astrology,boundles,communicated,durability,,fusion cannon,,,,,,,metal knife,,,pocket,,rumor,simile,trillion,,,,,,,
astronaut,bow,communism,durandal,,fusion sword,,,,,,,metal knob,,,pocket knife,,rune,simulation,triplet,,,,,,,
astronomy,bow of apollo,communist,dust,,fustibal,,,,,,,metal ladle,,,poem,,rungu,simunition,tripod,,,,,,,
astroturfing,bowcaster,community,dust cover,,futakuchi-onna,,,,,,,metal latch,,,poet,,rusted,singer,tripped,,,,,,,
asylum,bowie knife,compactor,dwarf,,futsunushi,,,,,,,metal lathe,,,poetry,,rusting,singlestick,tripwire,,,,,,,
asylum seeker,box,company,dybbuk,,future,,,,,,,metal leaf,,,pogo stick,,ruthenium,singularity,trireme,,,,,,,
asymmetric warfare,box cutter,comparison,dying,,,,,,,,,metal library,,,pogrom,,rutherfordium,sinkhole,tritagonist,,,,,,,
atgm,box spring,compassion,dynamite,,,,,,,,,metal lock,,,point,,,sinking,triumph,,,,,,,
athena's aegi,boxing,compensator,dyneema,,,,,,,,,metal loop,,,pointy stick,,,siren,trojan,,,,,,,
atlach-nacha,boycott,competed,dysphemism,,,,,,,,,metal mallet,,,poison,,,six,trojan horse,,,,,,,
atlatl,boycotted,competition,dysprosium,,,,,,,,,metal marker,,,poison blade,,,sjambok,troll,,,,,,,
atmosphere,brainwashing,competitor,,,,,,,,,,metal mattres,,,poison dart,,,skateboard,troll farm,,,,,,,
atom,brake,complete,,,,,,,,,,metal mattress cover,,,poison frog,,,skean dhu,trolling,,,,,,,
atomic bomb,branding,completed,,,,,,,,,,metal mattress encasement,,,poison ivy,,,skeleton,trophy,,,,,,,
atomizer,branding iron,complimented,,,,,,,,,,metal mattress pad,,,poison oak,,,skepticism,truce,,,,,,,
atoned,brane,composer,,,,,,,,,,metal mattress protector,,,poison pen,,,sketch,truck,,,,,,,
atonement,bras,composite,,,,,,,,,,metal mattress topper,,,poison pill,,,ski,truck bomb,,,,,,,
atoning,brass knuckle,composite bow,,,,,,,,,,metal meat grinder,,,poison sumac,,,skinwalker,true,,,,,,,
atrocity,bravo,composite material,,,,,,,,,,metal mesh,,,poisoned,,,skirmish,trumpet,,,,,,,
attached,breach,composted,,,,,,,,,,metal microwave,,,poisoned well,,,slam fire gun,truncheon,,,,,,,
attachÃÂÃÂÃÂÃÂ£ÃÂÃÂÃÂÃÂ©,breaching round,composting,,,,,,,,,,metal mill,,,poisoning,,,slander,trunk,,,,,,,
attack,bread bite,compound,,,,,,,,,,metal milling machine,,,pokÃÂÃÂÃÂÃÂ£ÃÂÃÂÃÂÃÂ© ball,,,slang,trust,,,,,,,
attack helicopter,bread knife,compound bow,,,,,,,,,,metal mincer,,,polearm,,,slapped,truth,,,,,,,
attacked,break,compressed,,,,,,,,,,metal miter saw,,,poleaxe,,,slash,trying,,,,,,,
attacking,break-action shotgun,compressor,,,,,,,,,,metal moon,,,police baton,,,slaughter,tsadi,,,,,,,
attained,breastplate,compromise,,,,,,,,,,metal mop,,,police officer,,,slave,tsathoggua,,,,,,,
attempted,breath,compromised,,,,,,,,,,metal mud,,,policeman,,,slbm,tsuchigumo,,,,,,,
attempting,breech,compromising,,,,,,,,,,metal multiverse,,,polisher,,,sled,tsukubo,,,,,,,
attorney,breechloader,computer,,,,,,,,,,metal nail,,,politic,,,sledgehammer,tsukuyomi,,,,,,,
atv,briar,computer viru,,,,,,,,,,metal nail gun,,,politician,,,sleep deprivation,tsunami,,,,,,,
audience,bribery,comrade,,,,,,,,,,metal net,,,pollaxe,,,slender man,tsurugi,,,,,,,
audit,brick,con,,,,,,,,,,metal nut,,,pollution,,,slide stop,tsurumaki,,,,,,,
aunt,briefcase,concealed,,,,,,,,,,metal octagon,,,polonium,,,sling,tube,,,,,,,
authoritarian,briefcase gun,concession,,,,,,,,,,metal oven,,,polonium-210,,,sling swivel,tulwar,,,,,,,
authoritarianism,brigade,conclusion,,,,,,,,,,metal page,,,polycrystalline,,,slingshot,tumbled,,,,,,,
autocannon,broadcast,concrete,,,,,,,,,,metal paint,,,polymath,,,slipped,tungsten,,,,,,,
autocracy,broadsword,concussion grenade,,,,,,,,,,metal palette,,,polymer,,,slipper,tungsten carbide,,,,,,,
autocrat,broken,condemned,,,,,,,,,,metal panini pres,,,pomson 6000,,,slogan,turbolaser,,,,,,,
automatic weapon,broken bottle,condensed,,,,,,,,,,metal paper,,,pondered,,,sloth,turf war,,,,,,,
autonomous weapon,broken glas,conditioning,,,,,,,,,,metal paragraph,,,pool cue,,,slug,turpentine,,,,,,,
autonomy,bromine,conducting polymer,,,,,,,,,,metal peeler,,,pop-pop,,,slungshot,turquoise,,,,,,,
auxetic material,bronze,conductor,,,,,,,,,,metal pen,,,populated,,,smallpox,turret,,,,,,,
avalanche,broom,cone snail,,,,,,,,,,metal pencil,,,porcelain,,,smart bomb,tusk,,,,,,,
avoided,brown,confederation,,,,,,,,,,metal pillow,,,portal,,,smart gel,tutored,,,,,,,
award,brown hole,confidence,,,,,,,,,,metal pillow acetate,,,portal gun,,,smartphone,tutoring,,,,,,,
away,brown note,conflict,,,,,,,,,,metal pillow acrylic,,,portculli,,,smashed,twaron,,,,,,,
awl,brush,conflicted,,,,,,,,,,metal pillow aramid,,,poseidon's trident,,,smg,twin,,,,,,,
axe,bucket,confronting,,,,,,,,,,metal pillow azlon,,,position,,,smishing,twisted,,,,,,,
axino,buckle,connected,,,,,,,,,,metal pillow bamboo,,,positron,,,smoke,two,,,,,,,
axion,buckled,conquered,,,,,,,,,,metal pillow block,,,postcolonialism,,,smoke bomb,two-section staff,,,,,,,
axtinguisher,buckler,conquering,,,,,,,,,,metal pillow brick,,,postponed,,,smoke grenade,tying,,,,,,,
ayin,buckshot,conquest,,,,,,,,,,metal pillow carbon,,,pot,,,smoke screen,typed,,,,,,,
azalea,buffalo steak sandvich,conscientious objector,,,,,,,,,,metal pillow cement board,,,pot lid,,,smoke signal,typhoon,,,,,,,
azathoth,buffer overflow,consciousnes,,,,,,,,,,metal pillow ceramic,,,potassium,,,smokeless powder,tyranny,,,,,,,
azurite,buffer zone,conservation,,,,,,,,,,metal pillow concrete,,,potato cannon,,,smoothbore,tyrant,,,,,,,
,buffered,conserved,,,,,,,,,,metal pillow cotton,,,potato gun,,,smuon,,,,,,,,
,bug,conserving,,,,,,,,,,metal pillow cupro,,,pouch,,,snake,,,,,,,,
,bugle,considered,,,,,,,,,,metal pillow down,,,pouwhenua,,,snake shot,,,,,,,,
,building,consol,,,,,,,,,,metal pillow drywall,,,poverty,,,snake whip,,,,,,,,
,built,constrained,,,,,,,,,,metal pillow elastane,,,powder,,,snakewhip,,,,,,,,
,bulldozer,constructed,,,,,,,,,,metal pillow feather,,,power,,,snap,,,,,,,,
,bullet,constructing,,,,,,,,,,metal pillow fiber,,,power armor,,,snap cap,,,,,,,,
,bulletproof vest,construction,,,,,,,,,,metal pillow fiberboard,,,power fist,,,snapped,,,,,,,,
,bullpup,consul,,,,,,,,,,metal pillow filler,,,power washer,,,snapper,,,,,,,,
,bullpup rifle,consumer,,,,,,,,,,metal pillow flooring,,,powered off,,,snare,,,,,,,,
,bullwhip,contagion,,,,,,,,,,metal pillow foam,,,powerful,,,sneutrino,,,,,,,,
,bumbled,contained,,,,,,,,,,metal pillow foam board,,,powerjack,,,sniper rifle,,,,,,,,
,bunker,container,,,,,,,,,,metal pillow form,,,powerles,,,snowboard,,,,,,,,
,bureaucracy,contamination,,,,,,,,,,metal pillow gel,,,practiced,,,soap,,,,,,,,
,bureaucrat,contemplated,,,,,,,,,,metal pillow glas,,,practicing,,,social engineering,,,,,,,,
,buretsu,contemporary,,,,,,,,,,metal pillow gypsum board,,,praised,,,social media,,,,,,,,
,burglary,contempt,,,,,,,,,,metal pillow hardboard,,,praseodymium,,,socialism,,,,,,,,
,buried,continent,,,,,,,,,,metal pillow insert,,,prayer,,,socialist,,,,,,,,
,burned,continued,,,,,,,,,,metal pillow insulation,,,preceded,,,society,,,,,,,,
,burning,continuing,,,,,,,,,,metal pillow lastol,,,precipitation,,,sociologist,,,,,,,,
,burying,continuum,,,,,,,,,,metal pillow latex,,,precise,,,sociology,,,,,,,,
,bus,contract,,,,,,,,,,metal pillow lumber,,,precision,,,soda maker,,,,,,,,
,busines,contrast,,,,,,,,,,metal pillow lycra,,,predator,,,soda popper,,,,,,,,
,businessman,controlled,,,,,,,,,,metal pillow lyocell,,,predator drone,,,sode,,,,,,,,
,buster sword,controversy,,,,,,,,,,metal pillow mdf,,,predecessor,,,sodegarami,,,,,,,,
,butane,conveyed,,,,,,,,,,metal pillow memory foam,,,present,,,sodium,,,,,,,,
,butcher knife,convict,,,,,,,,,,metal pillow metal,,,preservation,,,softboard,,,,,,,,
,butchery,convoy,,,,,,,,,,metal pillow metal air,,,preserved,,,software,,,,,,,,
,butler,cooperation,,,,,,,,,,metal pillow metal angle grinder,,,preserver,,,solar flare,,,,,,,,
,butterfly knife,coordinate,,,,,,,,,,metal pillow metal archive,,,preserving,,,soldered,,,,,,,,
,butterfly sword,copernicium,,,,,,,,,,metal pillow metal axe,,,president,,,soldering iron,,,,,,,,
,button,copied,,,,,,,,,,metal pillow metal baler,,,pressure,,,soldier,,,,,,,,
,buttoned,copper,,,,,,,,,,metal pillow metal band saw,,,pressure cooker,,,solid,,,,,,,,
,buttstock,coral,,,,,,,,,,metal pillow metal bar,,,pressure cooker bomb,,,solidarity,,,,,,,,
,buying,cord,,,,,,,,,,metal pillow metal bark,,,pressure plate,,,solidified,,,,,,,,
,buzz,cordite,,,,,,,,,,metal pillow metal bed frame,,,pressure point,,,soliferrum,,,,,,,,
,bypassed,core,,,,,,,,,,metal pillow metal bed rail,,,pretended,,,solved,,,,,,,,
,byproduct,corkscrew,,,,,,,,,,metal pillow metal bed slat,,,pretexting,,,solvent,,,,,,,,
,bystander,coronal mass ejection,,,,,,,,,,metal pillow metal bed spring,,,pretty boy's pocket pistol,,,soman,,,,,,,,
,bz,corp,,,,,,,,,,metal pillow metal bit,,,prevented,,,sonar,,,,,,,,
,,corporal,,,,,,,,,,metal pillow metal blanket,,,prey,,,song,,,,,,,,
,,corporation,,,,,,,,,,metal pillow metal blender,,,priced,,,sonic weapon,,,,,,,,
,,correct,,,,,,,,,,metal pillow metal blowtorch,,,pride,,,sororicide,,,,,,,,
,,correction,,,,,,,,,,metal pillow metal bolt,,,primary,,,sought,,,,,,,,
,,correspondent,,,,,,,,,,metal pillow metal book,,,prime minister,,,soul,,,,,,,,
,,corroded,,,,,,,,,,metal pillow metal box cutter,,,primer,,,soul calibur,,,,,,,,
,,corroding,,,,,,,,,,metal pillow metal box spring,,,prince,,,soul eater,,,,,,,,
,,corruption,,,,,,,,,,metal pillow metal bracket,,,princes,,,soul edge,,,,,,,,
,,corseque,,,,,,,,,,metal pillow metal branch,,,printed,,,sound,,,,,,,,
,,corundum,,,,,,,,,,metal pillow metal brush,,,printer,,,southern hospitality,,,,,,,,
,,corvette,,,,,,,,,,metal pillow metal bucket,,,prion,,,sovereignty,,,,,,,,
,,cosh,,,,,,,,,,metal pillow metal cable,,,prism,,,sown,,,,,,,,
,,cosmic cube,,,,,,,,,,metal pillow metal canva,,,prison,,,space,,,,,,,,
,,cosmic ray,,,,,,,,,,metal pillow metal carpet cleaner,,,prisoner,,,space force guardian,,,,,,,,
,,cosmo,,,,,,,,,,metal pillow metal chain,,,prisoner of war,,,space war,,,,,,,,
,,cosmology,,,,,,,,,,metal pillow metal chainsaw,,,private,,,spaceship,,,,,,,,
,,cosmonaut,,,,,,,,,,metal pillow metal chalk,,,private military company,,,spark gap transmitter,,,,,,,,
,,cosmopolitanism,,,,,,,,,,metal pillow metal chopper,,,prize,,,sparkler,,,,,,,,
,,cost,,,,,,,,,,metal pillow metal circle,,,probability,,,spartan laser,,,,,,,,
,,counselor,,,,,,,,,,metal pillow metal circular saw,,,probationer,,,spatha,,,,,,,,
,,count,,,,,,,,,,metal pillow metal clamp,,,prodigy,,,spatial,,,,,,,,
,,counted,,,,,,,,,,metal pillow metal clip,,,producer,,,spationaut,,,,,,,,
,,counterattack,,,,,,,,,,metal pillow metal cloth,,,producing,,,spear,,,,,,,,
,,counterfeited,,,,,,,,,,metal pillow metal club,,,product,,,spear of destiny,,,,,,,,
,,counterinsurgency,,,,,,,,,,metal pillow metal coffee grinder,,,production,,,spear phishing,,,,,,,,
,,countes,,,,,,,,,,metal pillow metal coffee maker,,,professor,,,spear-thrower,,,,,,,,
,,country,,,,,,,,,,metal pillow metal colander,,,program,,,speargun,,,,,,,,
,,coup,,,,,,,,,,metal pillow metal compactor,,,progressed,,,spearhead,,,,,,,,
,,coup d'ÃÂÃÂÃÂÃÂ£ÃÂÃÂÃÂÃÂ©tat,,,,,,,,,,metal pillow metal concept,,,progressing,,,specialist,,,,,,,,
,,coupled,,,,,,,,,,metal pillow metal corer,,,projectile,,,species,,,,,,,,
,,courage,,,,,,,,,,metal pillow metal corner knife,,,promethium,,,specific,,,,,,,,
,,course,,,,,,,,,,metal pillow metal crayon,,,promoted,,,spectator,,,,,,,,
,,cousin,,,,,,,,,,metal pillow metal cros,,,propaganda,,,spectra,,,,,,,,
,,covered,,,,,,,,,,metal pillow metal crusher,,,propagandist,,,speculating,,,,,,,,
,,covert,,,,,,,,,,metal pillow metal cutter,,,propane,,,speculation,,,,,,,,
,,cowhide,,,,,,,,,,metal pillow metal deep fryer,,,prophecy,,,speech,,,,,,,,
,,cr ga,,,,,,,,,,metal pillow metal diamond,,,prophet,,,speed,,,,,,,,
,,cracked,,,,,,,,,,metal pillow metal dicer,,,prosecuted,,,spell,,,,,,,,
,,cracker,,,,,,,,,,metal pillow metal dimension,,,prosecuting,,,spetum,,,,,,,,
,,cracking,,,,,,,,,,metal pillow metal dirt,,,prosecutor,,,sphinx,,,,,,,,
,,craftsman,,,,,,,,,,metal pillow metal dishwasher,,,protactinium,,,spider,,,,,,,,
,,crane,,,,,,,,,,metal pillow metal document,,,protagonist,,,spike,,,,,,,,
,,crank,,,,,,,,,,metal pillow metal dream,,,protected,,,spiked shield,,,,,,,,
,,crashed,,,,,,,,,,metal pillow metal drill,,,protecting,,,spiker,,,,,,,,
,,crashing,,,,,,,,,,metal pillow metal drill pres,,,protection,,,spin doctor,,,,,,,,
,,crate,,,,,,,,,,metal pillow metal dryer,,,protection money,,,spine,,,,,,,,
,,crawled,,,,,,,,,,metal pillow metal drywall knife,,,protectionism,,,spiraled,,,,,,,,
,,created,,,,,,,,,,metal pillow metal earth,,,proteome,,,spiraling,,,,,,,,
,,creating,,,,,,,,,,metal pillow metal easel,,,protest,,,spirit,,,,,,,,
,,creation,,,,,,,,,,metal pillow metal electric kettle,,,protested,,,spirituality,,,,,,,,
,,creator,,,,,,,,,,metal pillow metal espresso machine,,,protist,,,spiritualized,,,,,,,,
,,credit card knife,,,,,,,,,,metal pillow metal eye,,,proton,,,spit,,,,,,,,
,,crenellation,,,,,,,,,,metal pillow metal file,,,proton cannon,,,spite,,,,,,,,
,,crest,,,,,,,,,,metal pillow metal filter,,,proton pack,,,spoil,,,,,,,,
,,cricket bat,,,,,,,,,,metal pillow metal fire,,,proton torpedo,,,spoiling,,,,,,,,
,,crime against humanity,,,,,,,,,,metal pillow metal floor buffer,,,proximity mine,,,spoke,,,,,,,,
,,crimp,,,,,,,,,,metal pillow metal flower,,,proxy,,,sponge,,,,,,,,
,,crit-a-cola,,,,,,,,,,metal pillow metal folder,,,proxy war,,,spontoon,,,,,,,,
,,critic,,,,,,,,,,metal pillow metal food processor,,,pruned,,,spoofing device,,,,,,,,
,,criticized,,,,,,,,,,metal pillow metal footboard,,,pruning shear,,,spoon,,,,,,,,
,,cro,,,,,,,,,,metal pillow metal fork,,,pry bar,,,sported,,,,,,,,
,,crochet,,,,,,,,,,metal pillow metal freezer,,,psi,,,spouse,,,,,,,,
,,crop,,,,,,,,,,metal pillow metal funnel,,,psychiatrist,,,spray,,,,,,,,
,,cross,,,,,,,,,,metal pillow metal galaxy,,,psychological operation,,,sprayer,,,,,,,,
,,cross-site scripting,,,,,,,,,,metal pillow metal garbage disposal,,,psychological war,,,spreadsheet,,,,,,,,
,,crossbow,,,,,,,,,,metal pillow metal grate,,,psychological warfare,,,spring,,,,,,,,
,,crossbow bolt,,,,,,,,,,metal pillow metal grater,,,psychologist,,,springald,,,,,,,,
,,crossbow pistol,,,,,,,,,,metal pillow metal grill,,,psychology,,,spud gun,,,,,,,,
,,crowbar,,,,,,,,,,metal pillow metal hammer,,,psyop,,,spy,,,,,,,,
,,crowd,,,,,,,,,,metal pillow metal handle,,,public,,,spycicle,,,,,,,,
,,crown,,,,,,,,,,metal pillow metal hatchet,,,public relation,,,spyware,,,,,,,,
,,crucible,,,,,,,,,,metal pillow metal headboard,,,published,,,sql injection,,,,,,,,
,,crucifixion,,,,,,,,,,metal pillow metal heart,,,publisher,,,squad,,,,,,,,
,,cruise missile,,,,,,,,,,metal pillow metal hedge clipper,,,pudao,,,squandering,,,,,,,,
,,cruiser,,,,,,,,,,metal pillow metal hexagon,,,pufferfish,,,square bomb,,,,,,,,
,,crumbled,,,,,,,,,,metal pillow metal hinge,,,pugio,,,squark,,,,,,,,
,,crusade,,,,,,,,,,metal pillow metal hook,,,pulled,,,squeegee,,,,,,,,
,,crush,,,,,,,,,,metal pillow metal hot glue gun,,,pulley,,,squid,,,,,,,,
,,crust,,,,,,,,,,metal pillow metal ice,,,pulling,,,squire,,,,,,,,
,,cryogel,,,,,,,,,,metal pillow metal ice maker,,,pulse rifle,,,squirt gun,,,,,,,,
,,cryoni,,,,,,,,,,metal pillow metal idea,,,pulsed energy projectile,,,stab,,,,,,,,
,,cryptocurrency,,,,,,,,,,metal pillow metal jigsaw,,,pulwar,,,stabbed,,,,,,,,
,,cryptojacking,,,,,,,,,,metal pillow metal joint knife,,,pummeled,,,staff,,,,,,,,
,,crystal,,,,,,,,,,metal pillow metal key,,,pump,,,staff sling,,,,,,,,
,,crystalline solid,,,,,,,,,,metal pillow metal knife,,,pump-action shotgun,,,stake,,,,,,,,
,,crystallized,,,,,,,,,,metal pillow metal knob,,,punched,,,stakeholder,,,,,,,,
,,cs ga,,,,,,,,,,metal pillow metal ladle,,,pundit,,,stalemate,,,,,,,,
,,cthugha,,,,,,,,,,metal pillow metal latch,,,punishment,,,stalemated,,,,,,,,
,,cthulhu,,,,,,,,,,metal pillow metal lathe,,,punji stick,,,stalemating,,,,,,,,
,,cudgel,,,,,,,,,,metal pillow metal leaf,,,punk,,,stalking,,,,,,,,
,,cuira,,,,,,,,,,metal pillow metal library,,,punt gun,,,stamina,,,,,,,,
,,cuiras,,,,,,,,,,metal pillow metal lock,,,purgatory,,,standard,,,,,,,,
,,cultivated,,,,,,,,,,metal pillow metal loop,,,purple,,,staphylococcal enterotoxin b,,,,,,,,
,,culture,,,,,,,,,,metal pillow metal mallet,,,purple hole,,,staple gun,,,,,,,,
,,culverin,,,,,,,,,,metal pillow metal marker,,,push dagger,,,stapled,,,,,,,,
,,curare,,,,,,,,,,metal pillow metal mattres,,,pushed,,,star,,,,,,,,
,,curator,,,,,,,,,,metal pillow metal mattress cover,,,pushing,,,star crimp,,,,,,,,
,,cured,,,,,,,,,,metal pillow metal mattress encasement,,,pyrite,,,starkiller base,,,,,,,,
,,curium,,,,,,,,,,metal pillow metal mattress pad,,,pyroelectric material,,,started,,,,,,,,
,,currency war,,,,,,,,,,metal pillow metal mattress protector,,,pyrogel,,,starter pistol,,,,,,,,
,,curse,,,,,,,,,,metal pillow metal mattress topper,,,,,,starting,,,,,,,,
,,cursed blade,,,,,,,,,,metal pillow metal meat grinder,,,,,,startup,,,,,,,,
,,cursed dagger,,,,,,,,,,metal pillow metal mesh,,,,,,starvation,,,,,,,,
,,curtana,,,,,,,,,,metal pillow metal microwave,,,,,,stasi,,,,,,,,
,,curvaton,,,,,,,,,,metal pillow metal mill,,,,,,state,,,,,,,,
,,cushion wad,,,,,,,,,,metal pillow metal milling machine,,,,,,state actor,,,,,,,,
,,custom,,,,,,,,,,metal pillow metal mincer,,,,,,statesman,,,,,,,,
,,customer,,,,,,,,,,metal pillow metal miter saw,,,,,,stau,,,,,,,,
,,cut,,,,,,,,,,metal pillow metal moon,,,,,,stayed,,,,,,,,
,,cut off,,,,,,,,,,metal pillow metal mop,,,,,,steady state,,,,,,,,
,,cutla,,,,,,,,,,metal pillow metal mud,,,,,,steak knife,,,,,,,,
,,cutlas,,,,,,,,,,metal pillow metal multiverse,,,,,,stealing,,,,,,,,
,,cyan,,,,,,,,,,metal pillow metal nail,,,,,,steam cleaner,,,,,,,,
,,cyanide,,,,,,,,,,metal pillow metal nail gun,,,,,,steel,,,,,,,,
,,cyanide pill,,,,,,,,,,metal pillow metal net,,,,,,steel whip,,,,,,,,
,,cyanogen chloride,,,,,,,,,,metal pillow metal nut,,,,,,steered,,,,,,,,
,,cyber attack,,,,,,,,,,metal pillow metal octagon,,,,,,stepdaughter,,,,,,,,
,,cyber war,,,,,,,,,,metal pillow metal oven,,,,,,stepfather,,,,,,,,
,,cyber weapon,,,,,,,,,,metal pillow metal page,,,,,,stepmother,,,,,,,,
,,cyberattack,,,,,,,,,,metal pillow metal paint,,,,,,stepson,,,,,,,,
,,cyberbullying,,,,,,,,,,metal pillow metal palette,,,,,,stick,,,,,,,,
,,cyberweapon,,,,,,,,,,metal pillow metal panini pres,,,,,,sticky bomb,,,,,,,,
,,cyborg,,,,,,,,,,metal pillow metal paper,,,,,,stickybomb launcher,,,,,,,,
,,cycle,,,,,,,,,,metal pillow metal paragraph,,,,,,stiletto,,,,,,,,
,,cycled,,,,,,,,,,metal pillow metal peeler,,,,,,stilt,,,,,,,,
,,cyclic model,,,,,,,,,,metal pillow metal pen,,,,,,sting,,,,,,,,
,,cycling,,,,,,,,,,metal pillow metal pencil,,,,,,stinger,,,,,,,,
,,cyclone,,,,,,,,,,metal pillow metal pillow,,,,,,stinging nettle,,,,,,,,
,,cyclop,,,,,,,,,,metal pillow metal pillow bamboo,,,,,,stock,,,,,,,,
,,cylinder,,,,,,,,,,metal pillow metal pillow cotton,,,,,,stock whip,,,,,,,,
,,cynicism,,,,,,,,,,metal pillow metal pillow down,,,,,,stockade,,,,,,,,
,,,,,,,,,,,,metal pillow metal pillow elastane,,,,,,stockpiled,,,,,,,,
,,,,,,,,,,,,metal pillow metal pillow feather,,,,,,stockwhip,,,,,,,,
,,,,,,,,,,,,metal pillow metal pillow fiber,,,,,,stoicism,,,,,,,,
,,,,,,,,,,,,metal pillow metal pillow filler,,,,,,stone,,,,,,,,
,,,,,,,,,,,,metal pillow metal pillow foam,,,,,,stonefish,,,,,,,,
,,,,,,,,,,,,metal pillow metal pillow form,,,,,,stoning,,,,,,,,
,,,,,,,,,,,,metal pillow metal pillow gel,,,,,,stop,,,,,,,,
,,,,,,,,,,,,metal pillow metal pillow insert,,,,,,stopped,,,,,,,,
,,,,,,,,,,,,metal pillow metal pillow latex,,,,,,stopping,,,,,,,,
,,,,,,,,,,,,metal pillow metal pillow lycra,,,,,,stored,,,,,,,,
,,,,,,,,,,,,metal pillow metal pillow memory foam,,,,,,storm,,,,,,,,
,,,,,,,,,,,,metal pillow metal pillow microfiber,,,,,,stormbreaker,,,,,,,,
,,,,,,,,,,,,metal pillow metal pillow nylon,,,,,,story,,,,,,,,
,,,,,,,,,,,,metal pillow metal pillow polyester,,,,,,stove,,,,,,,,
,,,,,,,,,,,,metal pillow metal pillow polyethylene,,,,,,strange matter,,,,,,,,
,,,,,,,,,,,,metal pillow metal pillow polyurethane,,,,,,stranger,,,,,,,,
,,,,,,,,,,,,metal pillow metal pillow protector,,,,,,strangled,,,,,,,,
,,,,,,,,,,,,metal pillow metal pillow rayon,,,,,,strangulation,,,,,,,,
,,,,,,,,,,,,metal pillow metal pillow sham,,,,,,strap,,,,,,,,
,,,,,,,,,,,,metal pillow metal pillow silk,,,,,,strapped,,,,,,,,
,,,,,,,,,,,,metal pillow metal pillow spandex,,,,,,streamed,,,,,,,,
,,,,,,,,,,,,metal pillow metal pillow stuffing,,,,,,strength,,,,,,,,
,,,,,,,,,,,,metal pillow metal pillow wool,,,,,,stress position,,,,,,,,
,,,,,,,,,,,,metal pillow metal pillowcase,,,,,,strike,,,,,,,,
,,,,,,,,,,,,metal pillow metal pin,,,,,,striker,,,,,,,,
,,,,,,,,,,,,metal pillow metal pipe,,,,,,string,,,,,,,,
,,,,,,,,,,,,metal pillow metal planet,,,,,,strived,,,,,,,,
,,,,,,,,,,,,metal pillow metal plate,,,,,,striving,,,,,,,,
,,,,,,,,,,,,metal pillow metal plier,,,,,,strobe,,,,,,,,
,,,,,,,,,,,,metal pillow metal polisher,,,,,,strong,,,,,,,,
,,,,,,,,,,,,metal pillow metal power washer,,,,,,strong force,,,,,,,,
,,,,,,,,,,,,metal pillow metal pres,,,,,,stronghold,,,,,,,,
,,,,,,,,,,,,metal pillow metal pressure cooker,,,,,,strontium,,,,,,,,
,,,,,,,,,,,,metal pillow metal pruning shear,,,,,,strontium-90,,,,,,,,
,,,,,,,,,,,,metal pillow metal pull,,,,,,struggled,,,,,,,,
,,,,,,,,,,,,metal pillow metal putty knife,,,,,,struggling,,,,,,,,
,,,,,,,,,,,,metal pillow metal rag,,,,,,strychnine,,,,,,,,
,,,,,,,,,,,,metal pillow metal rasp,,,,,,stuck,,,,,,,,
,,,,,,,,,,,,metal pillow metal razor blade,,,,,,student,,,,,,,,
,,,,,,,,,,,,metal pillow metal reality,,,,,,stumbled,,,,,,,,
,,,,,,,,,,,,metal pillow metal reciprocating saw,,,,,,stun baton,,,,,,,,
,,,,,,,,,,,,metal pillow metal record,,,,,,stun bomb,,,,,,,,
,,,,,,,,,,,,metal pillow metal rectangle,,,,,,stun grenade,,,,,,,,
,,,,,,,,,,,,metal pillow metal refrigerator,,,,,,stun gun,,,,,,,,
,,,,,,,,,,,,metal pillow metal ring,,,,,,stupidity,,,,,,,,
,,,,,,,,,,,,metal pillow metal rivet,,,,,,stylist,,,,,,,,
,,,,,,,,,,,,metal pillow metal rock,,,,,,su yari,,,,,,,,
,,,,,,,,,,,,metal pillow metal rod,,,,,,subject,,,,,,,,
,,,,,,,,,,,,metal pillow metal root,,,,,,subjective,,,,,,,,
,,,,,,,,,,,,metal pillow metal sand,,,,,,subjugation,,,,,,,,
,,,,,,,,,,,,metal pillow metal saw,,,,,,submachinegun,,,,,,,,
,,,,,,,,,,,,metal pillow metal scalpel,,,,,,submarine,,,,,,,,
,,,,,,,,,,,,metal pillow metal scraper,,,,,,submerged,,,,,,,,
,,,,,,,,,,,,metal pillow metal screen,,,,,,subpoena,,,,,,,,
,,,,,,,,,,,,metal pillow metal screw,,,,,,subscribed,,,,,,,,
,,,,,,,,,,,,metal pillow metal scrubber,,,,,,subspace,,,,,,,,
,,,,,,,,,,,,metal pillow metal sentence,,,,,,subversion,,,,,,,,
,,,,,,,,,,,,metal pillow metal shear,,,,,,succeeded,,,,,,,,
,,,,,,,,,,,,metal pillow metal sheet,,,,,,succeeding,,,,,,,,
,,,,,,,,,,,,metal pillow metal shredder,,,,,,succes,,,,,,,,
,,,,,,,,,,,,metal pillow metal sieve,,,,,,successor,,,,,,,,
,,,,,,,,,,,,metal pillow metal sky,,,,,,succubu,,,,,,,,
,,,,,,,,,,,,metal pillow metal sledge,,,,,,sued,,,,,,,,
,,,,,,,,,,,,metal pillow metal slicer,,,,,,suffocated,,,,,,,,
,,,,,,,,,,,,metal pillow metal snip,,,,,,suffocation,,,,,,,,
,,,,,,,,,,,,metal pillow metal soda maker,,,,,,sugar dust,,,,,,,,
,,,,,,,,,,,,metal pillow metal soldering iron,,,,,,sugar snake,,,,,,,,
,,,,,,,,,,,,metal pillow metal spade,,,,,,suicide,,,,,,,,
,,,,,,,,,,,,metal pillow metal spatula,,,,,,suicide vest,,,,,,,,
,,,,,,,,,,,,metal pillow metal sponge,,,,,,suiko,,,,,,,,
,,,,,,,,,,,,metal pillow metal spoon,,,,,,suing,,,,,,,,
,,,,,,,,,,,,metal pillow metal square,,,,,,suinin,,,,,,,,
,,,,,,,,,,,,metal pillow metal squeegee,,,,,,suitcase,,,,,,,,
,,,,,,,,,,,,metal pillow metal staple gun,,,,,,suitcase nuke,,,,,,,,
,,,,,,,,,,,,metal pillow metal star,,,,,,suizei,,,,,,,,
,,,,,,,,,,,,metal pillow metal steam,,,,,,sujin,,,,,,,,
,,,,,,,,,,,,metal pillow metal steam cleaner,,,,,,sukunabikona,,,,,,,,
,,,,,,,,,,,,metal pillow metal stone,,,,,,sulfur,,,,,,,,
,,,,,,,,,,,,metal pillow metal stove,,,,,,sumo,,,,,,,,
,,,,,,,,,,,,metal pillow metal strainer,,,,,,sun,,,,,,,,
,,,,,,,,,,,,metal pillow metal sun,,,,,,sun-on-a-stick,,,,,,,,
,,,,,,,,,,,,metal pillow metal sweeper,,,,,,suneate,,,,,,,,
,,,,,,,,,,,,metal pillow metal table saw,,,,,,sunken,,,,,,,,
,,,,,,,,,,,,metal pillow metal taping knife,,,,,,super shotgun,,,,,,,,
,,,,,,,,,,,,metal pillow metal tea pot,,,,,,supercluster,,,,,,,,
,,,,,,,,,,,,metal pillow metal thought,,,,,,superfluid,,,,,,,,
,,,,,,,,,,,,metal pillow metal toaster,,,,,,superhero,,,,,,,,
,,,,,,,,,,,,metal pillow metal tong,,,,,,superintelligence,,,,,,,,
,,,,,,,,,,,,metal pillow metal towel,,,,,,superlaser,,,,,,,,
,,,,,,,,,,,,metal pillow metal triangle,,,,,,supernova,,,,,,,,
,,,,,,,,,,,,metal pillow metal trowel,,,,,,supersolid,,,,,,,,
,,,,,,,,,,,,metal pillow metal trunk,,,,,,supervillain,,,,,,,,
,,,,,,,,,,,,metal pillow metal tube,,,,,,supervolcano,,,,,,,,
,,,,,,,,,,,,metal pillow metal universe,,,,,,supply,,,,,,,,
,,,,,,,,,,,,metal pillow metal utility knife,,,,,,supply line,,,,,,,,
,,,,,,,,,,,,metal pillow metal vacuum cleaner,,,,,,supported,,,,,,,,
,,,,,,,,,,,,metal pillow metal vine,,,,,,supporting,,,,,,,,
,,,,,,,,,,,,metal pillow metal waffle iron,,,,,,suppression,,,,,,,,
,,,,,,,,,,,,metal pillow metal washer,,,,,,suppressor,,,,,,,,
,,,,,,,,,,,,metal pillow metal washing machine,,,,,,supranationalism,,,,,,,,
,,,,,,,,,,,,metal pillow metal water,,,,,,surface-to-air missile,,,,,,,,
,,,,,,,,,,,,metal pillow metal water dispenser,,,,,,surfboard,,,,,,,,
,,,,,,,,,,,,metal pillow metal welding torch,,,,,,surgeon,,,,,,,,
,,,,,,,,,,,,metal pillow metal whisk,,,,,,surrender,,,,,,,,
,,,,,,,,,,,,metal pillow metal wire,,,,,,surrendered,,,,,,,,
,,,,,,,,,,,,metal pillow metal wood,,,,,,surrendering,,,,,,,,
,,,,,,,,,,,,metal pillow metal word,,,,,,suruchin,,,,,,,,
,,,,,,,,,,,,metal pillow metal wrench,,,,,,surujin,,,,,,,,
,,,,,,,,,,,,metal pillow metal x-acto knife,,,,,,surveillance,,,,,,,,
,,,,,,,,,,,,metal pillow microfiber,,,,,,survival,,,,,,,,
,,,,,,,,,,,,metal pillow modacrylic,,,,,,survival knife,,,,,,,,
,,,,,,,,,,,,metal pillow modal,,,,,,survivor,,,,,,,,
,,,,,,,,,,,,metal pillow novoloid,,,,,,susanoo,,,,,,,,
,,,,,,,,,,,,metal pillow nylon,,,,,,sushun,,,,,,,,
,,,,,,,,,,,,metal pillow olefin,,,,,,suspect,,,,,,,,
,,,,,,,,,,,,metal pillow osb,,,,,,suspended,,,,,,,,
,,,,,,,,,,,,metal pillow particle board,,,,,,suspicion,,,,,,,,
,,,,,,,,,,,,metal pillow plaster,,,,,,sustainability,,,,,,,,
,,,,,,,,,,,,metal pillow plastic board,,,,,,sutoku,,,,,,,,
,,,,,,,,,,,,metal pillow plywood,,,,,,suzaku,,,,,,,,
,,,,,,,,,,,,metal pillow polycarbonate,,,,,,swam,,,,,,,,
,,,,,,,,,,,,metal pillow polyester,,,,,,swamp buggy,,,,,,,,
,,,,,,,,,,,,metal pillow polyethylene,,,,,,swatting,,,,,,,,
,,,,,,,,,,,,metal pillow polypropylene,,,,,,sweeper,,,,,,,,
,,,,,,,,,,,,metal pillow polystyrene,,,,,,swimming,,,,,,,,
,,,,,,,,,,,,metal pillow polyurethane,,,,,,swindle,,,,,,,,
,,,,,,,,,,,,metal pillow protector,,,,,,swiped,,,,,,,,
,,,,,,,,,,,,metal pillow rayon,,,,,,swiss army knife,,,,,,,,
,,,,,,,,,,,,metal pillow roofing,,,,,,switch,,,,,,,,
,,,,,,,,,,,,metal pillow sham,,,,,,switchblade,,,,,,,,
,,,,,,,,,,,,metal pillow siding,,,,,,sword,,,,,,,,
,,,,,,,,,,,,metal pillow silk,,,,,,sword cane,,,,,,,,
,,,,,,,,,,,,metal pillow softboard,,,,,,sword of gryffindor,,,,,,,,
,,,,,,,,,,,,metal pillow spandex,,,,,,swordfish,,,,,,,,
,,,,,,,,,,,,metal pillow stone,,,,,,swordstick,,,,,,,,
,,,,,,,,,,,,metal pillow stuffing,,,,,,symbiont,,,,,,,,
,,,,,,,,,,,,metal pillow tile,,,,,,symbol,,,,,,,,
,,,,,,,,,,,,metal pillow triacetate,,,,,,sympathy,,,,,,,,
,,,,,,,,,,,,metal pillow vinal,,,,,,synthesi,,,,,,,,
,,,,,,,,,,,,metal pillow vinyon,,,,,,synthesized,,,,,,,,
,,,,,,,,,,,,metal pillow viscose,,,,,,synthesizing,,,,,,,,
,,,,,,,,,,,,metal pillow wood,,,,,,synthetic,,,,,,,,
,,,,,,,,,,,,metal pillow wool,,,,,,syringe,,,,,,,,
,,,,,,,,,,,,metal pillowcase,,,,,,,,,,,,,,
,,,,,,,,,,,,metal pin,,,,,,,,,,,,,,
,,,,,,,,,,,,metal pipe,,,,,,,,,,,,,,
,,,,,,,,,,,,metal planet,,,,,,,,,,,,,,
,,,,,,,,,,,,metal plate,,,,,,,,,,,,,,
,,,,,,,,,,,,metal plier,,,,,,,,,,,,,,
,,,,,,,,,,,,metal polisher,,,,,,,,,,,,,,
,,,,,,,,,,,,metal power washer,,,,,,,,,,,,,,
,,,,,,,,,,,,metal pres,,,,,,,,,,,,,,
,,,,,,,,,,,,metal pressure cooker,,,,,,,,,,,,,,
,,,,,,,,,,,,metal pruning shear,,,,,,,,,,,,,,
,,,,,,,,,,,,metal pull,,,,,,,,,,,,,,
,,,,,,,,,,,,metal putty knife,,,,,,,,,,,,,,
,,,,,,,,,,,,metal rag,,,,,,,,,,,,,,
,,,,,,,,,,,,metal rasp,,,,,,,,,,,,,,
,,,,,,,,,,,,metal razor blade,,,,,,,,,,,,,,
,,,,,,,,,,,,metal reality,,,,,,,,,,,,,,
,,,,,,,,,,,,metal reciprocating saw,,,,,,,,,,,,,,
,,,,,,,,,,,,metal record,,,,,,,,,,,,,,
,,,,,,,,,,,,metal rectangle,,,,,,,,,,,,,,
,,,,,,,,,,,,metal refrigerator,,,,,,,,,,,,,,
,,,,,,,,,,,,metal ring,,,,,,,,,,,,,,
,,,,,,,,,,,,metal rivet,,,,,,,,,,,,,,
,,,,,,,,,,,,metal rock,,,,,,,,,,,,,,
,,,,,,,,,,,,metal rod,,,,,,,,,,,,,,
,,,,,,,,,,,,metal root,,,,,,,,,,,,,,
,,,,,,,,,,,,metal sand,,,,,,,,,,,,,,
,,,,,,,,,,,,metal saw,,,,,,,,,,,,,,
,,,,,,,,,,,,metal scalpel,,,,,,,,,,,,,,
,,,,,,,,,,,,metal scraper,,,,,,,,,,,,,,
,,,,,,,,,,,,metal screen,,,,,,,,,,,,,,
,,,,,,,,,,,,metal screw,,,,,,,,,,,,,,
,,,,,,,,,,,,metal scrubber,,,,,,,,,,,,,,
,,,,,,,,,,,,metal sentence,,,,,,,,,,,,,,
,,,,,,,,,,,,metal shear,,,,,,,,,,,,,,
,,,,,,,,,,,,metal sheet,,,,,,,,,,,,,,
,,,,,,,,,,,,metal shredder,,,,,,,,,,,,,,
,,,,,,,,,,,,metal sieve,,,,,,,,,,,,,,
,,,,,,,,,,,,metal sky,,,,,,,,,,,,,,
,,,,,,,,,,,,metal sledge,,,,,,,,,,,,,,
,,,,,,,,,,,,metal slicer,,,,,,,,,,,,,,
,,,,,,,,,,,,metal snip,,,,,,,,,,,,,,
,,,,,,,,,,,,metal soda maker,,,,,,,,,,,,,,
,,,,,,,,,,,,metal soldering iron,,,,,,,,,,,,,,
,,,,,,,,,,,,metal spade,,,,,,,,,,,,,,
,,,,,,,,,,,,metal spatula,,,,,,,,,,,,,,
,,,,,,,,,,,,metal sponge,,,,,,,,,,,,,,
,,,,,,,,,,,,metal spoon,,,,,,,,,,,,,,
,,,,,,,,,,,,metal square,,,,,,,,,,,,,,
,,,,,,,,,,,,metal squeegee,,,,,,,,,,,,,,
,,,,,,,,,,,,metal staple gun,,,,,,,,,,,,,,
,,,,,,,,,,,,metal star,,,,,,,,,,,,,,
,,,,,,,,,,,,metal steam,,,,,,,,,,,,,,
,,,,,,,,,,,,metal steam cleaner,,,,,,,,,,,,,,
,,,,,,,,,,,,metal stone,,,,,,,,,,,,,,
,,,,,,,,,,,,metal stove,,,,,,,,,,,,,,
,,,,,,,,,,,,metal strainer,,,,,,,,,,,,,,
,,,,,,,,,,,,metal sun,,,,,,,,,,,,,,
,,,,,,,,,,,,metal sweeper,,,,,,,,,,,,,,
,,,,,,,,,,,,metal table saw,,,,,,,,,,,,,,
,,,,,,,,,,,,metal taping knife,,,,,,,,,,,,,,
,,,,,,,,,,,,metal tea pot,,,,,,,,,,,,,,
,,,,,,,,,,,,metal thought,,,,,,,,,,,,,,
,,,,,,,,,,,,metal toaster,,,,,,,,,,,,,,
,,,,,,,,,,,,metal tong,,,,,,,,,,,,,,
,,,,,,,,,,,,metal towel,,,,,,,,,,,,,,
,,,,,,,,,,,,metal triangle,,,,,,,,,,,,,,
,,,,,,,,,,,,metal trowel,,,,,,,,,,,,,,
,,,,,,,,,,,,metal trunk,,,,,,,,,,,,,,
,,,,,,,,,,,,metal tube,,,,,,,,,,,,,,
,,,,,,,,,,,,metal universe,,,,,,,,,,,,,,
,,,,,,,,,,,,metal utility knife,,,,,,,,,,,,,,
,,,,,,,,,,,,metal vacuum cleaner,,,,,,,,,,,,,,
,,,,,,,,,,,,metal vine,,,,,,,,,,,,,,
,,,,,,,,,,,,metal waffle iron,,,,,,,,,,,,,,
,,,,,,,,,,,,metal washer,,,,,,,,,,,,,,
,,,,,,,,,,,,metal washing machine,,,,,,,,,,,,,,
,,,,,,,,,,,,metal water,,,,,,,,,,,,,,
,,,,,,,,,,,,metal water dispenser,,,,,,,,,,,,,,
,,,,,,,,,,,,metal welding torch,,,,,,,,,,,,,,
,,,,,,,,,,,,metal whisk,,,,,,,,,,,,,,
,,,,,,,,,,,,metal wire,,,,,,,,,,,,,,
,,,,,,,,,,,,metal wood,,,,,,,,,,,,,,
,,,,,,,,,,,,metal word,,,,,,,,,,,,,,
,,,,,,,,,,,,metal wrench,,,,,,,,,,,,,,
,,,,,,,,,,,,metal x-acto knife,,,,,,,,,,,,,,
,,,,,,,,,,,,metamaterial,,,,,,,,,,,,,,
,,,,,,,,,,,,metamorphosed,,,,,,,,,,,,,,
,,,,,,,,,,,,metaphor,,,,,,,,,,,,,,
,,,,,,,,,,,,metaphysic,,,,,,,,,,,,,,
,,,,,,,,,,,,metaversal,,,,,,,,,,,,,,
,,,,,,,,,,,,metaverse,,,,,,,,,,,,,,
,,,,,,,,,,,,meteor,,,,,,,,,,,,,,
,,,,,,,,,,,,meteor hammer,,,,,,,,,,,,,,
,,,,,,,,,,,,meteor rod,,,,,,,,,,,,,,
,,,,,,,,,,,,meteorite,,,,,,,,,,,,,,
,,,,,,,,,,,,methane,,,,,,,,,,,,,,
,,,,,,,,,,,,metsubushi,,,,,,,,,,,,,,
,,,,,,,,,,,,microbiome,,,,,,,,,,,,,,
,,,,,,,,,,,,microwave,,,,,,,,,,,,,,
,,,,,,,,,,,,microwave weapon,,,,,,,,,,,,,,
,,,,,,,,,,,,migration,,,,,,,,,,,,,,
,,,,,,,,,,,,mike,,,,,,,,,,,,,,
,,,,,,,,,,,,militarism,,,,,,,,,,,,,,
,,,,,,,,,,,,military flail,,,,,,,,,,,,,,
,,,,,,,,,,,,military fork,,,,,,,,,,,,,,
,,,,,,,,,,,,military pick,,,,,,,,,,,,,,
,,,,,,,,,,,,militia,,,,,,,,,,,,,,
,,,,,,,,,,,,millennium,,,,,,,,,,,,,,
,,,,,,,,,,,,milling machine,,,,,,,,,,,,,,
,,,,,,,,,,,,million,,,,,,,,,,,,,,
,,,,,,,,,,,,milluplet,,,,,,,,,,,,,,
,,,,,,,,,,,,mind,,,,,,,,,,,,,,
,,,,,,,,,,,,mind control,,,,,,,,,,,,,,
,,,,,,,,,,,,mindfulnes,,,,,,,,,,,,,,
,,,,,,,,,,,,mine,,,,,,,,,,,,,,
,,,,,,,,,,,,mine plow,,,,,,,,,,,,,,
,,,,,,,,,,,,mine roller,,,,,,,,,,,,,,
,,,,,,,,,,,,minecart,,,,,,,,,,,,,,
,,,,,,,,,,,,mineral,,,,,,,,,,,,,,
,,,,,,,,,,,,minigun,,,,,,,,,,,,,,
,,,,,,,,,,,,minisentry,,,,,,,,,,,,,,
,,,,,,,,,,,,minor,,,,,,,,,,,,,,
,,,,,,,,,,,,minotaur,,,,,,,,,,,,,,
,,,,,,,,,,,,mirror,,,,,,,,,,,,,,
,,,,,,,,,,,,misdemeanant,,,,,,,,,,,,,,
,,,,,,,,,,,,misericorde,,,,,,,,,,,,,,
,,,,,,,,,,,,misinformation,,,,,,,,,,,,,,
,,,,,,,,,,,,mismatched,,,,,,,,,,,,,,
,,,,,,,,,,,,missed,,,,,,,,,,,,,,
,,,,,,,,,,,,missile,,,,,,,,,,,,,,
,,,,,,,,,,,,missing,,,,,,,,,,,,,,
,,,,,,,,,,,,mist,,,,,,,,,,,,,,
,,,,,,,,,,,,mist machine,,,,,,,,,,,,,,
,,,,,,,,,,,,misunderstood,,,,,,,,,,,,,,
,,,,,,,,,,,,misused,,,,,,,,,,,,,,
,,,,,,,,,,,,misusing,,,,,,,,,,,,,,
,,,,,,,,,,,,miter saw,,,,,,,,,,,,,,
,,,,,,,,,,,,mithril armor,,,,,,,,,,,,,,
,,,,,,,,,,,,mizugumo,,,,,,,,,,,,,,
,,,,,,,,,,,,mjolnir,,,,,,,,,,,,,,
,,,,,,,,,,,,moat,,,,,,,,,,,,,,
,,,,,,,,,,,,mock execution,,,,,,,,,,,,,,
,,,,,,,,,,,,mockery,,,,,,,,,,,,,,
,,,,,,,,,,,,modesty,,,,,,,,,,,,,,
,,,,,,,,,,,,moduli,,,,,,,,,,,,,,
,,,,,,,,,,,,mogito,,,,,,,,,,,,,,
,,,,,,,,,,,,moissanite,,,,,,,,,,,,,,
,,,,,,,,,,,,moksha,,,,,,,,,,,,,,
,,,,,,,,,,,,mokume-gane,,,,,,,,,,,,,,
,,,,,,,,,,,,molded,,,,,,,,,,,,,,
,,,,,,,,,,,,mole,,,,,,,,,,,,,,
,,,,,,,,,,,,molecule,,,,,,,,,,,,,,
,,,,,,,,,,,,molotov cocktail,,,,,,,,,,,,,,
,,,,,,,,,,,,molybdenum,,,,,,,,,,,,,,
,,,,,,,,,,,,momentum,,,,,,,,,,,,,,
,,,,,,,,,,,,mommu,,,,,,,,,,,,,,
,,,,,,,,,,,,monado,,,,,,,,,,,,,,
,,,,,,,,,,,,monarchy,,,,,,,,,,,,,,
,,,,,,,,,,,,money,,,,,,,,,,,,,,
,,,,,,,,,,,,monitor,,,,,,,,,,,,,,
,,,,,,,,,,,,monk's spade,,,,,,,,,,,,,,
,,,,,,,,,,,,monkshood,,,,,,,,,,,,,,
,,,,,,,,,,,,monocrystalline,,,,,,,,,,,,,,
,,,,,,,,,,,,monopod,,,,,,,,,,,,,,
,,,,,,,,,,,,monsoon,,,,,,,,,,,,,,
,,,,,,,,,,,,monster,,,,,,,,,,,,,,
,,,,,,,,,,,,monster truck,,,,,,,,,,,,,,
,,,,,,,,,,,,montoku,,,,,,,,,,,,,,
,,,,,,,,,,,,moon,,,,,,,,,,,,,,
,,,,,,,,,,,,moonlight scimitar,,,,,,,,,,,,,,
,,,,,,,,,,,,mop,,,,,,,,,,,,,,
,,,,,,,,,,,,moral,,,,,,,,,,,,,,
,,,,,,,,,,,,morningstar,,,,,,,,,,,,,,
,,,,,,,,,,,,mortar,,,,,,,,,,,,,,
,,,,,,,,,,,,mortar shell,,,,,,,,,,,,,,
,,,,,,,,,,,,mosaic,,,,,,,,,,,,,,
,,,,,,,,,,,,moscovium,,,,,,,,,,,,,,
,,,,,,,,,,,,mothman,,,,,,,,,,,,,,
,,,,,,,,,,,,motion sensor,,,,,,,,,,,,,,
,,,,,,,,,,,,motivated,,,,,,,,,,,,,,
,,,,,,,,,,,,motivating,,,,,,,,,,,,,,
,,,,,,,,,,,,motivation,,,,,,,,,,,,,,
,,,,,,,,,,,,motorcycle,,,,,,,,,,,,,,
,,,,,,,,,,,,mount,,,,,,,,,,,,,,
,,,,,,,,,,,,mountain gun,,,,,,,,,,,,,,
,,,,,,,,,,,,mounted,,,,,,,,,,,,,,
,,,,,,,,,,,,moved,,,,,,,,,,,,,,
,,,,,,,,,,,,mu,,,,,,,,,,,,,,
,,,,,,,,,,,,mug,,,,,,,,,,,,,,
,,,,,,,,,,,,multiculturalism,,,,,,,,,,,,,,
,,,,,,,,,,,,multiferroic material,,,,,,,,,,,,,,
,,,,,,,,,,,,multitool,,,,,,,,,,,,,,
,,,,,,,,,,,,multiversal,,,,,,,,,,,,,,
,,,,,,,,,,,,multiverse,,,,,,,,,,,,,,
,,,,,,,,,,,,mumbled,,,,,,,,,,,,,,
,,,,,,,,,,,,mummy,,,,,,,,,,,,,,
,,,,,,,,,,,,munition,,,,,,,,,,,,,,
,,,,,,,,,,,,muon,,,,,,,,,,,,,,
,,,,,,,,,,,,murakami,,,,,,,,,,,,,,
,,,,,,,,,,,,mural,,,,,,,,,,,,,,
,,,,,,,,,,,,murasame,,,,,,,,,,,,,,
,,,,,,,,,,,,murder,,,,,,,,,,,,,,
,,,,,,,,,,,,murder hole,,,,,,,,,,,,,,
,,,,,,,,,,,,music,,,,,,,,,,,,,,
,,,,,,,,,,,,musician,,,,,,,,,,,,,,
,,,,,,,,,,,,musket,,,,,,,,,,,,,,
,,,,,,,,,,,,musketeer,,,,,,,,,,,,,,
,,,,,,,,,,,,musketoon,,,,,,,,,,,,,,
,,,,,,,,,,,,mustard ga,,,,,,,,,,,,,,
,,,,,,,,,,,,mutant,,,,,,,,,,,,,,
,,,,,,,,,,,,mutated,,,,,,,,,,,,,,
,,,,,,,,,,,,mutation,,,,,,,,,,,,,,
,,,,,,,,,,,,mutilation,,,,,,,,,,,,,,
,,,,,,,,,,,,mutualist,,,,,,,,,,,,,,
,,,,,,,,,,,,muzzle,,,,,,,,,,,,,,
,,,,,,,,,,,,muzzle brake,,,,,,,,,,,,,,
,,,,,,,,,,,,muzzle velocity,,,,,,,,,,,,,,
,,,,,,,,,,,,muzzleloader,,,,,,,,,,,,,,
,,,,,,,,,,,,mysticism,,,,,,,,,,,,,,
,,,,,,,,,,,,myth,,,,,,,,,,,,,,
,,,,,,,,,,,,mythical,,,,,,,,,,,,,,
