1,2,3,4,5,6,7,8,9,A,B,C,D,E,F,G,H,I,J,K,L,M,N,O,P,Q,R,S,T,U,V,W,X,Y,Z
1080,24 hours of le man,360,470 cla,5.5 metre cla,6 metre cla,720,8 metre cla,900,a total war saga: thrones of britannia,b.a.s.e. jumping,c-class catamaran,d35,e-sport,f1 esport,gadget,haakon flip,i spy,j cla,k-league,la liga,m32,nacra 17 cla,obedience,pac-man,qigong,race across america,saber,t20 cricket,ufc,vale tudo,w,x game,yabusame,zelda
1080 air,,360 air,49er cla,501,,720 air,,900 air,a total war saga: troy,bachata,cabbage patch,daggerfall,earlier previou,f1 powerboat,gaelic football,hack,ice boating,j-league,kabaddi,la soule,macarena,naismith memorial basketball hall of fame,obliterating annihilating,pacer,quad hockey,race walking,sack race,table,ulak tartysh,valencian pilota,w serie,x-trial,yacht racing,zetta
12 metre cla,,360 flip,49erfx cla,540 air,,,,,a world betrayed,backcountry skiing,caber tos,daily fantasy sport,eco,f50,gaff rig,hacky sack,ice bucket challenge,jack,kabbadi,lacrosse,macking,nano,obliterating destroying,paddle tenni,quadcopter racing,racewalking,sacred,table football,ulama,validating authenticating,waacking,xenoblade,yachting,ziplining
,,3d archery,,,,,,,a-class catamaran,backflip,cable skiing,dakar rally,ecology protecting,face,gag,hahnenkamm,ice climbing,jackbox,kabuki,ladder tos,madden,nantucket race week,oblivion,paddleboarding,quadruplet quintuplet,racing game,sacred 2,table tenni,ultim,valorant,wage,xiangqi,yahtzee,zoo
,,,,,,,,,a-frame,backgammon,cadence sensor,damaging injuriou,edge,fact checking,gagging silencing,half tonner,ice cross downhill,jai alai,kalaripayattu,lambada,madden nfl,napoleon,obscure hidden,padel,quake,rack,sacred 3,table-tenni,ultima online,valued esteemed,wainwright bagging,xma,yak polo,zorb football
,,,,,,,,,a-league,backpacking,caesar in gaul,dance,editing,facts figure,galaga,half-life,ice dance,jammed wedged,karaoke,lamenting bemoaning,madison,nascar,observed trial,padlock,quantum,racket,safari park,tablet,ultimate,values belief,waka ama,,yak racing,zorbing
,,,,,,,,,abandoning deserting,backside 180,cafÃÂÃÂÃÂÃÂ©,dance dance revolution,educating informing,fad fashion,gallagher premiership,halfpipe,ice dancing,japanese martial art,karaoke singing,lancashire wrestling,mafia,nascar cup serie,obsidian knapping,pain agony,quarter,racketlon,sail training,tabletenni,ultimate final,vanguard,wakeboarding,,yakshagana,zouk
,,,,,,,,,abbey,backside 360,caid,dance sensor,egg and spoon race,fairground,gallery,halo,ice fishing,jar knapping,karate,land sailing,magic,nascar truck serie,obstacle course racing,paintball,quarter horse racing,racquet sport,sailboarding,taboo,ultimate frisbee,varial,wakeskating,,yakuza,zumba
,,,,,,,,,abseiling,backside shove-it,calamitous ruinou,dance sport,egg throwing,faith religion,gangnam style,halting stopping,ice golf,jaripeo,karting,land speed racing,magic sorcery,nascar xfinity serie,obstacle racing,paladin,quarter tonner,racquetball,sailing,taekwondo,ultra,variety diversity,wakesurfing,,yawl rig,zwift
,,,,,,,,,ac45,backwash,calcio fiorentino,dancehall,eggemoggin reach regatta,fake counterfeit,gas ballooning,hammer drill,ice hockey,javelin,kathak,land speed record,magnetometer,national hunt racing,obstructing hindering,palla elastica,quelling pacifying,radio-controlled boat racing,sailing race,tag,ultra running,vase knapping,walk,,yearning longing,
,,,,,,,,,ac50,badger badger badger,calcio storico,danish longball,eight prince,fakie,gateball,hammer throw,ice racing,javelin throw,kathakali,land windsurfing,mahjong,natural,ocean racing,pallapugno,quenching dousing,radio-controlled car racing,sailing regatta,tag rugby,ultralight aviation,vaulting,walker cup,,yellow jersey,
,,,,,,,,,ac75,badminton,calculation computation,dao,eight-ball,falconry,gc32,hand cycling,ice sailing,jazz,kayak polo,landboarding,maide leisg,naval academy,ocean rowing,pallone,quetta,radio-controlled helicopter flying,sailing sensor,tai chi,ultraman,velomobile,walking,,yielding submitting,
,,,,,,,,,accelerometer,badwater ultramarathon,calculus integrating,daredevilry,eisstockschieÃÂÃÂÃÂÃÂ£ÃÂÃÂÃÂÃÂ¿en,fall guy,gears of war,hand drill,ice skating,jerk,kayak sailing,lanterne rouge,maideleich,navy,oceanography exploring,pan,quickstep,rafting,sailplane racing,tailwhip,ultramarathon,vendÃÂÃÂÃÂÃÂ£ÃÂÃÂÃÂÃÂ©e globe,wallball,,ymca,
,,,,,,,,,accommodation,baffling mystifying,calcutta cup,dark age of camelot,ejecting evicting,fall of the samurai,gel blaster,hand jive,ice speedway,jerkin',kayaking,lapta,maillot blanc,nba,octathlon,pan american game,quidditch,rainbow jersey,salary,tale,ultrarunning,vendÃÂÃÂÃÂÃÂ©e globe,waltz,,yo-yo,
,,,,,,,,,accomplishing achieving,bagatelle,calder memorial trophy,dark soul,elastic,falling dropping,general classification,handball,ice speedway of nation,jesting,kayaking sensor,larry o'brien trophy,maillot jaune,nba 2k,octopush,panerai classic yachts challenge,quiet still,rainbow six siege,salsa,tall ship,undergoing enduring,ventriloquism,wanted sought,,yo-yoing,
,,,,,,,,,accuracy landing,baggo,calf roping,darkness shadow,elden ring,fallout,geo,handball wall,ice stock sport,jet boat racing,keepie uppie,lasagna,maillot vert,nba all-defensive team,octuplet nonuplet,pankration,quoit,rally,salvaging recovering,tamburello,understanding comprehending,verdict sentence,war,,yoga,
,,,,,,,,,achieving attaining,baiga,calibrating setting,dart,elder scrolls online,fallout 2,geocaching,handbell ringing,ice yachting,jet ski racing,keirin,laser cla,maintaining sustaining,nba all-rookie team,odissi,panting gasping,,rally attending,salvaging saving,tandem cycling,undertale,verifying confirming,warframe,,yoga sensor,
,,,,,,,,,achy breaky heart,baja,calisthenic,darts,election contesting,fallout 3,geology examining,handcycle racing,iceboating,jet skiing,kemari,laser flip,majestic regal,nba all-star game most valuable player award,off-road racing,para alpine skiing,,rally driving,samba,tangling knotting,undertow,vert bmx,warhammer,,yotta,
,,,,,,,,,acquiring obtaining,baja 1000,call of duty,data,electric drill,fallout 4,geometry calculu,handcycling,icelandic glima,jet sprint boat racing,kendama,laser radial cla,majorette,nba all-star team,offshore,para athletic,,rally obedience,sambo,tango,underwater football,vert skateboarding,warhammer ii,,young rider classification,
,,,,,,,,,acrobatic,balance beam,call to power,data analyzing,electric gt,fallout 76,geometry drawing,hang gliding,icewind dale,jeu de paume,kendo,laser show watching,mall crawling,nba coach of the year award,offshore powerboat racing,para cycling,,rally racing,samoa rule,tanja sail,underwater hockey,vertical formation skydiving,warhammer online,,yukon quest,
,,,,,,,,,acrobatic gymnastic,baldachin knapping,call to power ii,davis cup,electric skateboarding,fallout shelter,german hall of fame,hanging dangling,icewind dale ii,jigsaw,kentucky derby,laser tag,mall walking,nba defensive player of the year award,offshore sailing,para ice hockey,,rally raid,san francisco big boat serie,tank rowing,underwater ice hockey,vertical marathon,warring combatting,,,
,,,,,,,,,acroski,baldur's gate,calming soothing,dawdling delaying,electric slide,fallout tactic,giant slalom,hannibal at the gate,icosathlon,jigsaw puzzle,kenwood cup,last concluding,mallakhamb,nba executive of the year award,oglak tarti,para nordic skiing,,rallycro,sanctioning endorsing,tankard knapping,underwater rugby,vex robotic,washer,,,
,,,,,,,,,act legislation,baldur's gate ii,calypso,dawn patrol,electronic dart,fallout: brotherhood of steel,gig,hapkido,idea concept,jiu-jitsu,kermesse,latche,manacle,nba final,oina,para powerlifting,,rallycros,sand dance,tap,underwater target shooting,vezina trophy,washer tossing,,,
,,,,,,,,,action sport,baldur's gate iii,camel polo,dc universe online,elephant polo,fallout: new vega,gig rowing,harboring concealing,idea generating,jive,ketch rig,lateen rig,management,nba most improved player award,old maid,para rowing,,rallying,sand yachting,tap dance,unendurable impossible,via ferrata,waspzp cla,,,
,,,,,,,,,acupuncture,ball hockey,camel racing,dead space,elimination race,fantasy sport,giga,hard enduro,iditarod,jogging,ketchup song,later after,managing supervising,nba most valuable player award,old school runescape,para swimming,,rambling,sanda,target shooting,unfolding expanding,vice,wasteland,,,
,,,,,,,,,adaptation adjusting,ball sport,cammag,deadly mortal,emerging sport,far distant,gigantic colossal,hardball squash,igp,joined connected,key,latin,mancala,nba rookie of the year award,ollie,para-athletic,,rampart,sanshou,tax,unhappy miserable,victoria,wasteland 2,,,
,,,,,,,,,adaptive rowing,ballet,camogie,deaf football,emitting releasing,fast 40+,gimlet,hardflip,illustrating exemplifying,jokgu,key west race week,latin dance,mandate of heaven,nba sixth man of the year award,olympic,para-cycling,,ranch sorting,sardine,tchoukball,uni,victory at sea,wasteland 3,,,
,,,,,,,,,additional more,ballon d'or,camouflaging blending,deaf sport,empire,fastening securing,gin rummy,hardware,im,joking,kho kho,laver cup,mandrel,need necessity,olympic game,para-equestrian,,rapping,sardinia cup,teaching instructing,unicycle,video game,water balloon fight,,,
,,,,,,,,,adjacent next,ballooning,campaign running,dear beloved,empire divided,fastnet race,giraglia rolex cup,hare coursing,immersing soaking,journalism,kickball,law,manipuri,needing wanting,olympic sailing,para-swimming,,rating evaluating,sasuke,team branding,unicycle absurdist hip hop trial,videography,water basketball,,,
,,,,,,,,,adjusting tweaking,ballroom,campdrafting,deca ironman,empire of sand,fastpitch,giro d'italia,harlem shake,immobile stuck,jousting,kickboxing,law statute,mannequin challenge,net fishing,olympic sport,paracanoe,,ravaging devastating,sattriya,team classification,unicycle afro house trial,viennese waltz,water bottle knapping,,,
,,,,,,,,,administering applying,ballroom dancing,camping,decathlon,enchanted bewitched,fatal lethal,giro di lombardia,harness racing,imoca 60,joy pleasure,kickflip,lawn bowl,manual,netball,olympic weightlifting,parachuting,,rave,savate,team fortres,unicycle afterlife trial,vigoro,water park,,,
,,,,,,,,,admiral's cup,bando,canadian football,decision judgment,endeavoring attempting,fate destiny,giuseppe garibaldi trophy,harpastum,impeding hampering,jud,kid n play,lawn mower racing,many numerou,neverwinter,omni,paracycling,,rc plane flying,saving rescuing,team fortress 2,unicycle aggrotech trial,vintage rating,water polo,,,
,,,,,,,,,admired envied,bandy,canadian football hall of fame,decomposed putrid,ending terminal,feathering,glamping,hart memorial trophy,imperator augustu,judo,kiel week,lawnmower,marathon,new sport,omnipresent eternal,parade watching,,rc44,scaling hammer,team handball,unicycle agnostic hip hop trial,virtual reality,water show watching,,,
,,,,,,,,,adventure golf,banger racing,canasta,decomposing rotting,endless legend,fed cup,glass knapping,hasp,imperator: rome,juego de pelota,kilikiti,leading directing,marathon canoeing,new world,omnium,paragliding,,re-entry,scaling mounting,team penning,unicycle airwalk trial,virtual sport,water skiing,,,
,,,,,,,,,adventure racing,bank pool,candlepin bowling,decreasing diminishing,endo,feeding loading,glassy,hawking,implanted inserted,jugger,killing floor,league of legend,marathon des sable,new zealand sports hall of fame,one day cricket,parallel slalom,,reaching arriving,scant sparse,team pursuit,unicycle alien trial,virtue goodnes,water sport,,,
,,,,,,,,,aerial,banty,candy store cup,decuplet multiple,endorsement,feeling experiencing,gliding,hazardous perilou,implementing executing,juggling,kinesiology,leaking seeping,marathon skating,newport classic yacht regatta,one tonner,paralympic,,reaching grasping,scattered spread,team racing,unicycle alternate life trial,vo65,water volleyball,,,
,,,,,,,,,aerial photography,bar,canicro,deep water soloing,endurance,fell running,gliding sailing,head of the river,impossible,jujitsu,king of the mountain,learning acquiring,marble,nfl,one-pocket,paralympic athletic,,real tenni,scattergorie,team roping,unicycle alternative hip hop trial,vogue popular,waterlining,,,
,,,,,,,,,aerial silk,bar billiard,canicros,deer stalking,endurance racing,fencing,glima,headers and volley,improbable unlikely,jujutsu,king's bounty,leaving departing,marching band,nft,onion patch,paralympic game,,reassuring encouraging,schlagball,team sport,unicycle ancient aztec hip hop trial,voguing,waterskiing,,,
,,,,,,,,,aerial skiing,bar crawling,canine frisbee,defeating beating,endurance riding,fencing sensor,glittering sparkling,headi,improv,jump rope,kingdom heart,leek spin,marco polo,nhl,online,paralympic sport,,rebellion leading,scholarship,team sprint,unicycle ancient celtic hip hop trial,volcanobagging,watusi,,,
,,,,,,,,,aerobatic,barbecue,canine sport,defending guarding,endurance sport,ferret legging,global challenge,heads or tail,improved better,jumper,kirby,left,marine,nier,onshore,paramotoring,,rebuilding reconstructing,school bus racing,teamgym,unicycle ancient china hip hop trial,volleyball,wavering vacillating,,,
,,,,,,,,,aerobic,bard's tale,cannon shooting,defending protecting,enduro,ferreting,glowing gleaming,health sensor,impulse urge,junk rig,kite buggying,left 4 dead,mario bro,nine-a-side footy,oozing exuding,parascending,,rec footy,school shoal,teapotting,unicycle ancient egypt hip hop trial,volleyball sensor,waymarking,,,
,,,,,,,,,aerobic gymnastic,bard's tale ii,canoe polo,deferring delaying,enduro mountain biking,festival,gnarly,health wellnes,inadequate insufficient,just dance,kite fighting,legend,mario kart,nine-ball,open water swimming,paraskiing,,reclaiming restoring,school sport,technical street,unicycle ancient greece hip hop trial,volunteer,weak feeble,,,
,,,,,,,,,affixed appended,bard's tale iii,canoe sailing,deferring suspending,endurogp,festival going,go,healthcare,included incorporated,jwrc,kite flying,leggie,mario party,nine-pin bowling,opera house cup,paratriathlon,,reclamation performing,schooner rig,techno,unicycle ancient hip hop trial,volvo ocean race,wealth money,,,
,,,,,,,,,afl,bard's tale iv,canoe slalom,deficient lacking,energizing invigorating,fetter,go fish,heart,indiaca,,kite foiling,lego building,marketing,ninepin,orbiting circling,pari-mutuel,,recognizing realizing,schr,techno sport,unicycle ancient inca hip hop trial,voting participating,wearable,,,
,,,,,,,,,africa eco race,barefoot skiing,canoe sprint,deflating shrinking,engineering mechanic,fiba hall of fame,go-karting,heart center,indian kushti,,kite landboarding,lego robotic,martial art,ninepin bowling,orc,paris-roubaix,,recommending advising,schutzhund,technology,unicycle ancient india hip hop trial,vuelta a espana,web3,,,
,,,,,,,,,african game,barefoot waterskiing,canoeing,delaying postponing,english billiard,field,goalball,heart rate monitor,indianapolis 500,,kite skiing,leisure diving,martial arts,ninja warrior,order mandate,park,,record breaking,schwingen,tee ball,unicycle ancient maya hip hop trial,,webb ellis cup,,,
,,,,,,,,,age of charlemagne,barkley marathon,canoeing sensor,delicate fragile,english martial art,field archery,goat tying,heartening inspiring,indigenous game,,kiteboarding,lengthening elongating,martial arts tricking,nlp,ordinary average,park bmx,,recovery,science,tee-ball,unicycle ancient mesopotamia hip hop trial,,weber cup,,,
,,,,,,,,,age of conan,barnstorming,canopy piloting,delight enjoyment,enigmatic cryptic,field hockey,goblet knapping,hearthstone,individual being,,kitefoil cla,les voiles de saint tropez,mashed potato,nodding gesturing,organizing structuring,park golf,,recumbent cycling,science technology,teeball,unicycle ancient norse hip hop trial,,website,,,
,,,,,,,,,age of wonder,barometer,canyoning,delivering rescuing,enlarged increased,field sport,god goddes,hearts of iron,individual sport,,kitesurfing,less fewer,masking disguising,noh,ori,park skateboarding,,red bull event,scold's bridle,tekken,unicycle ancient persia hip hop trial,,weight over bar,,,
,,,,,,,,,agent fee,barque rig,capocannoniere,deltarune,ensnaring entangling,field trial,godfall,heelflip,indoor bowl,,kizomba,lethwei,massage,nollie,orienteering,parkour,,red rover,scootering,telemark skiing,unicycle ancient rome hip hop trial,,weight pulling,,,
,,,,,,,,,aggressive inline,barquentine rig,capoeira,demolishing wrecking,entering inputting,fifa,golf,heineken cup,indoor rowing,,klootschieten,letterboxing,massive immense,non-olympic sport,orma 60,participatory sport,,redeeming saving,scottish country dance,tempest cla,unicycle animated film trial,,weight throw,,,
,,,,,,,,,aggressive inline skating,barre,capture the flag,demolition derby,enthralled captivated,fifa world cup,golf croquet,heli-skiing,indoor skydiving,,knapping hammer,liberating freeing,mast climbing,nordic combined,orthotic sensor,partridge shooting,,redesigning reengineering,scottish martial art,ten-ball,unicycle animated series trial,,weightlifting,,,
,,,,,,,,,agility,barrel,car singing,demolition hammer,environmentalism advocating,fifa world player of the year,golf sensor,hema,indoor soccer,,knattleikr,licensing permitting,master,nordic skiing,oscillating swinging,party,,reducing lessening,scottish premiership,ten-pin bowling,unicycle animation trial,,weightlifting sensor,,,
,,,,,,,,,agonizing excruciating,barrel racing,caramelldansen,demon devil,epee,figaro 3,golfing,henley royal regatta,indoor sport,,kneeboarding,liege-bastogne-liege,mastercard superyacht regatta,nordic walking,ostensorium knapping,party wave,,reform,scottish sports hall of fame,tenni,unicycle anime trial,,wellbeing happines,,,
,,,,,,,,,ai,barring blocking,caravan racing,demonstration holding,episkyro,fighting battling,gondola racing,heptathlon,indy light,,knife throwing,lifeguard,mastering excelling,norris trophy,osteopathy,paso doble,,reform wave,scouring polishing,tennis sensor,unicycle apocalyptic folk trial,,wellness sensor,,,
,,,,,,,,,aikido,barspin,caravanning,depressing sad,equestrian,fighting game,gone away,herd flock,indycar,,knowledge gaining,lifesaving,match racing,nose manual,ostrich racing,pass the parcel,,refreshing revitalizing,scrabble,tenpin bowling,unicycle apparition trial,,welsh baseball,,,
,,,,,,,,,aion,bartitsu,card playing,descending declining,equestrian sensor,figure 8 racing,goofy,herding,infected contaminated,,knpv,lifestyle sensor,math arithmetic,nosy prying,othello,passion obsession,,regatta,scrambling,tent pegging,unicycle art deco hip hop trial,,welsh sports hall of fame,,,
,,,,,,,,,air,base jumping,cardboard boat racing,desert kingdom,equestrian sport,figure computing,goose hunting,heritage tradition,infinite boundles,,knurr and spell,lifestyle sport,math doing,notable noteworthy,oubliette,patent intellectual,,regenerating healing,scratch race,teqball,unicycle art nouveau hip hop trial,,werewolf,,,
,,,,,,,,,air drumming,baseball,carillon playing,designing planning,equestrianism,figure skating,gorge walking,heroes of might and magic,info,,kokpar,light show watching,maurice richard trophy,notion theory,outdoor sport,path of exile,,reggaeton,scripting writing,tera,unicycle artistic trial,,whale watching,,,
,,,,,,,,,air force,baseball hall of fame,carnival,desire want,equipment,figureskating,governance,heroes of the storm,information data,,kook,lighthouse bagging,maxi yacht rolex cup,nrl,outperforming outdoing,pathetic tragic,,regretting ruing,scrutinizing analyzing,terminating concluding,unicycle astral projection trial,,whaleboat rowing,,,
,,,,,,,,,air guitar,baseball sensor,carom billiard,desiring craving,equitation,filipino martial art,governing administering,herreshoff classic yacht regatta,information validating,,korean martial art,lightning football,mctwist,numa numa,outrider,patience,,regular,scuba diving,tetherball,unicycle atheist hip hop trial,,whaling,,,
,,,,,,,,,air hockey,baseball5,carpet bowl,destiny,er enish,final fantasy,gp,hide and seek,inhaling exhaling,,korfball,ligue 1,meager scanty,number crunching,outrigger canoeing,pato,,rehabilitation conducting,sculling,tetrathlon,unicycle atmospheric drum and bass trial,,what's the time mr wolf,,,
,,,,,,,,,air pistol,basic elementary,carriage driving,destiny 2,eradicating eliminating,final fantasy xiv,gp2,hiding covering,inline hockey,,krav maga,limbo,mean norm,numbers statistic,outstanding exceptional,payday,,rehabilitative sensor,sea cadet,tetri,unicycle audio book trial,,wheel drill,,,
,,,,,,,,,air racing,basketball,carrom,destructive harmful,erasing deleting,fine fee,gp3,high diving,inline skating,,krumping,limitless vast,media,nutrition,oval racing,pea shooting,,reimagining reinventing,sea fishing,texel rating,unicycle avant-garde trial,,wheelbarrow race,,,
,,,,,,,,,air reverse,basketball sensor,carting,detail particular,erc,finger jousting,grab,high jump,inline speed skating,,kubb,lincoln loop,median average,nyan cat,over-the-line,peace corp,,reindeer racing,sea scout,tf35,unicycle bachata trial,,wheelchair basketball,,,
,,,,,,,,,air rifle,basque pelota,carve,development,eredivisie,fingerhakeln,grabbing snatching,highland dance,innovation,,kuchipudi,lindy hop,medical sensor,,overcoming surmounting,peak,,reinforcing fortifying,sealing,thai martial art,unicycle backslide trial,,wheelchair curling,,,
,,,,,,,,,air sport,basque rural sport,cash currency,development balancing,erging,finishing completing,gran fondo,highland game,inquiring questioning,,kung fu,line dance,medicating dosing,,overflowing spilling,peak bagging,,reining,secluded private,the ashe,unicycle ballet trial,,wheelchair rugby,,,
,,,,,,,,,airship racing,bat-and-ball sport,casting,device,ergometer,finn cla,gran turismo,highlining,inshore powerboat racing,,kyudo,lineage,medicine,,overseeing controlling,pedagogy,,reinstating reestablishing,secret covert,the best fifa men's player,unicycle ballroom dance trial,,wheelchair tenni,,,
,,,,,,,,,airsoft,bat-and-trap,castle bagging,dew tour,escape artistry,finswimming,grand magnificent,highpointing,insisting requiring,,kyz kuu,lineage ii,medieval,,overwatch,pedal boat racing,,rejuvenating renewing,secret world legend,the best fifa women's player,unicycle baltimore club trial,,wheelie,,,
,,,,,,,,,alchemy chemistry,batch lot,cat and dog,diablo,espionage intelligence,fire,grand national,hiking,inspecting checking,,,linked attached,mediocre middling,,owling,peeler,,relay,sectioning segmenting,the boat race,unicycle baroque hip hop trial,,whelen modified tour,,,
,,,,,,,,,algebra working,bathtub racing,cat daddy,diablo ii,esport,fire breathing,grand slam,hill climb,instruction guideline,,,lion dance,meditation,,,peg grind,,relay racing,securing ensuring,the division,unicycle basketball,,whispering murmuring,,,
,,,,,,,,,all-terrain boarding,batmanning,cat rig,diablo iii,essence core,fire eating,grand tour,hill running,insurance,,,lip,mega,,,peking opera,,releasing unleashing,segregating partitioning,the division 2,unicycle bass house trial,,whist,,,
,,,,,,,,,alley-oop,baton twirling,catapult,diablo iv,essential fundamental,fire emblem,grant,hillclimb,insuring protecting,,,lip trick,mega ramp,,,pelota,,relinquishing surrendering,segway polo,the elder scroll,unicycle bauhaus hip hop trial,,whitewater,,,
,,,,,,,,,alleycat race,batting cage,catastrophic disastrou,diabolo,ethic,firework watching,grasping apprehending,hinge,integrated merged,,,lipsync,mentoring coaching,,,pelota mixteca,,reliquary knapping,seizing capturing,the furious wild,unicycle beyondversal trial,,whitewater kayaking,,,
,,,,,,,,,allocated distributed,battlebot,catching trapping,diagnostic sensor,ethics principle,first robotic,grasstrack,hip hop,integrating unifying,,,liquor bottle knapping,merchant marine,,,peloton,,remaining lingering,sekiro,the hunter and the beast,unicycle big air,,whitewater rafting,,,
,,,,,,,,,alpha centauri,battlefield,cathedral,dice rolling,euchre,fishing,gravel cycling,historical fencing,inter,,,lithic reduction,merengue,,,penguin,,remaking recreating,self-transcendence 3100 mile race,the last roman,unicycle big room trial,,wicket,,,
,,,,,,,,,alpine skiing,battlement,cave rescue,dictating demanding,euro nascar,fishy shady,gravel grinding,history,international rules football,,,lmp1,merging combining,,,pension,,remediation implementing,senegalese wrestling,the shadow and the blade,unicycle black ambient trial,,wife carrying,,,
,,,,,,,,,alpinism,battlerite,caving,different distinct,europa league,fistball,gravity bike,history legacy,international swimming hall of fame,,,lmp2,mesoamerican ballgame,,,pentathlon,,remnant: from the ashe,senescing decaying,the silence and the fury,unicycle bmx,,wiffle ball,,,
,,,,,,,,,altar knapping,bavarian curling,ceasing ending,dinghy sailing,europa universali,fitness sensor,gravity game,hitchhike,international tennis hall of fame,,,lmp3,meta,,,people watching,,remote isolated,sensor,the twisted and the twilight,unicycle bone breaking trial,,wiffleball,,,
,,,,,,,,,altering modifying,beach patrol,celeste,diptych knapping,european game,five,gravity racing,hobble,internet,,,loan fee,metallic silhouette shooting,,,perceiving sensing,,removing eliminating,sepak takraw,the warden and the paunch,unicycle boogaloo trial,,wii sport,,,
,,,,,,,,,altimeter,beach soccer,centenary quaich,direction,european golden boot,five ocean,green jacket,hobby interest,interrogating examining,,,locals only,metaverse,,,performing accomplishing,,repeating iterating,sepaktakraw,the white dwarf,unicycle boogie trial,,wildfowling,,,
,,,,,,,,,ama motocro,beach tenni,centipede,dirt jumping,european golden shoe,five-pin bowling,green room,hockey,intolerable insufferable,,,lock,meteorology forecasting,,,perfumed scented,,repenting atoning,separate individual,the yellow turban rebellion,unicycle boom bap trial,,wildlife park,,,
,,,,,,,,,ama superbike,beach volleyball,cerebral palsy football,dirt track racing,eve online,fivepin bowling,grenada sailing week,hockey hall of fame,intrigued interested,,,locking bolting,metric indicator,,,perini navi cup,,replica duplicate,separating isolating,theater,unicycle booty bass trial,,wildwater canoeing,,,
,,,,,,,,,ama supercro,bear baiting,certifying accrediting,disaster response,eventing,fixation mania,greyhound racing,hockey sensor,introduced added,,,locomotion,metro footy,,,perplexing puzzling,,reporting,sequencing arranging,theme park,unicycle bounce trial,,wildwater racing,,,
,,,,,,,,,amateur sport,beast monster,cfl,disc dog,everlasting endles,fixed odd,grief mourning,hokey cokey,intuition instinct,,,lodged embedded,metroid,,,persecuted oppressed,,representing depicting,serie a,theory crafting,unicycle bouncy techno trial,,wimbledon,,,
,,,,,,,,,ambulance,beat saber,cha cha slide,disc golf,everquest,flag football,grim dawn,holding retaining,inventing devising,,,lodging boarding,miami week,,,persona,,requesting asking,set collection,therapeutic sensor,unicycle bowl,,wind tunnel flying,,,
,,,,,,,,,america's cup,beatboxing,cha-cha-cha,discharging expelling,everquest ii,flagpole sitting,grind,hollow knight,invert,,,log rolling,middle midpoint,,,personal intimate,,requirement prerequisite,seven minutes in heaven,thoroughbred racing,unicycle breakbeat trial,,windjammer,,,
,,,,,,,,,american football,beer bottle knapping,chain,disciple,evolution observing,flamenco,groundswell,honor of king,investigating probing,,,logo brand,middle sea race,,,personal watercraft racing,,reredos knapping,sextuplet septuplet,thought provoking,unicycle breakcore trial,,window shopping,,,
,,,,,,,,,american ninja warrior,beer pong,chainsaw carving,disco,evolving developing,flat green bowl,group bunch,hopman cup,investing spending,,,logrolling,middle-distance running,,,pesapallo,,rescue,shackle,three kingdom,unicycle breakdance trial,,windsurfing,,,
,,,,,,,,,among u,before prior,chalice knapping,discus throw,exa,flat racing,grouse shooting,hopscotch,inward heelflip,,,loitering lingering,midget car racing,,,pesÃÂÃÂÃÂÃÂ£ÃÂÃÂÃÂÃÂ¤pallo,,research,shade dim,three-cushion billiard,unicycle bronze age hip hop trial,,windswell,,,
,,,,,,,,,amputee football,bell ringing,challenge cup,dishonest fraudulent,exclusive select,flat track,growing maturing,hornussen,ior,,,long beach race week,might and magic,,,pesÃÂÃÂÃÂÃÂ¤pallo,,research doing,shattering smashing,three-legged race,unicycle brostep trial,,wine bottle knapping,,,
,,,,,,,,,amusement diversion,belly dance,challenging contesting,dispensed dispersed,exercise training,flatland bmx,growth managing,horse archery,iot,,,long jump,milan-san remo,,,pesÃÂÃÂÃÂÃÂ¤ppallo,,resident evil,sheaf tos,throwing tossing,unicycle bubblegum bass trial,,wing chun,,,
,,,,,,,,,amusement park,benchmarking,champions league,displacing removing,exiting withdrawing,fleet racing,gt racing,horse polo,ipo,,,long track,mild gentle,,,peta,,resilience building,sheepdog trial,thumb war,unicycle buddhist hip hop trial,,wing foiling,,,
,,,,,,,,,analysi,benchrest shooting,champions online,disputing debating,expedition racing,flight archery,gt3,horse racing,iqfoil cla,,,long-distance running,military patrol,,,petanque,,resisting opposing,shell rowing,thumb wrestling,unicycle burlesque trial,,wing walking,,,
,,,,,,,,,analyzing examining,bending flexing,change adapting,dissecting deconstructing,experiment conducting,flintknapping,gt4,horse racing betting,iracing,,,longboarding,military sport,,,phantasy star online,,resource capital,sheltering harboring,thumbscrew,unicycle caricature trial,,wingfoiling,,,
,,,,,,,,,anatomy,bermuda race,characteristic trait,distraction pastime,experimenting exploring,flip,gte,horse riding,irc,,,longlining,milk bottle knapping,,,phase 10,,respected honored,shenmue,thundercat racing,unicycle cartoon trial,,wingsuit flying,,,
,,,,,,,,,angel deity,bermuda rig,charade,distress misery,extended expanded,flip cup,guaranteeing warrantying,horse showing,irish dance,,,longshore current,millennium cup,,,pheasant shooting,,restaurant,shielding sheltering,thwarting foiling,unicycle ceremonial dance trial,,wink murder,,,
,,,,,,,,,angling,bernie,charge cost,distribution,extended reality,flipper,guarding shielding,horseback riding,irish hall of fame,,,looping curving,millennium trophy,,,philanthropy,,restoration undertaking,shifting relocating,tibia,unicycle cha-cha slide trial,,winning victoriou,,,
,,,,,,,,,animal crossing,bewailing deploring,charity,diving,extending stretching,flipping spinning,gudgeon,horseball,irish martial art,,,lord of the rings online,mime,,,philosophy,,retable knapping,shin kicking,tightrope,unicycle cha-cha trial,,winter guard,,,
,,,,,,,,,animal sport,bharatanatyam,charlemagne,diving sensor,exterminating extirpating,floater,guess estimate,horsemanning,irish road bowling,,,loro piana superyacht regatta,mind bending,,,photography,,retreating withdrawing,shinny,tightrope walking,unicycle championship trial,,winter sport,,,
,,,,,,,,,annexed added,biathle,charmed fascinated,diving submerging,extinguishing quenching,floating hovering,guiding leading,horseshoe,iron,,,lost ark,mind intellect,,,phrf,,retrieving recovering,shinty,time attack,unicycle channeling trial,,winter x game,,,
,,,,,,,,,annihilating extinguishing,biathlon,charreada,divinity: original sin,extracting withdrawing,flooding inundating,guild war,horseshoe pitching,iron maiden,,,loved adored,mind sport,,,physics applying,,retrieving regaining,shinty/camogie,time trial,unicycle charity championships trial,,wipeout,,,
,,,,,,,,,anthem,bicycle messengering,che,divinity: original sin ii,extraordinary remarkable,floor hockey,guild wars 2,hot air ballooning,ironman,,,luck fortune,mine rescue,,,physics mathematic,,reusing repurposing,ship rig,tipcat,unicycle chicken dance trial,,wiping scrubbing,,,
,,,,,,,,,antigua sailing week,bicycle motocros,checker,dl,extreme 40,floorball,guinness world record,hot dog eating contest,island bagging,,,lug sail,minecraft,,,physiology,,revelation online,shipyad cup,titan quest,unicycle chillstep trial,,wireball,,,
,,,,,,,,,apex legend,bicycle polo,cheer,dock jumping,extreme ironing,fly,guitar hero,housing accommodating,israeli martial art,,,luge,minesweeper,,,physiotherapy,,revered venerated,shogi,tobogganing,unicycle chillwave trial,,wisdom seeking,,,
,,,,,,,,,app,bicycle touring,cheerleading,doddie weir cup,extreme martial art,fly fishing,gumboot dance,hovercraft racing,italian hall of fame,,,lumpy,mini 6.50,,,pichichi trophy,,reversi,shogun,toe wrestling,unicycle christian hip hop trial,,witchcraft wizardry,,,
,,,,,,,,,apparel,big air,cheese rolling,dodgeball,extreme sport,flyball,gurning,huge enormou,iterating looping,,,lunette knapping,mini tonner,,,pickleball,,revolution inciting,shogun 2,tolerating withstanding,unicycle clairvoyant trial,,wmx,,,
,,,,,,,,,appda,big air skateboarding,chemistry experimenting,dog,,flyboarding,gymkhana,hula,,,,,mini transat,,,picnic,,revolutionizing transforming,shooting,tomahawk throwing,unicycle classical antiquity hip hop trial,,wobble,,,
,,,,,,,,,appearance fee,big game fishing,cheque draft,dog fighting,,flying dutchman cla,gymnastic,hula hoop,,,,,miniature golf,,,pictionary,,rhythmic gymnastic,shooting sensor,tombstoning,unicycle clone trial,,woe sorrow,,,
,,,,,,,,,appointed designated,big wave surfing,cherished treasured,dog racing,,fog,gymnastics sensor,human cannonball,,,,,minigolf,,,pie eating contest,,riddling,shopping cart,tootsie roll,unicycle cloud rap trial,,women's basketball hall of fame,,,
,,,,,,,,,approximation guesswork,bigspin,ches,dog sledding,,foil,gyroscope,human person,,,,,minster,,,pig sticking,,rifle shooting,shorebreak,top 14,unicycle clown walking trial,,wood chopping,,,
,,,,,,,,,aqua aerobic,bike trial,chess boxing,dog sport,,foilboarding,,humanitarian aid,,,,,missing absent,,,pigeon racing,,right,short mat bowl,top turn,unicycle club championships trial,,woodchopping,,,
,,,,,,,,,aquarium,bikejor,chessboxing,dog walking,,folk dance,,humpty dance,,,,,misty flip,,,pilate,,righteousness morality,short track,torball,unicycle club dance trial,,wooden spoon,,,
,,,,,,,,,aquathlon,bikejoring,chhau,dominant predominant,,following subsequent,,hunch feeling,,,,,mitigation applying,,,pilates sensor,,ring fit adventure,short track speed skating,torchlight,unicycle coldwave trial,,woodsman,,,
,,,,,,,,,arabian horse racing,bikepacking,chicken dance,dominoe,,food fight,,hunted tracked,,,,,mixed climbing,,,pillars of eternity,,ring tos,shot put,torchlight ii,unicycle comedy hip hop trial,,working cow horse,,,
,,,,,,,,,arbor,biker shuffle,chief main,donation,,fooling,,hunter,,,,,mixed martial art,,,pillars of eternity ii,,ringette,shoulder,torchlight iii,unicycle comic trial,,workout fitnes,,,
,,,,,,,,,arboretum,bill,chilean rodeo,donkey kong,,foosball,,hunting,,,,,mixed miscellaneou,,,pillorie,,rink bandy,shove-it,torment anguish,unicycle competition trial,,world championship,,,
,,,,,,,,,arca,bill check,chinese martial art,doodling scribbling,,footbag,,hurdle,,,,,mixed reality,,,pillow fight,,rink hockey,shovel knight,torment: tides of numenera,unicycle conga trial,,world cup,,,
,,,,,,,,,arcade game,bill proposal,chinese opera,doom gloom,,footbag net,,hurdling,,,,,ml,,,pin the tail on the donkey,,rip current,shoving thrusting,torture chamber,unicycle conscious hip hop trial,,world drone prix,,,
,,,,,,,,,arcane esoteric,bill russell nba finals most valuable player award,chinese super league,dory rowing,,football,,hurling,,,,,mlb,,,pinball,,ripening aging,show hunter,torturous unbearable,unicycle constructivist hip hop trial,,world game,,,
,,,,,,,,,archeage,billiard,chipping hammer,dota,,football sensor,,hurtful painful,,,,,mma,,,ping pong,,ripley's believe it or not,show jumping,total war,unicycle contemporary dance trial,,world golf hall of fame,,,
,,,,,,,,,archery,billie jean king cup,chiropractic,dota 2,,footgolf,,hurting suffering,,,,,mma sensor,,,ping-pong,,rise of the republic,showdown,total war: a world betrayed,unicycle continental championships trial,,world of warcraft,,,
,,,,,,,,,archery biathlon,bio,choir singing,double pair,,footvolley,,hushing shushing,,,,,moaning groaning,,,pingpong,,rise of the samurai,shower singing,total war: attila,unicycle copy trial,,world serie,,,
,,,,,,,,,archery sensor,biology observing,choking coughing,doubtful questionable,,footwear,,hustle,,,,,moat,,,pining aching,,risky dangerou,showing demonstrating,total war: britannia,unicycle corporate championships trial,,worm,,,
,,,,,,,,,archery tag,biomechanic,chop,dougie,,fore-and-aft rig,,hybrid sport,,,,,mob horde,,,pintle,,road cycling,shrine knapping,total war: caesar in gaul,unicycle cosmic trial,,worm charming,,,
,,,,,,,,,archimedes drill,bionic sensor,choppy,downhill,,forged imitation,,hydration,,,,,moba,,,pinty's serie,,road race,shrinking contracting,total war: charlemagne,unicycle counterpart life trial,,worshiped idolized,,,
,,,,,,,,,arena,bioshock,chosen elect,downhill mountain biking,,formation skydiving,,hydrofoiling,,,,,mobile legend,,,pistol shooting,,road running,shuffleboard,total war: desert kingdom,unicycle creative trial,,worth merit,,,
,,,,,,,,,arena football,bird,choule,downhill skateboarding,,former past,,hydroplane racing,,,,,moby dick,,,pitch and putt,,robogame,sick ill,total war: dragon pas,unicycle crip walk trial,,wrath of sparta,,,
,,,,,,,,,arena of valor,bird watching,chuck,dpi,,formula,,hyeres week,,,,,mod 70,,,pivot,,roborace,sickly diseased,total war: eight prince,unicycle crossbreed trial,,wrc,,,
,,,,,,,,,arena sport,birdwatching,ciborium knapping,drag boat racing,,formula 1,,hyper,,,,,model aircraft flying,,,plane spotting,,robot,sickly saccharine,total war: empire,unicycle crunk trial,,wrc2,,,
,,,,,,,,,arguing quarreling,bit,cinema,drag racing,,formula 2,,hypercar,,,,,model airplane racing,,,planescape: torment,,robot combat,sighing breathing,total war: empire divided,unicycle cubist hip hop trial,,wrc3,,,
,,,,,,,,,arithmetic algebra,black desert,circuit boat racing,dragon boat,,formula 3,,hypothesis speculation,,,,,model building,,,planking,,robot war,sign signal,total war: empire of sand,unicycle cultural dance trial,,wrestling,,,
,,,,,,,,,arithmetic solving,black desert online,circuit race,dragon boat racing,,formula 4,,hypothesis testing,,,,,moderate temperate,,,plaquita,,robotic sensor,signaling indicating,total war: fall of the samurai,unicycle cupid shuffle trial,,wrestling sensor,,,
,,,,,,,,,arm wrestling,blade,circus,dragon cla,,formula bmw,,hyrox,,,,,modern,,,plate knapping,,robotic sport,significant important,total war: hannibal at the gate,unicycle cutting-edge trial,,wretched pitiful,,,
,,,,,,,,,armored combat,blade & soul,city of heroe,dragon dance,,formula drift,,,,,,,modern biathlon,,,platform diving,,rock band,silat,total war: imperator augustu,unicycle cyclocros,,writing composing,,,
,,,,,,,,,army,bledisloe cup,civilization,dragon pas,,formula e,,,,,,,modern pentathlon,,,platform tenni,,rock climbing,silent hill,total war: mandate of heaven,unicycle dab trial,,wsbk,,,
,,,,,,,,,aromatic fragrant,blended fused,civilization ii,dragon quest,,formula ford,,,,,,,modern sport,,,plotting scheming,,rock paper scissor,silk way rally,total war: medieval ii,unicycle dadaist hip hop trial,,wtcc,,,
,,,,,,,,,around alone,blind football,civilization iii,draught,,formula four,,,,,,,mogul,,,plunging,,rocket league,sim racing,total war: napoleon,unicycle dark ambient trial,,wtcr,,,
,,,,,,,,,around the clock,blind man's buff,civilization iv,drawbridge,,formula master,,,,,,,mohiniyattam,,,pneumatic drill,,rocking rolling,simon say,total war: rise of the republic,unicycle darkcore trial,,wushu,,,
,,,,,,,,,art ross trophy,blinking winking,civilization v,drawing sketching,,formula one,,,,,,,monaco grand prix,,,pocket,,rodeo,simulated sport,total war: rise of the samurai,unicycle darkwave trial,,,,,
,,,,,,,,,artistic,block island race week,civilization vi,dreary dismal,,formula racing,,,,,,,mondioring,,,pogo sticking,,rodeo clown,singstar,total war: rome ii,unicycle de stijl hip hop trial,,,,,
,,,,,,,,,artistic billiard,blockchain,civilization: beyond earth,drenching saturating,,formula renault,,,,,,,mongolian wrestling,,,point break,,rodeo clowning,sitting volleyball,total war: rome remastered,unicycle death industrial trial,,,,,
,,,,,,,,,artistic cycling,bloodborne,clamp,dressage,,formula three,,,,,,,monitor,,,point hammer,,rodeo flip,six nation,total war: shogun 2,unicycle deep dubstep trial,,,,,
,,,,,,,,,artistic gymnastic,blowing inflating,clandestine surreptitiou,drifting,,formula two,,,,,,,monkey,,,point-to-point,,rogaining,skate cros,total war: the furious wild,unicycle deep house trial,,,,,
,,,,,,,,,artistic pool,blown out,claret jug,drill,,formula vw,,,,,,,monopoly,,,pointing directing,,roger rabbit,skateboard,total war: the hunter and the beast,unicycle demonstration trial,,,,,
,,,,,,,,,artistic roller skating,bmx,clash of clan,driving range,,forsaking renouncing,,,,,,,monster hunter,,,points classification,,rolex swan cup,skateboard racing,total war: the last roman,unicycle dirt jumping,,,,,
,,,,,,,,,artistic swimming,bmx dirt,clash royale,drone ballet,,fortnite,,,,,,,monster jam,,,points race,,roller blading,skateboarding sensor,total war: the shadow and the blade,unicycle disco trial,,,,,
,,,,,,,,,ascending climbing,bmx freestyle,class 40,drone champions league,,forza,,,,,,,monster truck,,,pokemon,,roller derby,skating,total war: the silence and the fury,unicycle distance,,,,,
,,,,,,,,,ashes urn,bmx park,classic rating,drone grand prix,,foul stinky,,,,,,,monstrance knapping,,,poker,,roller freestyle,skeet shooting,total war: the twisted and the twilight,unicycle doppelganger trial,,,,,
,,,,,,,,,asian game,bmx racing,clause provision,drone olympic,,fountain show watching,,,,,,,moon watching,,,pokÃÂÃÂÃÂÃÂ£ÃÂÃÂÃÂÃÂ©mon,,roller hockey,skeleton,total war: the warden and the paunch,unicycle dougie trial,,,,,
,,,,,,,,,asking querying,bmx vert,clay pigeon shooting,drone racing,,four square,,,,,,,moonwalk,,,pole bending,,roller skating,sketchy dodgy,total war: the white dwarf,unicycle dream trial,,,,,
,,,,,,,,,aspect feature,bobsled,clay shooting,drone racing league,,four-cros,,,,,,,morris dance,,,pole climbing,,roller soccer,ski,total war: the yellow turban rebellion,unicycle dreampunk trial,,,,,
,,,,,,,,,assessing judging,bobsledding,clean,drone soccer,,fox hunting,,,,,,,morrowind,,,pole dancing,,rollerblading,ski archery,total war: three kingdom,unicycle drill 'n' bass trial,,,,,
,,,,,,,,,assigned allotted,bobsleigh,clean-up set,drone sport,,foxtrot,,,,,,,mortal kombat,,,pole vault,,rolling tumbling,ski ballet,total war: thrones of britannia,unicycle drill trial,,,,,
,,,,,,,,,assistive sensor,bocce,cliff diving,drone world cup,,fp,,,,,,,mosconi cup,,,police,,rome,ski base jumping,total war: troy,unicycle drone trial,,,,,
,,,,,,,,,association croquet,boccia,climatology studying,dropping plunging,,fpv freestyle,,,,,,,most valuable player,,,polluted tainted,,rome ii,ski biathlon,total war: warhammer,unicycle drum and bass trial,,,,,
,,,,,,,,,assortment array,bodyboarding,climbing,drum corp,,fpv racing,,,,,,,moth cla,,,polo,,ronna,ski black hole diving,total war: warhammer ii,unicycle dubstep trial,,,,,
,,,,,,,,,asteroid,bodybuilding,clinical sensor,dry tooling,,fragmenting splintering,,,,,,,motion resolution,,,polo crosse,,rooming staying,ski boat,total war: warhammer iii,unicycle dungeon synth trial,,,,,
,,,,,,,,,astro,bodyflight,clipper race,dtm,,frail infirm,,,,,,,motionless static,,,polocrosse,,roping,ski cosmic surfing,total war: wrath of sparta,unicycle eai trial,,,,,
,,,,,,,,,astronomy stargazing,bodysurfing,clipper round the world,dual slalom,,free diving,,,,,,,motivating stimulating,,,polyptych knapping,,roque,ski cros,tote,unicycle early hardcore trial,,,,,
,,,,,,,,,at chabysh,bog diving,clog dance,duathlon,,free running,,,,,,,moto2,,,pong,,rotary hammer,ski dimension hopping,touch football,unicycle ebm trial,,,,,
,,,,,,,,,athletic,bog snorkeling,clone twin,dubious suspiciou,,free soloing,,,,,,,moto3,,,pony,,rotating revolving,ski everything,touch rugby,unicycle ecstatic dance trial,,,,,
,,,,,,,,,atlatl,bog snorkelling,close near,duck duck goose,,freecell,,,,,,,motocro,,,pool,,rotation,ski expedition,tough mudder,unicycle electric slide trial,,,,,
,,,,,,,,,attila,boggle,close-out,duck hunting,,freediving,,,,,,,motocros,,,pop shove-it,,rotten decayed,ski galaxy conquest,tour de france,unicycle electro house trial,,,,,
,,,,,,,,,attribute quality,bolstering supporting,cloud,ducking stool,,freeflying,,,,,,,motoe,,,portal,,rounder,ski hang gliding,tour of flander,unicycle electro trial,,,,,
,,,,,,,,,auger,bolt,cloud appreciation,duckpin bowling,,freeride,,,,,,,motogp,,,portcullise,,roundnet,ski jumping,touring,unicycle electroclash trial,,,,,
,,,,,,,,,augmented enhanced,bonu,clowning,dull gloomy,,freeride mountain biking,,,,,,,motor,,,portraying painting,,route du rhum,ski kite,touring car,unicycle emo rap trial,,,,,
,,,,,,,,,augmented reality,bookmaking,club,dungeon,,freerunning,,,,,,,motor control,,,portsmouth yardstick,,routine practice,ski marathon,touring car racing,unicycle enchanted trial,,,,,
,,,,,,,,,auld alliance trophy,boomerang,club hopping,dungeon siege,,freestyle bmx,,,,,,,motor learning,,,postman's knock,,rowing,ski mountaineering,tower,unicycle endurance,,,,,
,,,,,,,,,aunt sally,boomerang throwing,cluedo,dungeon siege ii,,freestyle football,,,,,,,motor racing,,,potholing,,rowing sensor,ski multiverse exploration,tower running,unicycle entertainment trial,,,,,
,,,,,,,,,aussie rule,boot scootin' boogie,coaching,dungeon siege iii,,freestyle motocro,,,,,,,motor sport,,,power meter,,royal imperial,ski orienteering,tp52,unicycle epic trial,,,,,
,,,,,,,,,aussie rules football,boot throwing,coarse fishing,dungeons & dragons online,,freestyle motocros,,,,,,,motorcycle racing,,,power walking,,rpa,ski paragliding,traced followed,unicycle exhibition trial,,,,,
,,,,,,,,,australian football,bop,coast guard,dusting cleaning,,freestyle scootering,,,,,,,motorcycle speedway,,,powerboat racing,,rs:x cla,ski patrol,track,unicycle existentialist hip hop trial,,,,,
,,,,,,,,,australian football hall of fame,borderland,coastal rowing,dzhigitovka,,freestyle skateboarding,,,,,,,motorhoming,,,powerboating,,rt,ski sail,track and field,unicycle exorcism trial,,,,,
,,,,,,,,,australian rodeo,bossaball,coasteering,,,freestyle skiing,,,,,,,motorsport,,,powerchair football,,rubik's cube,ski spaceship,track cycling,unicycle experimental trial,,,,,
,,,,,,,,,australian rules football,botanical garden,cockfighting,,,freestyle skydiving,,,,,,,mountain biking,,,powered hang gliding,,rugby,ski speed flying,track racing,unicycle extrasensory trial,,,,,
,,,,,,,,,austu,bottle knapping,cogno,,,freestyle slacking,,,,,,,mountain boarding,,,powered paragliding,,rugby championship,ski submarine,track sport,unicycle extraterrestrial trial,,,,,
,,,,,,,,,authoring creating,bottom turn,coin flipping,,,freestyle slalom skating,,,,,,,mountain rescue,,,powerlifting,,rugby league,ski supernova racing,tracker,unicycle extratone trial,,,,,
,,,,,,,,,authorizing approving,bouldering,coin note,,,freestyle unicycling,,,,,,,mountain running,,,practical shooting,,rugby sensor,ski teleportation,tracking,unicycle fairy tale trial,,,,,
,,,,,,,,,auto racing,boule,coin tossing,,,french hall of fame,,,,,,,mountain unicycling,,,practicing rehearsing,,rugby seven,ski time travel,trackstand,unicycle fantasy trial,,,,,
,,,,,,,,,autocro,bow drill,coleo,,,french martial art,,,,,,,mountainboarding,,,pranking,,rugby union,ski touring,tractor pulling,unicycle farce trial,,,,,
,,,,,,,,,autocros,bowhunting,collapsing,,,french ring,,,,,,,mountaineering,,,precision sport,,rugby world cup,ski ultra,trademark copyright,unicycle fictional trial,,,,,
,,,,,,,,,axe throwing,bowl,college basketball hall of fame,,,frisbee,,,,,,,mountains classification,,,predella knapping,,rugger,ski universe creation,traditional sport,unicycle filter house trial,,,,,
,,,,,,,,,axle,bowl knapping,collet,,,frisbee golf,,,,,,,mounted archery,,,premier league,,ruining destroying,skiboarding,trail riding,unicycle flashcore trial,,,,,
,,,,,,,,,,bowling,colony cluster,,,fronteni,,,,,,,mounted shooting,,,presenting,,rule regulation,skibobbing,trail running,unicycle flatland,,,,,
,,,,,,,,,,boxing,color guard,,,frontflip,,,,,,,muay thai,,,preservation maintaining,,rumba,skiff rowing,trailed shadowed,unicycle flexing trial,,,,,
,,,,,,,,,,boxing sensor,combat archery,,,frontside 180,,,,,,,mug knapping,,,preserving conserving,,rummy,skiing,trailer racing,unicycle floss trial,,,,,
,,,,,,,,,,brace,combat search and rescue,,,frontside 360,,,,,,,multi,,,presidents cup,,runescape,skiing sensor,train spotting,unicycle folk dance trial,,,,,
,,,,,,,,,,braces and bit,combat sport,,,frontside shove-it,,,,,,,multifarious heterogeneou,,,pressing pushing,,running,skijoring,training,unicycle footwork trial,,,,,
,,,,,,,,,,brain teasing,combativity award,,,frug,,,,,,,multigp,,,prevalent common,,running man,skimboarding,training drilling,unicycle foxtrot trial,,,,,
,,,,,,,,,,brain thought,combine harvester racing,,,frustrating baffling,,,,,,,multihull rating,,,prevalent ubiquitou,,running sensor,skip-bo,training ship,unicycle freeform hardcore trial,,,,,
,,,,,,,,,,brank,combined,,,full-rigged ship,,,,,,,multisport,,,price value,,running woman,skipping,trampoline,unicycle freestyle,,,,,
,,,,,,,,,,brawlhalla,combined driving,,,fun entertainment,,,,,,,munro bagging,,,primary prime,,russian martial art,skittle,trampolining,unicycle freestyle trial,,,,,
,,,,,,,,,,brazilian jiu-jitsu,combined mixed,,,funding financing,,,,,,,museum,,,primeira liga,,russian pyramid,sky diving,tran,unicycle french house trial,,,,,
,,,,,,,,,,brazilian martial art,comforting consoling,,,fundraising,,,,,,,mushing,,,principal leading,,ryder cup,sky surfing,transat jacques vabre,unicycle frenchcore trial,,,,,
,,,,,,,,,,breakaway roping,coming going,,,fur farming,,,,,,,mushy,,,prioritizing ranking,,,skydiving,transcending rising,unicycle funk trial,,,,,
,,,,,,,,,,breakdancing,command directive,,,furtive sneaky,,,,,,,musical chair,,,prize money,,,skyrim,transfer fee,unicycle funky chicken trial,,,,,
,,,,,,,,,,breaking dividing,commanding ordering,,,futsal,,,,,,,muting quieting,,,pro football hall of fame,,,skyrunning,transferring moving,unicycle funky house trial,,,,,
,,,,,,,,,,breast drill,commentary,,,,,,,,,,muttering grumbling,,,pro mazda,,,sl33,transfiguring metamorphosing,unicycle future garage trial,,,,,
,,,,,,,,,,bridge,commission,,,,,,,,,,muzzle,,,pro14,,,slacklining,transpac,unicycle future house trial,,,,,
,,,,,,,,,,brig rig,commodore's cup,,,,,,,,,,muzzleloading,,,probability chance,,,slalom,trap ball,unicycle future life trial,,,,,
,,,,,,,,,,brigantine rig,common widespread,,,,,,,,,,mx2,,,processing computing,,,slalom skateboarding,trap shooting,unicycle future trial,,,,,
,,,,,,,,,,britannia,commonwealth game,,,,,,,,,,mxgp,,,procrastinating postponing,,,slam poetry,trapeze,unicycle futurepop trial,,,,,
,,,,,,,,,,british baseball,commuting,,,,,,,,,,myriad multitude,,,procuring sourcing,,,slamball,trapping,unicycle futurist hip hop trial,,,,,
,,,,,,,,,,british bulldog,competitive cheerleading,,,,,,,,,,mÃÂÃÂÃÂÃÂ£ÃÂÃÂÃÂÃÂ¶lkky,,,production,,,sled dog racing,travel,unicycle g-funk trial,,,,,
,,,,,,,,,,british sports hall of fame,competitive dancing,,,,,,,,,,,,,professional sport,,,sledding,tre flip,unicycle g-house trial,,,,,
,,,,,,,,,,brittle breakable,competitive diving,,,,,,,,,,,,,programming coding,,,sledge hockey,treacherous deceitful,unicycle gabber trial,,,,,
,,,,,,,,,,broadcasting,competitive eating,,,,,,,,,,,,,progress monitoring,,,slide,trebuchet,unicycle galactic trial,,,,,
,,,,,,,,,,bronc riding,competitive gaming,,,,,,,,,,,,,prolonging protracting,,,slingshot,tree climbing,unicycle gangnam style trial,,,,,
,,,,,,,,,,bronco riding,competitive kite flying,,,,,,,,,,,,,prone paddleboarding,,,sloop rig,trekking,unicycle gangsta rap trial,,,,,
,,,,,,,,,,broomball,competitive programming,,,,,,,,,,,,,propelling driving,,,slopestyle,tremendous great,unicycle gangsta walking trial,,,,,
,,,,,,,,,,bsb,competitive shooting,,,,,,,,,,,,,property asset,,,slot car racing,trial,unicycle ghetto house trial,,,,,
,,,,,,,,,,btcc,competitive sleeping,,,,,,,,,,,,,property nature,,,slowpitch,trial unicycling,unicycle ghost trial,,,,,
,,,,,,,,,,bubble football,competitive typing,,,,,,,,,,,,,propping upholding,,,smelly odorou,trialgp,unicycle gliding trial,,,,,
,,,,,,,,,,bucket regatta,complaining whining,,,,,,,,,,,,,prosthetic sensor,,,smite,trials riding,unicycle glitch hop trial,,,,,
,,,,,,,,,,buffing shining,composite rules shinty-hurling,,,,,,,,,,,,,protest marching,,,smooth,triathle,unicycle glitch trial,,,,,
,,,,,,,,,,buhurt,compressing squeezing,,,,,,,,,,,,,prototype,,,smothering suffocating,triathlon,unicycle goth trial,,,,,
,,,,,,,,,,buildering,conceding admitting,,,,,,,,,,,,,proximity flying,,,snap,trick shot,unicycle graphic novel trial,,,,,
,,,,,,,,,,bujinkan,concept forming,,,,,,,,,,,,,psa,,,sneezing sniffling,tricking,unicycle grime trial,,,,,
,,,,,,,,,,bull riding,concert,,,,,,,,,,,,,pso2,,,snooker,tricklining,unicycle halfpipe,,,,,
,,,,,,,,,,bullfighting,concert going,,,,,,,,,,,,,psychiatry,,,snooping spying,trigonometry calculating,unicycle halftime trial,,,,,
,,,,,,,,,,bullseye,condition term,,,,,,,,,,,,,psychology,,,snorkeling,trigonometry statistic,unicycle hallucination trial,,,,,
,,,,,,,,,,bump racing,confessing acknowledging,,,,,,,,,,,,,pub,,,snow baseball,trigpointing,unicycle happy hardcore trial,,,,,
,,,,,,,,,,bumpy,configuring arranging,,,,,,,,,,,,,pub crawling,,,snow golf,trinity triplet,unicycle hard dance trial,,,,,
,,,,,,,,,,bundesliga,confusing bewildering,,,,,,,,,,,,,pubg,,,snow rugby,trio triad,unicycle hard house trial,,,,,
,,,,,,,,,,bungee jumping,conga,,,,,,,,,,,,,pulverizing powdering,,,snow soccer,triple crown,unicycle hardcore hip hop trial,,,,,
,,,,,,,,,,bunny hop,conker,,,,,,,,,,,,,pump,,,snow volleyball,triple jump,unicycle hardcore trial,,,,,
,,,,,,,,,,bursary,conker playing,,,,,,,,,,,,,pump drill,,,snowball fight,triptych knapping,unicycle hardstyle trial,,,,,
,,,,,,,,,,bush hammer,conn smythe trophy,,,,,,,,,,,,,punditry,,,snowboard cros,trivial pursuit,unicycle hardvapour trial,,,,,
,,,,,,,,,,busking,conniving manipulating,,,,,,,,,,,,,punishment penalty,,,snowboarding,trophy truck,unicycle harlem shake trial,,,,,
,,,,,,,,,,butoh,conquering vanquishing,,,,,,,,,,,,,punt racing,,,snowboarding sensor,trotter,unicycle haunting trial,,,,,
,,,,,,,,,,butterfly,conservation practicing,,,,,,,,,,,,,puppetry,,,snowcro,troy,unicycle hauntology trial,,,,,
,,,,,,,,,,buzkashi,consolidating strengthening,,,,,,,,,,,,,purchasing buying,,,snowkiting,truck racing,unicycle heroic trial,,,,,
,,,,,,,,,,bvi spring regatta,conspiring colluding,,,,,,,,,,,,,pursued chased,,,snowmobile racing,truffle hunting,unicycle hindu hip hop trial,,,,,
,,,,,,,,,,,contemporary,,,,,,,,,,,,,pursuit,,,snowmobiling,trugo,unicycle hip hop dance trial,,,,,
,,,,,,,,,,,continent highpointing,,,,,,,,,,,,,pushing shoving,,,snowshoeing,trunnion,unicycle hip hop trial,,,,,
,,,,,,,,,,,contra dance,,,,,,,,,,,,,putrefying spoiling,,,soapbox derby,truth finding,unicycle hockey,,,,,
,,,,,,,,,,,contract,,,,,,,,,,,,,putt-putt,,,soaring,truth or dare,unicycle hokey pokey trial,,,,,
,,,,,,,,,,,contracting compressing,,,,,,,,,,,,,puzzling,,,soaring flying,trying testing,unicycle horrorcore trial,,,,,
,,,,,,,,,,,controlling dominating,,,,,,,,,,,,,pyx knapping,,,soca,tube,unicycle house dance trial,,,,,
,,,,,,,,,,,converting changing,,,,,,,,,,,,,pÃÂÃÂÃÂÃÂ£ÃÂÃÂÃÂÃÂ©tanque,,,soccer,tube ride,unicycle humanist hip hop trial,,,,,
,,,,,,,,,,,copy reproduction,,,,,,,,,,,,,,,,social media,tug of war,unicycle hyperversal trial,,,,,
,,,,,,,,,,,corinthian classic yacht regatta,,,,,,,,,,,,,,,,socio,tug-o-war,unicycle hyphy trial,,,,,
,,,,,,,,,,,cork,,,,,,,,,,,,,,,,sociology,tug-of-war,unicycle idm trial,,,,,
,,,,,,,,,,,corkball,,,,,,,,,,,,,,,,soda bottle knapping,tumbling,unicycle illusion trial,,,,,
,,,,,,,,,,,cornhole,,,,,,,,,,,,,,,,soft shoe,tumbling falling,unicycle imaginary trial,,,,,
,,,,,,,,,,,cornish wrestling,,,,,,,,,,,,,,,,soft tender,tunak tunak tun,unicycle imitation trial,,,,,
,,,,,,,,,,,corporate sport,,,,,,,,,,,,,,,,soft tenni,tuning fine-tuning,unicycle industrial hardcore trial,,,,,
,,,,,,,,,,,corrupted spoiled,,,,,,,,,,,,,,,,soft tip dart,turfing,unicycle industrial trial,,,,,
,,,,,,,,,,,cosmo,,,,,,,,,,,,,,,,softball,turkish oil wrestling,unicycle innovative trial,,,,,
,,,,,,,,,,,cotton eye joe,,,,,,,,,,,,,,,,software,turret,unicycle intelligent drum and bass trial,,,,,
,,,,,,,,,,,counseling guiding,,,,,,,,,,,,,,,,sole only,twinkling flashing,unicycle interstellar trial,,,,,
,,,,,,,,,,,counter-strike,,,,,,,,,,,,,,,,solheim cup,twirling,unicycle iron age hip hop trial,,,,,
,,,,,,,,,,,countless innumerable,,,,,,,,,,,,,,,,soling cla,twirling whirling,unicycle islamic hip hop trial,,,,,
,,,,,,,,,,,country highpointing,,,,,,,,,,,,,,,,solitaire,twist,unicycle jazz dance trial,,,,,
,,,,,,,,,,,county highpointing,,,,,,,,,,,,,,,,solitarire du figaro,tying binding,unicycle jazz rap trial,,,,,
,,,,,,,,,,,couple duo,,,,,,,,,,,,,,,,sonic,typing keying,unicycle jazzstep trial,,,,,
,,,,,,,,,,,coursing,,,,,,,,,,,,,,,,sonic the hedgehog,tyranny,unicycle jerk trial,,,,,
,,,,,,,,,,,court sport,,,,,,,,,,,,,,,,soup,,unicycle jerkin' trial,,,,,
,,,,,,,,,,,court tenni,,,,,,,,,,,,,,,,source verifying,,unicycle jersey club trial,,,,,
,,,,,,,,,,,coveted desired,,,,,,,,,,,,,,,,south african sports hall of fame,,unicycle jewish hip hop trial,,,,,
,,,,,,,,,,,cowboy action shooting,,,,,,,,,,,,,,,,southern cross cup,,unicycle jive trial,,,,,
,,,,,,,,,,,cowes week,,,,,,,,,,,,,,,,sovereign supreme,,unicycle jookin trial,,,,,
,,,,,,,,,,,coxed rowing,,,,,,,,,,,,,,,,space force,,unicycle jungle trial,,,,,
,,,,,,,,,,,coxless rowing,,,,,,,,,,,,,,,,space invader,,unicycle kizomba trial,,,,,
,,,,,,,,,,,crab claw rig,,,,,,,,,,,,,,,,spade,,unicycle krumping trial,,,,,
,,,,,,,,,,,crank drill,,,,,,,,,,,,,,,,spanish hall of fame,,unicycle lambada trial,,,,,
,,,,,,,,,,,craze trend,,,,,,,,,,,,,,,,spartan race,,unicycle lampoon trial,,,,,
,,,,,,,,,,,crazy eight,,,,,,,,,,,,,,,,spear fishing,,unicycle latin dance trial,,,,,
,,,,,,,,,,,crazy golf,,,,,,,,,,,,,,,,spearfishing,,unicycle legendary trial,,,,,
,,,,,,,,,,,creature animal,,,,,,,,,,,,,,,,special force,,unicycle limbo trial,,,,,
,,,,,,,,,,,creep,,,,,,,,,,,,,,,,special olympic,,unicycle liquid funk trial,,,,,
,,,,,,,,,,,cresta run,,,,,,,,,,,,,,,,special olympics,,unicycle litefeet trial,,,,,
,,,,,,,,,,,cricket,,,,,,,,,,,,,,,,spectator sport,,unicycle live-action film trial,,,,,
,,,,,,,,,,,cricket sensor,,,,,,,,,,,,,,,,speed climbing,,unicycle local championships trial,,,,,
,,,,,,,,,,,cricket test,,,,,,,,,,,,,,,,speed flying,,unicycle locking trial,,,,,
,,,,,,,,,,,cricket world cup,,,,,,,,,,,,,,,,speed golf,,unicycle lowercase trial,,,,,
,,,,,,,,,,,criterion measure,,,,,,,,,,,,,,,,speed pool,,unicycle macarena trial,,,,,
,,,,,,,,,,,criterium,,,,,,,,,,,,,,,,speed riding,,unicycle magical trial,,,,,
,,,,,,,,,,,critiquing reviewing,,,,,,,,,,,,,,,,speed sensor,,unicycle mallsoft trial,,,,,
,,,,,,,,,,,croquet,,,,,,,,,,,,,,,,speed skating,,unicycle mambo trial,,,,,
,,,,,,,,,,,cross country,,,,,,,,,,,,,,,,speed skating (roller),,unicycle manga trial,,,,,
,,,,,,,,,,,cross country running,,,,,,,,,,,,,,,,speed skiing,,unicycle marathon,,,,,
,,,,,,,,,,,cross country skiing,,,,,,,,,,,,,,,,speed walking,,unicycle martial industrial trial,,,,,
,,,,,,,,,,,cross golf,,,,,,,,,,,,,,,,speedball,,unicycle mashed potato trial,,,,,
,,,,,,,,,,,cross-country,,,,,,,,,,,,,,,,speedcubing,,unicycle medieval hip hop trial,,,,,
,,,,,,,,,,,cross-country mountain biking,,,,,,,,,,,,,,,,speedriding,,unicycle mediumship trial,,,,,
,,,,,,,,,,,cross-country rally,,,,,,,,,,,,,,,,speedway,,unicycle megaramp,,,,,
,,,,,,,,,,,cross-country running,,,,,,,,,,,,,,,,speedway gp,,unicycle melodic dubstep trial,,,,,
,,,,,,,,,,,cross-country skiing,,,,,,,,,,,,,,,,spelunking,,unicycle melodic house trial,,,,,
,,,,,,,,,,,crossbow,,,,,,,,,,,,,,,,spider solitaire,,unicycle memphis jookin trial,,,,,
,,,,,,,,,,,crosscountryskiing,,,,,,,,,,,,,,,,spikeball,,unicycle merengue trial,,,,,
,,,,,,,,,,,crossfit,,,,,,,,,,,,,,,,spilling,,unicycle metaversal trial,,,,,
,,,,,,,,,,,crossword,,,,,,,,,,,,,,,,spin,,unicycle miami bass trial,,,,,
,,,,,,,,,,,crossword puzzle,,,,,,,,,,,,,,,,spin the bottle,,unicycle microsound trial,,,,,
,,,,,,,,,,,crowd throng,,,,,,,,,,,,,,,,spindle,,unicycle mimicry trial,,,,,
,,,,,,,,,,,crown green bowl,,,,,,,,,,,,,,,,spinning,,unicycle minimal wave trial,,,,,
,,,,,,,,,,,crucial vital,,,,,,,,,,,,,,,,spire,,unicycle miniramp,,,,,
,,,,,,,,,,,cruising drifting,,,,,,,,,,,,,,,,spirit of tradition,,unicycle mirage trial,,,,,
,,,,,,,,,,,crusader king,,,,,,,,,,,,,,,,spirit soul,,unicycle modern dance trial,,,,,
,,,,,,,,,,,crushing grinding,,,,,,,,,,,,,,,,spirituality mysticism,,unicycle monkey trial,,,,,
,,,,,,,,,,,cryptocurrency,,,,,,,,,,,,,,,,splatoon,,unicycle moonwalk trial,,,,,
,,,,,,,,,,,cuju,,,,,,,,,,,,,,,,splendid gloriou,,unicycle motion comic trial,,,,,
,,,,,,,,,,,cumberland wrestling,,,,,,,,,,,,,,,,spongee,,unicycle mountain biking,,,,,
,,,,,,,,,,,cumbia,,,,,,,,,,,,,,,,sponsorship,,unicycle multiversal trial,,,,,
,,,,,,,,,,,cup knapping,,,,,,,,,,,,,,,,sport climbing,,unicycle mumble rap trial,,,,,
,,,,,,,,,,,cup stacking,,,,,,,,,,,,,,,,sport fishing,,unicycle muni,,,,,
,,,,,,,,,,,cuphead,,,,,,,,,,,,,,,,sporting clay,,unicycle musical trial,,,,,
,,,,,,,,,,,cupid shuffle,,,,,,,,,,,,,,,,sportive,,unicycle mystical trial,,,,,
,,,,,,,,,,,curing treating,,,,,,,,,,,,,,,,sports betting,,unicycle mythical trial,,,,,
,,,,,,,,,,,curious inquisitive,,,,,,,,,,,,,,,,sports car racing,,unicycle mÃÂÃÂÃÂÃÂ£ÃÂÃÂÃÂÃÂ¡kina trial,,,,,
,,,,,,,,,,,curl,,,,,,,,,,,,,,,,sports simulator,,unicycle nae nae trial,,,,,
,,,,,,,,,,,curling,,,,,,,,,,,,,,,,spread betting,,unicycle national championships trial,,,,,
,,,,,,,,,,,curtis cup,,,,,,,,,,,,,,,,springboard diving,,unicycle natural trial,,,,,
,,,,,,,,,,,custom habit,,,,,,,,,,,,,,,,sprinkler,,unicycle near-death trial,,,,,
,,,,,,,,,,,cutback,,,,,,,,,,,,,,,,sprint,,unicycle neoclassical trial,,,,,
,,,,,,,,,,,cutter rig,,,,,,,,,,,,,,,,sprint car racing,,unicycle neofolk trial,,,,,
,,,,,,,,,,,cutting,,,,,,,,,,,,,,,,sprint king,,unicycle neolithic hip hop trial,,,,,
,,,,,,,,,,,cv,,,,,,,,,,,,,,,,sprinting,,unicycle neurofunk trial,,,,,
,,,,,,,,,,,cybernetic sensor,,,,,,,,,,,,,,,,sprit sail,,unicycle new wave trial,,,,,
,,,,,,,,,,,cybersport,,,,,,,,,,,,,,,,square dance,,unicycle next-generation trial,,,,,
,,,,,,,,,,,cycle ball,,,,,,,,,,,,,,,,square rig,,unicycle nightmare trial,,,,,
,,,,,,,,,,,cycle polo,,,,,,,,,,,,,,,,squash,,unicycle nihilist hip hop trial,,,,,
,,,,,,,,,,,cycle speedway,,,,,,,,,,,,,,,,squash hardball,,unicycle noise trial,,,,,
,,,,,,,,,,,cycling,,,,,,,,,,,,,,,,squash tenni,,unicycle noisecore trial,,,,,
,,,,,,,,,,,cycling recycling,,,,,,,,,,,,,,,,squeezing pressing,,unicycle novelty rap trial,,,,,
,,,,,,,,,,,cycling sensor,,,,,,,,,,,,,,,,ssp300,,unicycle nu-disco trial,,,,,
,,,,,,,,,,,cycling track,,,,,,,,,,,,,,,,st. maarten heineken regatta,,unicycle observed trial,,,,,
,,,,,,,,,,,cyclo-cro,,,,,,,,,,,,,,,,stage race,,unicycle oldschool hardcore trial,,,,,
,,,,,,,,,,,cyclo-cros,,,,,,,,,,,,,,,,stair climbing,,unicycle oldschool jungle trial,,,,,
,,,,,,,,,,,cyclocro,,,,,,,,,,,,,,,,stalked harassed,,unicycle omniversal trial,,,,,
,,,,,,,,,,,cyclocros,,,,,,,,,,,,,,,,stall,,unicycle onkyokei trial,,,,,
,,,,,,,,,,,,,,,,,,,,,,,,,,,stalling hesitating,,unicycle opera trial,,,,,
,,,,,,,,,,,,,,,,,,,,,,,,,,,stance,,unicycle organic house trial,,,,,
,,,,,,,,,,,,,,,,,,,,,,,,,,,stand up paddleboarding,,unicycle out-of-body trial,,,,,
,,,,,,,,,,,,,,,,,,,,,,,,,,,stand-up comedy,,unicycle outerversal trial,,,,,
,,,,,,,,,,,,,,,,,,,,,,,,,,,stand-up paddleboarding,,unicycle outrun trial,,,,,
,,,,,,,,,,,,,,,,,,,,,,,,,,,standard benchmark,,unicycle pagan hip hop trial,,,,,
,,,,,,,,,,,,,,,,,,,,,,,,,,,standup paddleboarding,,unicycle paleolithic hip hop trial,,,,,
,,,,,,,,,,,,,,,,,,,,,,,,,,,stanley cup,,unicycle parallel life trial,,,,,
,,,,,,,,,,,,,,,,,,,,,,,,,,,staple,,unicycle paranormal trial,,,,,
,,,,,,,,,,,,,,,,,,,,,,,,,,,star cla,,unicycle park,,,,,
,,,,,,,,,,,,,,,,,,,,,,,,,,,star gazing,,unicycle parody trial,,,,,
,,,,,,,,,,,,,,,,,,,,,,,,,,,star wars: the old republic,,unicycle party dance trial,,,,,
,,,,,,,,,,,,,,,,,,,,,,,,,,,starcraft,,unicycle paso doble trial,,,,,
,,,,,,,,,,,,,,,,,,,,,,,,,,,state highpointing,,unicycle past life trial,,,,,
,,,,,,,,,,,,,,,,,,,,,,,,,,,stationary fixed,,unicycle performance trial,,,,,
,,,,,,,,,,,,,,,,,,,,,,,,,,,statistic,,unicycle phantom trial,,,,,
,,,,,,,,,,,,,,,,,,,,,,,,,,,statistics calculating,,unicycle philly club trial,,,,,
,,,,,,,,,,,,,,,,,,,,,,,,,,,stealthy silent,,unicycle phonk trial,,,,,
,,,,,,,,,,,,,,,,,,,,,,,,,,,steel pan,,unicycle plugg trial,,,,,
,,,,,,,,,,,,,,,,,,,,,,,,,,,steel tip dart,,unicycle plunderphonics trial,,,,,
,,,,,,,,,,,,,,,,,,,,,,,,,,,steeple,,unicycle podcast trial,,,,,
,,,,,,,,,,,,,,,,,,,,,,,,,,,steeplechase,,unicycle political hip hop trial,,,,,
,,,,,,,,,,,,,,,,,,,,,,,,,,,steeplechasing,,unicycle polo,,,,,
,,,,,,,,,,,,,,,,,,,,,,,,,,,steer wrestling,,unicycle poltergeist trial,,,,,
,,,,,,,,,,,,,,,,,,,,,,,,,,,steering guiding,,unicycle pool,,,,,
,,,,,,,,,,,,,,,,,,,,,,,,,,,stein knapping,,unicycle pop and lock trial,,,,,
,,,,,,,,,,,,,,,,,,,,,,,,,,,steinstossen,,unicycle popping trial,,,,,
,,,,,,,,,,,,,,,,,,,,,,,,,,,stellari,,unicycle possession trial,,,,,
,,,,,,,,,,,,,,,,,,,,,,,,,,,step aerobic,,unicycle post-dubstep trial,,,,,
,,,,,,,,,,,,,,,,,,,,,,,,,,,step dance,,unicycle post-punk trial,,,,,
,,,,,,,,,,,,,,,,,,,,,,,,,,,stepping,,unicycle power electronics trial,,,,,
,,,,,,,,,,,,,,,,,,,,,,,,,,,stick-and-ball sport,,unicycle precognitive trial,,,,,
,,,,,,,,,,,,,,,,,,,,,,,,,,,stickball,,unicycle prehistoric hip hop trial,,,,,
,,,,,,,,,,,,,,,,,,,,,,,,,,,stilt,,unicycle progressive house trial,,,,,
,,,,,,,,,,,,,,,,,,,,,,,,,,,stipulation specification,,unicycle psychedelic dance trial,,,,,
,,,,,,,,,,,,,,,,,,,,,,,,,,,stock,,unicycle psychic trial,,,,,
,,,,,,,,,,,,,,,,,,,,,,,,,,,stock car,,unicycle quarterpipe,,,,,
,,,,,,,,,,,,,,,,,,,,,,,,,,,stock car racing,,unicycle quickstep trial,,,,,
,,,,,,,,,,,,,,,,,,,,,,,,,,,stone put,,unicycle r&b trial,,,,,
,,,,,,,,,,,,,,,,,,,,,,,,,,,stone skipping,,unicycle racing,,,,,
,,,,,,,,,,,,,,,,,,,,,,,,,,,stoolball,,unicycle radio drama trial,,,,,
,,,,,,,,,,,,,,,,,,,,,,,,,,,storing keeping,,unicycle ragga jungle trial,,,,,
,,,,,,,,,,,,,,,,,,,,,,,,,,,storm chasing,,unicycle raggacore trial,,,,,
,,,,,,,,,,,,,,,,,,,,,,,,,,,storm surf,,unicycle rap trial,,,,,
,,,,,,,,,,,,,,,,,,,,,,,,,,,straight pool,,unicycle rastafarian hip hop trial,,,,,
,,,,,,,,,,,,,,,,,,,,,,,,,,,strangling choking,,unicycle rave dance trial,,,,,
,,,,,,,,,,,,,,,,,,,,,,,,,,,streaming,,unicycle regional championships trial,,,,,
,,,,,,,,,,,,,,,,,,,,,,,,,,,street bmx,,unicycle reincarnation trial,,,,,
,,,,,,,,,,,,,,,,,,,,,,,,,,,street dance,,unicycle religious dance trial,,,,,
,,,,,,,,,,,,,,,,,,,,,,,,,,,street fighter,,unicycle renaissance hip hop trial,,,,,
,,,,,,,,,,,,,,,,,,,,,,,,,,,street football,,unicycle replica trial,,,,,
,,,,,,,,,,,,,,,,,,,,,,,,,,,street hockey,,unicycle retrowave trial,,,,,
,,,,,,,,,,,,,,,,,,,,,,,,,,,street league,,unicycle riddim trial,,,,,
,,,,,,,,,,,,,,,,,,,,,,,,,,,street luge,,unicycle ritual dance trial,,,,,
,,,,,,,,,,,,,,,,,,,,,,,,,,,street performing,,unicycle road racing,,,,,
,,,,,,,,,,,,,,,,,,,,,,,,,,,street skateboarding,,unicycle robot trial,,,,,
,,,,,,,,,,,,,,,,,,,,,,,,,,,street soccer,,unicycle rococo hip hop trial,,,,,
,,,,,,,,,,,,,,,,,,,,,,,,,,,street trial,,unicycle rumba trial,,,,,
,,,,,,,,,,,,,,,,,,,,,,,,,,,strength sport,,unicycle sacred dance trial,,,,,
,,,,,,,,,,,,,,,,,,,,,,,,,,,stretching extending,,unicycle salsa trial,,,,,
,,,,,,,,,,,,,,,,,,,,,,,,,,,stride sensor,,unicycle samba trial,,,,,
,,,,,,,,,,,,,,,,,,,,,,,,,,,stroll,,unicycle satire trial,,,,,
,,,,,,,,,,,,,,,,,,,,,,,,,,,strolling,,unicycle school championships trial,,,,,
,,,,,,,,,,,,,,,,,,,,,,,,,,,strongman,,unicycle schranz trial,,,,,
,,,,,,,,,,,,,,,,,,,,,,,,,,,struggling striving,,unicycle sci-fi trial,,,,,
,,,,,,,,,,,,,,,,,,,,,,,,,,,stuck in the mud,,unicycle seapunk trial,,,,,
,,,,,,,,,,,,,,,,,,,,,,,,,,,study undertaking,,unicycle secular hip hop trial,,,,,
,,,,,,,,,,,,,,,,,,,,,,,,,,,stunt,,unicycle shamanic dance trial,,,,,
,,,,,,,,,,,,,,,,,,,,,,,,,,,stunt driving,,unicycle show trial,,,,,
,,,,,,,,,,,,,,,,,,,,,,,,,,,stunt flying,,unicycle shuffle trial,,,,,
,,,,,,,,,,,,,,,,,,,,,,,,,,,stunt performing,,unicycle signalwave trial,,,,,
,,,,,,,,,,,,,,,,,,,,,,,,,,,stunt riding,,unicycle sikh hip hop trial,,,,,
,,,,,,,,,,,,,,,,,,,,,,,,,,,style jumping,,unicycle slopestyle,,,,,
,,,,,,,,,,,,,,,,,,,,,,,,,,,style mode,,unicycle slushwave trial,,,,,
,,,,,,,,,,,,,,,,,,,,,,,,,,,subjugated enslaved,,unicycle snap trial,,,,,
,,,,,,,,,,,,,,,,,,,,,,,,,,,succeeding triumphing,,unicycle social dance trial,,,,,
,,,,,,,,,,,,,,,,,,,,,,,,,,,sudoku,,unicycle soul trial,,,,,
,,,,,,,,,,,,,,,,,,,,,,,,,,,suffering bearing,,unicycle soulful house trial,,,,,
,,,,,,,,,,,,,,,,,,,,,,,,,,,suggesting proposing,,unicycle soundcloud rap trial,,,,,
,,,,,,,,,,,,,,,,,,,,,,,,,,,summer biathlon,,unicycle specter trial,,,,,
,,,,,,,,,,,,,,,,,,,,,,,,,,,sumo,,unicycle speedcore trial,,,,,
,,,,,,,,,,,,,,,,,,,,,,,,,,,sumo robot,,unicycle spine,,,,,
,,,,,,,,,,,,,,,,,,,,,,,,,,,sun bathing,,unicycle spiritual dance trial,,,,,
,,,,,,,,,,,,,,,,,,,,,,,,,,,sundry variou,,unicycle spiritual trial,,,,,
,,,,,,,,,,,,,,,,,,,,,,,,,,,sup racing,,unicycle splittercore trial,,,,,
,,,,,,,,,,,,,,,,,,,,,,,,,,,super,,unicycle spoof trial,,,,,
,,,,,,,,,,,,,,,,,,,,,,,,,,,super bowl,,unicycle stage play trial,,,,,
,,,,,,,,,,,,,,,,,,,,,,,,,,,super mario,,unicycle state-of-the-art trial,,,,,
,,,,,,,,,,,,,,,,,,,,,,,,,,,super rugby,,unicycle storybook trial,,,,,
,,,,,,,,,,,,,,,,,,,,,,,,,,,super smash bro,,unicycle street,,,,,
,,,,,,,,,,,,,,,,,,,,,,,,,,,super-g,,unicycle street dance trial,,,,,
,,,,,,,,,,,,,,,,,,,,,,,,,,,superbike,,unicycle street trial,,,,,
,,,,,,,,,,,,,,,,,,,,,,,,,,,supercar,,unicycle superhuman trial,,,,,
,,,,,,,,,,,,,,,,,,,,,,,,,,,supercro,,unicycle supernatural trial,,,,,
,,,,,,,,,,,,,,,,,,,,,,,,,,,supercros,,unicycle suprematist hip hop trial,,,,,
,,,,,,,,,,,,,,,,,,,,,,,,,,,superenduro,,unicycle surrealist hip hop trial,,,,,
,,,,,,,,,,,,,,,,,,,,,,,,,,,superior excellent,,unicycle swing dance trial,,,,,
,,,,,,,,,,,,,,,,,,,,,,,,,,,supermoto,,unicycle synthpop trial,,,,,
,,,,,,,,,,,,,,,,,,,,,,,,,,,supersport,,unicycle synthpunk trial,,,,,
,,,,,,,,,,,,,,,,,,,,,,,,,,,superyacht cup,,unicycle synthwave trial,,,,,
,,,,,,,,,,,,,,,,,,,,,,,,,,,supplement,,unicycle tango trial,,,,,
,,,,,,,,,,,,,,,,,,,,,,,,,,,supplementary extra,,unicycle tap dance trial,,,,,
,,,,,,,,,,,,,,,,,,,,,,,,,,,supporting backing,,unicycle tech house trial,,,,,
,,,,,,,,,,,,,,,,,,,,,,,,,,,supporting upholding,,unicycle techstep trial,,,,,
,,,,,,,,,,,,,,,,,,,,,,,,,,,suppressing subduing,,unicycle telekinetic trial,,,,,
,,,,,,,,,,,,,,,,,,,,,,,,,,,surf boat rowing,,unicycle telepathic trial,,,,,
,,,,,,,,,,,,,,,,,,,,,,,,,,,surf lifesaving,,unicycle television series trial,,,,,
,,,,,,,,,,,,,,,,,,,,,,,,,,,surfboat rowing,,unicycle touring,,,,,
,,,,,,,,,,,,,,,,,,,,,,,,,,,surfing,,unicycle track racing,,,,,
,,,,,,,,,,,,,,,,,,,,,,,,,,,surfing sensor,,unicycle traditional dance trial,,,,,
,,,,,,,,,,,,,,,,,,,,,,,,,,,surfski,,unicycle trance dance trial,,,,,
,,,,,,,,,,,,,,,,,,,,,,,,,,,surging,,unicycle transcendental trial,,,,,
,,,,,,,,,,,,,,,,,,,,,,,,,,,surpassing exceeding,,unicycle trap metal trial,,,,,
,,,,,,,,,,,,,,,,,,,,,,,,,,,sustainability ensuring,,unicycle trap trial,,,,,
,,,,,,,,,,,,,,,,,,,,,,,,,,,sustaining maintaining,,unicycle travesty trial,,,,,
,,,,,,,,,,,,,,,,,,,,,,,,,,,swamp buggy racing,,unicycle trial,,,,,
,,,,,,,,,,,,,,,,,,,,,,,,,,,swamp soccer,,unicycle tribal house trial,,,,,
,,,,,,,,,,,,,,,,,,,,,,,,,,,swan boat racing,,unicycle tropical house trial,,,,,
,,,,,,,,,,,,,,,,,,,,,,,,,,,swarm pack,,unicycle turfing trial,,,,,
,,,,,,,,,,,,,,,,,,,,,,,,,,,swat,,unicycle tutting trial,,,,,
,,,,,,,,,,,,,,,,,,,,,,,,,,,swaying rocking,,unicycle twerk trial,,,,,
,,,,,,,,,,,,,,,,,,,,,,,,,,,sweep rowing,,unicycle twin trial,,,,,
,,,,,,,,,,,,,,,,,,,,,,,,,,,sweet sugary,,unicycle twist trial,,,,,
,,,,,,,,,,,,,,,,,,,,,,,,,,,sweetheart darling,,unicycle uk hardcore trial,,,,,
,,,,,,,,,,,,,,,,,,,,,,,,,,,swell,,unicycle ultramarathon,,,,,
,,,,,,,,,,,,,,,,,,,,,,,,,,,swim,,unicycle university championships trial,,,,,
,,,,,,,,,,,,,,,,,,,,,,,,,,,swim sensor,,unicycle urban trial,,,,,
,,,,,,,,,,,,,,,,,,,,,,,,,,,swimming,,unicycle utopian virtual trial,,,,,
,,,,,,,,,,,,,,,,,,,,,,,,,,,swimming sensor,,unicycle vaporwave trial,,,,,
,,,,,,,,,,,,,,,,,,,,,,,,,,,swimrun,,unicycle vert,,,,,
,,,,,,,,,,,,,,,,,,,,,,,,,,,swing,,unicycle viennese waltz trial,,,,,
,,,,,,,,,,,,,,,,,,,,,,,,,,,swing dance,,unicycle visionary dance trial,,,,,
,,,,,,,,,,,,,,,,,,,,,,,,,,,swinging swaying,,unicycle voguing trial,,,,,
,,,,,,,,,,,,,,,,,,,,,,,,,,,switch,,unicycle waacking trial,,,,,
,,,,,,,,,,,,,,,,,,,,,,,,,,,swooping,,unicycle waltz trial,,,,,
,,,,,,,,,,,,,,,,,,,,,,,,,,,sword dance,,unicycle wave trial,,,,,
,,,,,,,,,,,,,,,,,,,,,,,,,,,sword swallowing,,unicycle web series trial,,,,,
,,,,,,,,,,,,,,,,,,,,,,,,,,,swords of legend,,unicycle webcomic trial,,,,,
,,,,,,,,,,,,,,,,,,,,,,,,,,,swordsmanship,,unicycle webtoon trial,,,,,
,,,,,,,,,,,,,,,,,,,,,,,,,,,sydney hobart,,unicycle witch house trial,,,,,
,,,,,,,,,,,,,,,,,,,,,,,,,,,sydney to hobart,,unicycle wonky trial,,,,,
,,,,,,,,,,,,,,,,,,,,,,,,,,,symbol emblem,,unicycle world cup trial,,,,,
,,,,,,,,,,,,,,,,,,,,,,,,,,,synchronized diving,,unicycle ymca trial,,,,,
,,,,,,,,,,,,,,,,,,,,,,,,,,,synchronized skating,,unicycle zouk trial,,,,,
,,,,,,,,,,,,,,,,,,,,,,,,,,,synchronized swimming,,unicycling,,,,,
,,,,,,,,,,,,,,,,,,,,,,,,,,,synchronized trampoline,,unihockey,,,,,
,,,,,,,,,,,,,,,,,,,,,,,,,,,syrupy cloying,,unique singular,,,,,
,,,,,,,,,,,,,,,,,,,,,,,,,,,systema,,united rugby championship,,,,,
,,,,,,,,,,,,,,,,,,,,,,,,,,,systematizing ordering,,universiade,,,,,
,,,,,,,,,,,,,,,,,,,,,,,,,,,,,university sport,,,,,
,,,,,,,,,,,,,,,,,,,,,,,,,,,,,unlocking opening,,,,,
,,,,,,,,,,,,,,,,,,,,,,,,,,,,,uno,,,,,
,,,,,,,,,,,,,,,,,,,,,,,,,,,,,unreal tournament,,,,,
,,,,,,,,,,,,,,,,,,,,,,,,,,,,,unwell ailing,,,,,
,,,,,,,,,,,,,,,,,,,,,,,,,,,,,upcycling transforming,,,,,
,,,,,,,,,,,,,,,,,,,,,,,,,,,,,uploading downloading,,,,,
,,,,,,,,,,,,,,,,,,,,,,,,,,,,,uprising organizing,,,,,
,,,,,,,,,,,,,,,,,,,,,,,,,,,,,urban climbing,,,,,
,,,,,,,,,,,,,,,,,,,,,,,,,,,,,urban golf,,,,,
,,,,,,,,,,,,,,,,,,,,,,,,,,,,,urban search and rescue,,,,,
,,,,,,,,,,,,,,,,,,,,,,,,,,,,,us olympic hall of fame,,,,,
,,,,,,,,,,,,,,,,,,,,,,,,,,,,,us open,,,,,
,,,,,,,,,,,,,,,,,,,,,,,,,,,,,usf2000,,,,,
,,,,,,,,,,,,,,,,,,,,,,,,,,,,,utility cycling,,,,,
